Subject,Number,Name,Course unit(s):,Prerequisite(s):,Prerequisite or corequisite:,Description,Open to
ACT,101,Financial Accounting,1,ECN 101 Principles of Macroeconomics or ECN 102 Principles of Microeconomics or BUS 101 Business and Society .,,The course will provide the student with a fundamental understanding of accounting as a means for decision making by integrating preparation of financial information and written reports for a variety of users with case discussions and oral presentations. Students will participate in analysis of a company using financial data. Further analysis of the industry with interfirm comparisons will be done in teams.,
ACT,201,Accounting Information Systems,1,ACT 101 Financial Accounting with a grade of 'C' or better required. 'B' or better recommended. Sophomore status or permission of the instructor is also required.,,"This course will build a broad knowledge of the principles, concepts, and internal controls that support accounting information systems. The identification, collection, processing, analysis, interpretation, and communication of the accounting information needs and requirements of an organization will be examined in relationship to the roles accountants play as designers, users, evaluators, and controllers of those systems. Accounting software, the Internet, databases, and spreadsheets will be used as vehicles for analysis and problem solving. Integrated into the course will be current issues such as electronic commerce, data security, data warehousing, and enterprise resource planning systems.",
ACT,224,Cost/Managerial Accounting,1,"ACT 101 - Financial Accounting. ACT 320, 321 - Intermediate Accounting I is recommended.",,"A study of cost and managerial concepts and their application to the planning and control of manufacturing and service firms. Topics include accounting for the production process (job order, process, standard, and activity based costing); performance and productivity measurement (profit planning, variance analysis, and responsibility accounting); and revenue and cost analysis for decision making (cost estimation, C-V-P analysis, and differential cost analysis).",
ACT,"320, 321",Intermediate Accounting I,1,ACT 101 Financial Accounting with a grade of 'C' or better required. 'B' or better recommended. Sophomore status or permission of the instructor is also required.,,"Theoretical bases for accounting practices are explored along with a detailed analysis of the financial statements and accounting principles for valuing assets. Topics include the conceptual framework of accounting, balance sheets, income statements, statements of cash flow, current and long-term assets, and International Financial Reporting Standards. Students will continue to use computers as a tool for preparation, analysis, and presentation of financial data.",
ACT,"322, 323",Intermediate Accounting II,1,"ACT 320, 321 - Intermediate Accounting I with a grade of 'C' or better required. 'B' or better recommended. ACT 201 Accounting Information Systems must also be completed or enrolled concurrently.",,"Theoretical bases of accounting practices continue to be explored as students learn valuation and reporting techniques for current and long-term liabilities, stockholders' equity, income taxes, post-employment benefits, and leases. Emphasis is placed on accounting practices for large corporations, such as earnings per share and SEC reporting, as well as International Financial Reporting Standards.",
ACT,326,Concepts of Federal Taxation,1,"ACT 320, 321 - Intermediate Accounting I",,"An analysis of income tax fundamentals focusing on the development of tax concepts, tax planning, the Internal Revenue Code, and rulings and decisions interpreting the code. Topics covered will include tax issues, reporting requirements, required treatments, and recent developments in taxation.",
ACT,330,Advanced Accounting,1,"ACT 322, 323 - Intermediate Accounting II .",,"This course will introduce corporate consolidations and mergers and show the procedure needed to prepare and present the financial statements of the consolidated entity. Partnership accounting, especially dissolution and liquidation, and accounting for government and non-profit organizations will be covered as well as international accounting issues.",
ACT,334,Fraud Examination,1,"ACT 320, 321 - Intermediate Accounting I",,"This course helps students understand and apply the theory, terminology, and analytical techniques that are used in the investigation of financial crimes. Topics include the nature of fraud, theories of fraud, current research related to fraud, criminal statutes related to financial crimes, forensic accounting procedures, fraud examination methodology, investigative techniques used in solving financial crimes, interviewing, rules of evidence, sources of information, use of technology to detect and prevent fraud, and current issues in financial investigations. Experiential learning activities used in resolving financial crimes will be used.",
ACT,490,CUE: Auditing & Assurance Services,1,"ACT 322, 323 - Intermediate Accounting II",,"This course is the Culminating Undergraduate Experience in accounting. As such, it integrates concepts and skills from earlier coursework in the major and focuses on the theory, environment, and practice of auditing and assurance services as performed primarily by public accountants, but also by internal auditors. Topics include audit planning and risk assessment, including evaluation of internal controls; collection, analysis and evaluation of audit evidence; auditing procedures, tests, and documentation, including sampling techniques; required disclosures and reports; professional standards and ethics; legal obligations of auditors; and corporate governance. Students will also analyze auditing situations through case studies, which utilize a broad base of knowledge and will culminate in both written reports and oral presentations.",
ACT,960,Accounting Internship,1,,,"Under close faculty supervision, students will be placed in internship positions with local business and other related organizations in order to gain experience in the application of theories and concepts learned in the classroom. Students will be required to document their experiences in a written journal, to share their experiences with others in a classroom setting, and to prepare a significant term paper or project report and oral presentation.",Open to junior and senior majors or minors in good academic standing.
ACT,970,Accounting Independent Study/Research,,,,Each independent study/research course is to be designed in consultation with a faculty sponsor.,
AFS,101,Introduction to Africana Studies,1,,,"What is the history of the creation of Blackness and related racial hierarchies that marginalize Black communities? How have Black populations responded to the formation of those hierarchies? How have these hierarchies informed the lived realities of Black people in the United States and across the globe? How have these issues been addressed in higher education? Africana Studies is a scholarly field that answers these questions and many more by interrogating the role of race – and, in particular, Blackness and whiteness – in the structuring of society, identity, culture, power, and history. We will approach our exploration of Africana Studies through an interdisciplinary framework that consists of historical documents, poetry, literary essays, memoir and novel excerpts, short stories, current event pieces, documentary segments, historical and contemporary interview footage, and more. We will begin with the 18th century and move through to our current moment. On our journey to today, we will cover topics as varied as the impact of the public work of Frederick Douglass and the private work of his wife, Anna Murray Douglass; the community activism of the Black Panther Party; natural hair movements across the globe; and the Black Lives Matter Movement. We will conclude by examining the ever-urgent project(s) of Africana Studies today, as we live within the reverberations of centuries of violent anti-Blackness and the vibrant Black traditions of resistance, resilience, and joy formed in spite of, and in the midst of, that violence. While we only have one semester to unpack the legacies of centuries, by the end of our time together, you will be able to explain the significance of Africana Studies; the powerful ways it intertwines scholarship and activism; all that it reveals to us about the world from which we came; and, ultimately, all that it can teach us about the world we hope to build.",
AFS,970,Africana Studies Independent Study/Research,,,,Each independent study/research course is to be designed in consultation with a faculty sponsor.,
AMS,101,Introduction to American Studies,1,,,"This course will provide an introductory exposure to the study of American culture through the interdisciplinary methods of American Studies. It will examine a particular topic concerning American cultural and social formations from a specific set of disciplinary perspectives that will change from semester to semester, depending on the instructor's scholarly orientations. Topics for Introduction to American Studies in different semesters would include, for example, ""Representations of the American City"", ""American Cultural Landscapes"", ""The Romance of Nature in America"", ""Performing Class in America"", ""Americans Abroad"", ""The Veteran in American Film and Literature"", and ""Immigration in the Twentieth Century"". The common methodology will be, first, the focus on American cultural and social formations and, second, the deployment of at least two different disciplinary perspectives that will supplement as well as complement each other in the process of framing critical investigation of the topic. Pluralizing the perspective of study is intended not only to intensify the engagement with the given topic but to emphasize that identifications of America and of American national culture are contested and changeful. The introductory course will give students the opportunity to become familiar with influential theories in the development of the field that will help prepare them for more advanced course work in American Studies in addition to offering them the chance to investigate the particular topic at issue. The course will be required for majors in American Studies and open to all students.",
AMS,970,American Studies Independent Study/Research,,,,Each independent study/research course is to be designed in consultation with a faculty sponsor.,
ARC,101,Elementary Arabic I,1,,,An introduction to basic grammar and vocabulary as well as communication skills in Arabic within its cultural contexts. Students will use a variety of authentic text and media resources to acquire and enhance linguistic skills. The first semester is designed for students with no knowledge of or with a weak background in Arabic. The second semester is for students with limited previous exposure to Arabic. Assignment by placement test.,
ARC,102,Elementary Arabic II,1,,,An introduction to basic grammar and vocabulary as well as communication skills in Arabic within its cultural contexts. Students will use a variety of authentic text and media resources to acquire and enhance linguistic skills. The first semester is designed for students with no knowledge of or with a weak background in Arabic. The second semester is for students with limited previous exposure to Arabic. Assignment by placement test.,
ARH,101,Art Histories: An Introduction,1,,,"This lecture course introduces students to art history as a global and interdisciplinary field. Students will develop the skills and vocabulary of formal and contextual analysis to think and write about art from critical and analytical perspectives. The course will be organized around three key themes, organized roughly chronologically: Global Ancient Art, Empire Building & Image Making, and Experimentation & the Negotiation of Traditions. Particular attention will be paid to examining art history as a discipline and developing skills to look critically at works of art from various world cultures and their contextual interpretations.",
ARH,102,Introduction to the Art of Europe,1,,,"A survey of the major works of architecture, painting, and sculpture of Europe from the classical period to the modern era. Elements of style and the relationship of the work of art to its historical era are stressed.",
ARH,103,Introduction to the Art of the Americas,1,,,A survey of the major works of art and architecture in the Americas from the earliest civilizations to the modern era. Elements of style and the relationship of the work of art to its historical era are stressed.,
ARH,104,Introduction to the Art of Africa,1,,,A survey of the major works of art and architecture in Africa from the earliest civilizations to the modern era. Elements of style and the relationship of the work of art to its historical era are stressed.,
ARH,105,Introduction to the Art of Asia,1,,,A survey of the major works of art and architecture in Asia from the earliest civilizations to the modern era. Elements of style and the relationship of the work of art to its historical era are stressed.,
ARH,120,Gender and Art,1,,,"Gender is shaped by and shapes artistic practices, modes of representation, art institutions, critical language, and historical research. This course examines how gender has been represented and explored in painting, sculpture, photography, and performance by artists from the late 19th century to the present. We will investigate what representations of gender in art—and its intersections with the effects of race, sexuality, and disability—can tell us about history and culture.",
ARH,201,Ancient Art,1,,,"A survey of Aegean, Greek, and Etruscan art. An analysis of stylistic modes and thematic concerns and their relationship to historical and cultural contexts.",
ARH,205,Modern Architecture,1,,,"A survey of architectural history from the eclectic historicism of the late Victorian period to the present in America and Europe; an analysis of style, materials, and the philosophy underlying the development of modern architecture.",
ARH,"207, 208",Baroque Art,1,Any ARH course when offered as a W,,"A survey of painting, sculpture, and architecture from 1580 to 1680; an analysis of stylistic modes and their relationship to historical and cultural contexts.",
ARH,"209, 210",Nineteenth Century Art,1,Any ARH course when offered as a W,,"A survey of European painting from 1780 to 1880. Emphasis is placed on the development of Neo-Classicism, Romanticism, Realism, and Impressionism, stylistically and in relation to their cultural and historical contexts.",
ARH,"211, 212",Art of the United States,1,Any ARH course when offered as a W,,"A survey of painting, sculpture, and architecture of the United States from pre-Revolutionary times to the early twentieth century. Art and architecture created by a diverse range of Americans will be considered. An analysis of style and subject matter, it considers the imagery from cultural, historical, political, and social perspectives.",
ARH,"215, 216",British Art,1,Any ARH course when offered as a W,,"A selective survey of painting and graphic art focusing on a limited chronological period between the Medieval and the modern eras. An analysis of style and subject matter, it considers the imagery from cultural, historical, political, and social perspectives.",
ARH,218,Modern Art,1,Any ARH course,,"A survey of painting and sculpture in Europe and America from 1880 to the present. The evolution of style is examined in context of social, historical, and cultural issues.",
ARH,222,Contemporary Art,1,ARH 101 Art Histories: An Introduction or ARH 102 Introduction to the Art of Europe.,,"A survey of painting, sculpture, and new media from 1989 to the present. New approaches to art production and exhibition are analyzed in relation to social, political, and cultural contexts.",
ARH,"223, 224",African American Art,1,Any ARH course when offered as a W,,"This course surveys art produced by African Americans from the late eighteenth century to the present. The historical, political, and social conditions that shaped art production by African Americans are investigated, from slavery through the Great Migration, and the Black Power Movement to postmodernism. Themes to consider include problems of representation, including racial stereotypes, primitivism, and the audience. This course moves African American art and artists from the art historical margins to the center to account for the way race influences art's production and reception.",
ARH,227,"Museums: Art, Politics, and Ethics",1,,,"The course will establish a historical, theoretical, and practical context for the study of museums as institutions in terms of cultural relevance, educational significance, and financial accountability and sustainability. Museums reflect current cultural concerns. Case studies will consider historical precedent, cultural expression, administrative control, curatorial prerogative, educational theory, and community identity.",
ARH,230,History of Photography,1,,,"A survey of photography from its invention to the present. The development of a photographic aesthetic, technical advances, and the relationship between photography and the other visual arts will be considered.",
ARH,232,Global Renaissance,1,,,"This course will examine artistic production in Europe, Asia, Africa, the Middle East, and the Americas from 1400-1700, focusing on visual and material culture that was the result of cross-cultural exchange. The course shifts the narrative of the Renaissance away from a Eurocentric discourse towards an examination of visual encounters born from an increasingly interconnected global network. The course will be organized thematically around a series of case studies that explore a diverse array of artworks, including prints, decorative arts, portraits, landscape paintings, botanical illustrations, manuscripts, and maps.",
ARH,301,Italian Renaissance Art,1,,,"Survey of painting, sculpture, and architecture of Italy from the time of Giotto to the death of Michelangelo; an analysis of stylistic modes and thematic concerns in relation to historical and cultural contexts.",
ARH,490,CUE: Methods of Art History,1,ARH 101 Art Histories: An Introduction and (ARH 102 Introduction to the Art of Europe or ARH 103 Introduction to the Art of the Americas or ARH 104 Introduction to the Art of Africa),,"This course surveys art historical methodologies and culminates with an independent research project. It reinforces what advanced art history students have learned about the key practices and methods used in the study of the visual arts and encourages them to think about how such varying approaches have shaped the discipline itself. Students will conduct research on an object or topic of their choice, using disciplinary tools (visual and textual analysis) in accordance with a methodology that offers a productive interpretive framework for their selection.",Open to senior Art History majors and minors only.
ARH,960,Art History Internship,,,,Art history majors may undertake an internship in museum or gallery studies.,
ARH,970,Art History Independent Study/Research,,,,Each independent study/research course is to be designed in consultation with a faculty sponsor.,
ARS,102,Mixed Media Drawing,1,,,"In Mixed Media Drawing, students will learn drawing fundamentals alongside developing creative expression through mixed media. Students will learn art fundamentals such as drawing from observation, color, and composition through step-by-step instruction. Students will be introduced to mixed media techniques to provide a playful and creative approach to creating art on paper. Mixed media might include: color pencil, watercolor, collage/printmaking, and photo transfer. The specific choice of materials will be determined by the instructor. The course will introduce students to the creative use of a personal sketchbook and to contemporary artists who create a wide range of work on paper. This course is designed as a broad introduction to studio art with a focus on drawing. No prior experience in art is needed. This course also prepares studio majors and minors for upper level studio courses in a range of areas. Students who have already taken Drawing I or Drawing from Nature should consider a different course to avoid redundancy.",
ARS,103,Drawing I,1,,,"An introduction to problems in visual perception and delineation of pictorial fundamentals, incorporating traditional and non-traditional drawing media. Students examine various theoretical perspectives. Work from the still life and the human figure will be emphasized. Students who have already taken Drawing from Nature or Mixed Media Drawing should consider a different course to avoid redundancy.",
ARS,104,Sculpture I,1,,,"An introduction to the development of awareness and control of the basic elements of three-dimensional material manipulation. Hands-on projects will emphasize issues of the object, the maker, the viewer, and navigating our surroundings in the development of a personal visual vocabulary.",
ARS,107,Introduction to Analog Photography,1,,,"This course is an introduction to the fundamentals of black and white photography. Students will gain a technical understanding of the 35mm SLR Camera, exposure, and development as primary tools for conveying meaning. This course is divided into lab days and critique days. During lab days, students will learn fundamental tools and techniques of the darkroom. Critiques will strengthen students' abilities to critically describe and interpret photographs. Emphasis is placed on developing personal vision. Students must use a 35 mm camera, and there are a limited number of cameras available for checkout via the department.",
ARS,109,Digital Foundations,1,,,"This course will provide students with a practical and conceptual foundation in the formal elements that underlie all visual art, within a fully digital imaging environment. We will apply the principles of visual organization as they relate to both decorative and illusionary space. Utilizing the latest Adobe CS software, students will become conversant with the elements of shape, line, value, texture, and color. They will make art in response to assigned exercises, as well as in response to their own imaginative resources. Media may include digital electronic display of still or moving images, digital print media, and hybrid forms. Students will be introduced to the history of foundation design, will build a working vocabulary of art terms, and participate in class critiques.",
ARS,110,Printmaking I,1,,,"Printmaking is the process of transferring an image from one surface to another in order to create multiple copies. From the invention of the printed book to a simple rubber stamp, printmaking has had an impact on daily life. In this course we will focus on socially engaged printmaking that uses images to reach a wide audience. We will look at historic and contemporary examples of the power of print from protest posters to street art. Students will create posters, zines, and print installations using printmaking techniques. Students will learn about appropriation art and copyright. Students will then transform these images onto blocks and screens to produce prints. This course teaches skills from the ground up- no prior art experience is expected.",
ARS,111,Printmaking & the Book,1,,,"In this hands-on studio course students create their own artists' book through printmaking processes. Artists' books are art objects that reference traditional book forms. We will begin with relief, the oldest form of printmaking. Students will carve images into a block and then transfer the image using ink and pressure, much like a rubber stamp. We will then explore other printmaking techniques which developed alongside the printed book and hybrid processes that blend digital technology with hand printing. Through collage and layering of printed materials students will respond to themes discussed in the other class including censorship and the politics of print. Each student will gain an understanding of the technical processes and the visual language and possibilities of working with the multiple. Students examine historical approaches and context while exploring contemporary modes of expression.",
ARS,113,Drawing from Nature,1,,,"Referring exclusively to a series of natural objects, including mineral, plant, animal, and human specimens, the course includes a variety of media and aims to develop both analytic and expressive skills of drawing. It focuses on the studio experience but includes the study of significant historical examples of drawing from nature. Work from natural forms, including the human figure, is emphasized. Students who have already taken Drawing I or Mixed Media Drawing should consider a different course to avoid redundancy.",
ARS,115,Introduction to Digital Photography,1,,,"This course is an introduction to the fundamentals of photography using digital tools. Students will gain a technical understanding of exposure, the tools of image processing, and output methods as primary tools for conveying meaning. Photographic assignments and projects are grounded by the study of historical and contemporary photographic practice and practitioners, which encourage students to visualize their work in a broader context. Critiques will strengthen students' abilities to critically describe and interpret photographs. Students are required to use a digital camera with manual settings capable of RAW capture. If you do not have a suitable digital camera, there are a limited number of cameras available for checkout from the department.",
ARS,120,Painting I,1,,,"An introduction to the problems of line, form, color, texture, and space in the painting medium. Varied levels of ability and interests are given consideration on an individual basis.",
ARS,201,Sound Art,1,,,"An exploration of sound sculpture, environmental sound, room harmonics, and field recordings. No previous experience required, just an interest in experimenting and a curiosity about the sonic world. We will build sound producing sculptures, record and manipulate sound, play with circuits, and map the audible environment.",
ARS,202,Mixed Media: Intermediate Painting and Drawing,1,Any 100-level ARS course,,"Mixed Media 2 is preparation for independent artistic research. A continued study of drawing, painting or other media emphasizing composition, content, material and techniques within the context of project development and thematic as well as conceptual investigation.",
ARS,203,Drawing II,1,ARS 103 Drawing I or ARS 113 Drawing from Nature.,,"Students continue with a broad range of compositional problems, subject matter, and life drawing, allowing the exploration of expressive potential of drawing in a variety of media within the context of individual self-lead project development.",
ARS,204,Sculpture II,1,Any 100-level ARS course,,A continued study of three-dimensional art forms with an emphasis on material and techniques within the context of individual projects and investigations.,
ARS,207,Intermediate Analog Photography,1,ARS 107 Introduction to Analog Photography or ARS 115 Introduction to Digital Photography.,,"This course concentrates on classic darkroom-based photographic practice; 35mm and medium format cameras are used. Advanced darkroom skills are emphasized, including controlled film development, large format fiber-based printing, toning, and professional mounting techniques. Students refine and focus their intentions through the study of important practitioners and the development of personal projects.",
ARS,212,Japanese Woodblock Printing,1,,Any 100-level ARS course or permission of the instructoror permission of the instructor,"In Japanese Woodblock Printmaking , students will learn the technique of Japanese woodblock printing, or mokuhanga. Mokuhanga uses watercolors in place of oil-based ink to create prints with floating, transparent colors. This is one of the few printmaking techniques that is truly portable, non-toxic, and fully water based. Students will learn the technique from the ground up, from sharpening tools and transferring an image, to carving and inking. We will also talk about the history of the medium, looking both at the invention of printmaking and paper in Asia, the history of printmaking in Japan, and contemporary mokuhanga in a global context. For example, students will learn how Hokusai's print, the Great Wave, was made; consider early forms of manga; and discuss the influence of Japanese prints on Impressionism. Students will take inspiration from a wide range of contemporary artists to create their own woodblock prints. Students will develop a set of images focused on a concept of their choosing across the course of the semester. This course is suitable for students who have taken any 100 level ARS course. No prior printmaking experience is needed!",
ARS,214,Screenprint,1,Any 100-level ARS course or permission of the instructor,,"Screenprint is the technique of printing on paper, fabric, and many other surfaces using a mesh screen and stencils. In this course students will experiment with a wide variety of techniques to make work ranging from crisp computer-generated graphics to images developed through painterly layers of color. Students will take inspiration from a wide range of contemporary artists to create their own prints. We will discuss the history of the medium, from pop art to new ecologically friendly practices. Students will develop their conceptual interests through a connected series of images, while acquiring significant skill in the medium. This course is suitable for students who have taken any 100 level ARS course. No prior printmaking experience is needed!",
ARS,215,Intermediate Digital Photography,1,ARS 107 Introduction to Analog Photography or ARS 115 Introduction to Digital Photography.,,"Continued study of photography in the digital environment. The course will emphasize greater technical control of the medium, with an emphasis on studio work, artificial lighting, advanced digital processing and manipulation, and large format printing. Students will refine and focus their intentions through the study of practitioners of the medium and the development of personal projects.",
ARS,217,Intermediate Photography: Materials Output Presentation,1,ARS 107 Introduction to Analog Photography or ARS 115 Introduction to Digital Photography,,"In contemporary art practice, photography is mined for its ability to convey, manipulate, perform, witness, narrate, evidentiate, and transform. Photographic processes are a starting point to create works that expand traditional notions of the print. In this successive course to Introduction to Photography (Digital or Analog), students will experiment with material, output methods, and modes of presentation as unique strategies to convey their ideas. Installations, conceptual projects, projections, public-sited works, websites, video, slide shows, and artists' books are all potential explorations for this course. Students are encouraged to embrace creative risk as they respond to conceptual challenges, exploring the possibilities of the medium and refining their craft. This is a studio-based course and will be supplemented by readings, discussion, and artist presentations. Students are required to use a camera with manual settings. If you do not have a suitable camera, there are cameras available for checkout.",
ARS,219,Intermediate Photography: Studio and Light,1,ARS 107 Introduction to Analog Photography or ARS 115 Introduction to Digital Photography,,"As a successive course to Introduction to Photography (Digital or Analog), this course is designed to expand on technical and creative concepts to deepen personal projects. With an emphasis on technical lighting tools, students will develop proficiency in seeing, shaping and controlling light using strobe lights and modifiers. In-studio capture will be supplemented with instruction in intermediate digital processing and large format printing. Combining technical skills set with a series of idea-based and aesthetic prompts supports students in refining their craft to support their personal vision. This is a studio-based course and will be supplemented by readings, discussion, and artist presentations. Students are required to use a camera with manual settings. If you do not have a suitable camera, there are cameras available for checkout.",
ARS,220,Painting II,1,ARS 120 Painting I.,,A continued experience in oil painting or other media with an emphasis on composition and content.,
ARS,234,Figure Studio,1,Any 100 level studio course or permission of the instructor.,,"The work of the course will consist of an intensive/extensive study of the human figure from a live model. The consequences of compositional choices will be fully explored using a variety of media in both 2D and 3D structures. There will be an examination of art historical concepts of the human figure and art historical settings of the figure. The course will be conducted as an atelier, in which the instructor will work alongside the students. In this method instruction and interactions are based on mutual and individual discoveries. There will be outside projects and a weekly critique/seminar.",
ARS,240,Field Studio,1,Any 100 level ARS course or any production class in Film Studies or Media and Communication.,,"This course provides an opportunity for an intense living-working studio experience in a field setting. The course will be situated in an off-campus location, either within the US or abroad, depending on the focus of the class. Preparatory work will include study of the geography and culture of the location, including historical and contemporary art practice. Work will be possible in any medium, depending on the background of students enrolled in the class. Enrollment by permission of instructor.",
ARS,302,Mixed Media: Advanced Painting and Drawing,1,Any 200 level ARS course,,"Mixed Media 3 is the further development of independent artistic research with focus on preparation for the CUE and the job of an artist. An advanced studio course in a variety of media focusing on the refinement of concepts, materials, and techniques. Emphasis will be placed on developing a personal artistic language through self-lead project development and investigation.",
ARS,303,Drawing III,1,ARS 203 Drawing II.,,An advanced course in drawing designed to fulfill the need for personalized expression.,
ARS,304,Sculpture III,1,Any 200 level ARS course,,"An advanced course focusing on the refinement of concepts, materials, and techniques. Emphasis will be placed on individual development.",
ARS,305,Junior Studio Seminar: Exhibition Preparation and Curation,1,Any 200-level Studio Art course.  Open to Art Majors and Art Minors with permission of faculty.,,"Working in any medium or combination of media, students develop an independent body of work. The focus of the course is on conceptual development and visual exploration through developing a body of work. This course meets together with students enrolled in ARS 405 Senior Studio Seminar: Thesis Exhibition. Juniors and seniors will work alongside one another and engage in class discussion and group critiques, which will form the basis for evaluation. In addition, junior students will help prepare the Senior Thesis Art Exhibition in the Martin Art Gallery. Students in this class will assist the graduating seniors with curation, promotion, preparation for hanging, installation and lighting. This course prepares studio art majors for junior review, senior year expectations and professional art promotion. It provides minors with an opportunity to develop an independent body of work and be introduced to professional practice relevant to creative fields.",
ARS,307,Advanced Photography,1,ARS 207 Intermediate Analog Photography or ARS 215 Intermediate Digital Photography.,,An advanced course emphasizing a semester-length independent project that combines research of precedents with personal exploration of a photographically-based theme. Both analog and digital media may be used.,
ARS,310,Printmaking III,1,Any 200 level studio course,,An advanced course in printmaking techniques. This course meets together with either ARS 212 Japanese Woodblock Printmaking or ARS 214 Screenprint. Students will develop editioned colored images which utilize multiple color registration and explore one type of printmaking of their choice as an area of concentration. Students may also choose to learn techniques alongside the 200 level course with which it meets.,
ARS,317,Advanced Photography: Materials Output Presentation,1,ARS 219 Intermediate Photography: Studio and Light or ARS 217 Intermediate Photography: Materials Output Presentation,,"Advanced Photography supplements the skills and photographic approaches introduced in Intermediate Photography: Studio and Light. This course is designed to support technical growth while students work on a semester-long independently driven project. The emphasis of this course is to refine personal vision and gain the skills to create work independently. Students will propose and develop a semester-long project through critical, studio-based research, iteration, and material experimentation. Students can work with any lens-based process, and they may also work incorporating interdisciplinary methods.",
ARS,319,Advanced Photography: Studio and Light,1,ARS 217 Intermediate Photography: Materials Output Presentation or ARS 219 Intermediate Photography: Studio and Light,,"Advanced Photography supplements skills and photographic approaches introduced in Intermediate Photography: Materials, Output, and Presentation. This course is designed to support technical growth while students work on a semester-long independently driven project. The emphasis of this course is to refine personal vision and gain the skills to create work independently. Students will propose and develop a semester-long project through critical, studio-based research, iteration, and material experimentation. Students can work with any lens-based process, and they may also work incorporating interdisciplinary methods.",
ARS,320,Painting III,1,ARS 220 Painting II.,,An advanced studio course in a variety of media with an emphasis on the development of a personal expression.,
ARS,401,CUE: Senior Studio Seminar: Portfolio Development,1,Any 300 level ARS course.,,"Students focus on understanding and articulating their own interests and vision through research, written work, creation of new works of art, and critique. After the final critique, students who have demonstrated strong, sustained, and productive engagement with their work will be invited to join ARS 405 Senior Studio Seminar: Thesis Exhibition for the spring semester. Required of all senior studio art majors.",Open to art minors with permission of faculty.
ARS,405,Senior Studio Seminar: Thesis Exhibition,1,ARS 401 CUE: Senior Studio Seminar: Portfolio Development.,,"Offered every spring semester, this course will require students to continue development of independent work begun during the fall semester. Regular critiques with studio faculty and guest critics will be the basis for evaluation. Emphasis will be on portfolio development and preparation for the senior art exhibition in the Martin Art Gallery. Students will plan and design the exhibition, design announcements, prepare their work for hanging, and install and light the exhibit.",By Department invitation only.
ARS,960,Studio Art Internship,,,,Student internships are available for those who wish to acquire experience in the professional art world.,
ARS,970,Studio Art Independent Study/Research,,,,Each independent study/research course is to be designed in consultation with a faculty sponsor.,
AST,950,Senior Capstone Project,1,,,Students may roster an interdisciplinary Senior Capstone Project designed in consultation with the Program Director and other Asian Studies faculty.,
AST,970,Asian Studies Independent Study/Research,1,,,Each independent study/research course is to be designed in consultation with a faculty sponsor.,
ATH,112,Cultural Anthropology,1,,,"This course introduces students to the concepts, principles, and methods used by cultural anthropologists to understand and explain the diversity of human societies throughout the world. It combines a cross-cultural analysis of different social institutions with the systematic examination of the behavior of individual societies in order to promote a rational understanding of human social and cultural diversity.",
ATH,155,Archaeology & Prehistory,1,,,"This course is an introduction to human prehistory and the archaeological techniques used to decipher it. We will examine the origins of human culture, the success of the 3-million-year-old hunting and gathering way of life, the effect of the development of farming and urban life on human health, and the rise of complex society in Africa, Asia, and the Pre-Columbian Americas. Emphasis is placed on archaeology's unique methods of understanding the human past and how this rich heritage contributes to modern society.",
ATH,205,Anthropological Theory,1,ATH 112 Cultural Anthropology.,,"This course reviews the major theoretical approaches that make anthropology unique among the social sciences. These approaches include evolution, functionalism, structuralism, materialism and cultural ecology, interpretive and symbolic anthropology, and postmodernism. The course is organized historically and chronologically in order to analyze the emergence and development of theories in their broader social, historical, and theoretical contexts. The course focuses on major figures in the field and specific schools of thought, allowing students to better understand both the scientific and humanistic aspects of anthropology.",
ATH,"211, 212",Human Evolution,1,,,"This course introduces students to the scientific concepts, principles, methods, and research pertaining to human biological evolution. The course begins with a discussion of evolutionary theory and then applies evolutionary theory to examine: (1) contemporary human biological diversity, (2) the biological and behavioral similarities and differences among human and nonhuman primates, and (3) the fossil evidence for human evolution.",
ATH,230,"Inca, Aztec, & Maya",1,,,"Latin America contains two geographic regions where civilization developed independently, Mesoamerica and South America. This course focuses upon the origin, development, and expression of the Inca, Aztec, Maya, and their predecessors through time. Themes of power, trade, consumption, ritual, identity, and symbolism will be explored through the lens of archaeology. This course employs the long term perspective of archaeology and anthropology to understand controversial issues such as elite dominance, commoner resistance, warfare, auto-sacrifice, and human sacrifice.",
ATH,240,Magic and Modernity,1,ATH 112 Cultural Anthropology or permission of the instructor.,,"This course will examine beliefs and practices of witchcraft, magic, and sorcery in both Euro-American and non-Western societies. Emphasis will be placed on comparative analysis of the dynamics and functions of magical practice in cross-cultural context. Special attention will be paid to answering the following questions: What sorts of cultural information are transmitted through acts of conjuring and witchcraft? What are the social functions of magical ritual? Why do cultures embrace notions of malevolent supernatural power? How is sorcery used to control social behavior? Topics to be addressed include the functions of ritual, shamanism, magic, sorcery, vampirism, divination, possession, sacrifice, and the use of oracles.",
ATH,250,Anthropology of Gender & Sexuality,1,,,"This course introduces students to core concepts and topics in the anthropological study of gender and sexuality. Particular attention will be paid to bodily experiences of gender and sexuality as complex, contested, and changing fields of experience and expression that are related to other fields of power including race, ethnicity, religion, and class. Topics to be studied may include gender and sexuality as bio-cultural phenomena; the sex and gender distinction; gender and the division of labor; gender stratification and male dominance; men and masculinities; feminist, postmodern, and queer theories; LGBTIQ cultures and societies; and the globalization of gender and sexuality.",
ATH,262,Historical Ecology,1,,,"Historical ecology is the study of long term interactions between people, their institutions, and their environments. We will critically evaluate arguments about the current relationship between people and the environment in popular texts using archaeological, historical, and ethnographic evidence. Many current pressing issues can be assessed more appropriately when viewed from a long-term perspective gained from an historical or archaeological approach. We will focus on some of these issues. Some questions that will be addressed include: Where do people encourage the spread of forests into the greatest desert in the world? Where does an increase in population result in less environmental impact? Can the poor soil of the rainforest support ""civilization?"" We will also examine the local environment over the past 100 years.",
ATH,"272, 273",Chinese Culture & Society,1,,,"This course encourages students to think critically about many of the major developments in Chinese culture and society that have occurred during the twentieth and twenty-first centuries, with an emphasis on understanding both cultural change and continuity in China. Drawing on ethnographic material and case studies from rural and urban China over the traditional, revolutionary, and reform periods, we will examine a number of topics in the anthropological study of China, including family and kinship; marriage, reproduction, and death; popular religion; women and gender; the Cultural Revolution; social and economic reforms; gift exchange and guanxi networks; changing perceptions of space and place; globalization and modernity.",
ATH,291,Medicine & Culture,1,,,"States of illness and health are not simply the result of biological processes. If we want to understand why people get sick and how they get better, we should also examine the social and cultural aspects of medicine and disease. This course is an introduction to medical anthropology: the study of cultural meanings, social relations, and systems of power that structure our experiences of illness and health. Students will engage with ethnographic texts and films from Western and non-Western medical settings in order to learn how health, illness, and healing practices are culturally shaped, transformed, and contested.",
ATH,313,Anthropological Ethnography,1,ATH 112 Cultural Anthropology or permission of instructor,,"This course is an introduction to ethnography, the signature method developed by cultural anthropologists for researching cultural issues in contemporary societies. In this course students will learn the fundamentals of ethnographic fieldwork (site selection, archival and documentary research, sampling, participant-observation, structured observation, interviews, survey, genealogy, case study analysis, narrative and symbolic analysis, mapping, ethnologic induction, etc.) and will prepare for field research by studying the ethics of doing anthropology, emic vs. etic perspectives, field logistics, rapport establishment, writing ethnographic fieldnotes, the politics of representation, and the concept of objectivity and reflexivity in writing culture.",
ATH,315,Archaeology of Food,1,ATH 155 Archaeology & Prehistory.,,"This course uses food as a central axis for considering issues of health/nutrition, subsistence economy, gender roles/relations, ritual/ceremonial life, social inequality, and political power in past societies. These issues will be addressed through an examination of the archaeological residues of food remains and food consumption. Thus, the course has a dual emphasis on anthropological issues and archaeological methods of ""food analysis"". Understanding past food practices requires consideration of a variety of archaeological evidence, including the food remains themselves, food containers and serving wares, areas of food preparation and consumption, and the human skeleton as a record of consumption. After several weeks considering the methods for analyzing these types of evidence, the course considers the above issues through case studies dealing with topics like cannibalism, feasting, luxury foods, status, gender, and ethnicity.",
ATH,317,Field Archaeology,1,ATH 155 Archaeology & Prehistory or permission of the instructor.,,"An intensive analysis of a particular archaeological site. Utilizing the methodological and theoretical concepts of anthropological archaeology, students will be required to participate in every phase of the scientific research process.",
ATH,330,Urban Anthropology,1,,ATH 112 Cultural Anthropology or permission of the instructor.,What is globalization? Where do our ideas about globalization come from? What are the effects of global processes on the rapid expansion of urban spaces? This course explores the multifaceted ways global cities have inspired and informed social analysis and cultural production. We will cover an interdisciplinary range of urban studies to address questions about the representation of global cities through an anthropological lens.,
ATH,350,Queer China,1,ATH 112 Cultural Anthropology,,"This course explores the emergence and expression of queer identities, cultures, and communities in modern and contemporary mainland China, Taiwan, Hong Kong, and the Chinese diaspora through the critical reading and analysis of texts from the disciplines of cultural anthropology and literature/film studies. Major themes include shifts in popular and official attitudes toward queer sexualities during the late traditional, early modern, and contemporary periods; ""hooligan"" and other unruly sexualities under Maoism; the explosion of Chinese gay and queer literature and film in the 1990s and 2000s, and contemporary queer cultures and communities in China and the Chinese diaspora.",
ATH,450,CUE: Advanced Seminar in Anthropology,1,ATH 205 Anthropological Theory and ATH 313 Anthropological Ethnography or ATH 317 Field Archaeology or ATH 318 The Archaeology of Objects .,,An anthropology seminar in which students participate in a collective research and/or applied project. Open only to anthropology majors and minors or by permission.,
ATH,970,Anthropology Independent Study/Research,,,,Each independent study/research course is to be designed in consultation with a faculty sponsor.,
BCM,240,Biological Organic Chemistry,1,"BIO 175 From Organisms to Molecules or permission of the instructor, and CHM 201 Organic Chemistry: Structure and Reactivity",,"Organic chemistry got its name from the carbon-based molecules that make up living things. In this course students will build on their understanding of structure and reactivity for carbon-based molecules and learn to apply the principles of functional group reactivity from organic chemistry to understand, analyze and predict reactivity of biological metabolites and macromolecules, with a special focus on the organic chemistry of enzyme-catalyzed reactions. Students will learn to recognize reaction types, recognize and draw the major bioorganic functional groups, and draw mechanisms to describe changes in bonding. Students will also learn to recognize patterns of reactivity within biological systems, assemble reactions into biochemical pathways, and apply catalytic themes and strategies to predict regulation and flux within metabolic pathways and other important cellular processes. Finally, students will apply their study of enzyme mechanism, small molecules metabolites and cellular pathways to the understanding of human disease. This course counts for the Biochemistry major, the Chemistry major and is appropriate for pre-health students.",
BCM,340,Experimental Biochemistry,1,CHM 201 Organic Chemistry: Structure and Reactivity ; Preferred BIO 175 From Organisms to Molecules,,"This course will investigate how biochemical questions are asked and answered. Using the landscape of modern biochemistry, students will develop laboratory based skills in the collecting, analyzing, and recording of data generated with biological molecules and within biological systems. Students will also develop skills in the analytical reading and writing of scientific literature, including proposing experiments. Students also work in teams on an original research project in the laboratory.",
BCM,440,CUE: Experimental Biochemistry,1,CHM 201 Organic Chemistry: Structure and Reactivity; Preferred: BIO 175 From Organisms to Molecules,,"This course will investigate how biochemical questions are asked and answered. Using the landscape of modern biochemistry, students will develop laboratory based skills in the collecting, analyzing, and recording of data generated with biological molecules and within biological systems. Students will work in teams on an original research project in the laboratory. Students will also develop skills in the analytical reading and writing of scientific literature. As a CUE-experience, students will integrate their skills in scientific reading, writing and experimentation to develop an original research proposal in the style of a graduate-fellowship application. Students may not earn credit for both 340 and 440.",
BCM,970,Biochemistry Independent Study/Research,,,,Each independent study/research course is to be designed in consultation with a faculty sponsor.,
BIO,100-149,Concepts of Biology,1,,,"Concepts of Biology is a collection of courses that vary in topic but are similarly designed to introduce students to the scientific way of knowing. They are designed for students who do not intend to pursue a career in the biological sciences or related field. The courses are not usually open to students who have completed BIO 160 Foundations of Biological Inquiry, BIO 165 From Ecosystems to Organisms, or BIO 175 From Organisms to Molecules.",
BIO,101,"Concepts of Biology: Human Biology, Science, & Society",1,"Students who have taken BIO 160, BIO 165, or BIO 175 need permission of the instructor to enroll.",,"This course covers topics in human structure and function, human genetics, and human ecology. A scientific and bio-ethical approach is used to study issues related to society as a whole as well as to an individual. The overall goal of the course is to help students become more scientifically literate so that they can make informed decisions.",
BIO,102,Concepts of Biology: Biology of Movement,1,"Dance majors or permission of the instructor. Students who have taken BIO 160, BIO 165, or BIO 175 need permission of the instructor to enroll.",,"This course covers topics related to the science of movement. The structure and function of the skeletal and muscular systems, the nervous system, cardiovascular, and respiratory systems will be studied. In addition, students will explore exercise physiology. This course is especially designed for dance majors and others who have a particular interest in the biology of movement.",
BIO,104,Concepts of Biology: Biology of Birds,1,"Students who have taken BIO 160, BIO 165, or BIO 175 need permission of the instructor to enroll.",,"A general overview of the study of avian natural history. Special attention is given to field techniques to identify, describe, and record the biology of birds in their natural habitat.",
BIO,"107, 117",Concepts of Biology: From DNA to Cancer,1,"Students who have taken BIO 160, BIO 165, or BIO 175 need permission of the instructor to enroll.",,"This course covers the biology of cancer, from the changes in DNA and cells that lead to cancer to treatment and prevention strategies. We will address the following questions: What is cancer? What causes cancer? How can cancer be treated? Specific topics to be covered include hallmarks of cancer cells, causes of cancer (including environmental and hereditary factors, as well as infectious agents), and cancer genes, with a special focus on current topics in Cancer Biology.",
BIO,108,Concepts of Biology: Plants & People,1,"Students who have taken BIO 160, BIO 165, or BIO 175 need permission of the instructor to enroll.",,"This course is a survey of the diversity of plants and their relationship with people. We will focus on the uses of plants from historical, contemporary, and multicultural perspectives. We will explore how plants serve as our foods, medicines, fibers, fuels, and the other ways that they impact our lives and influence our cultures. The scientific process, ethnobotanical study, agricultural and environmental issues, and ethical considerations will be closely examined. This course will include hands-on, field, and laboratory study of plants.",
BIO,111,"Concepts of Biology: Crisis Earth: Causes, Consequences, & Solutions for a Changing Planet",1,"Students who have taken BIO 160, BIO 165, or BIO 175 need permission of the instructor to enroll.",,"With a growing human population and society's increasing demands on the planet's natural resources, we are entering an era of ecological crisis on Earth. This class will explore some of the major crises facing our planet from a scientific and social perspective. Students will develop an understanding of the science needed to appreciate, diagnose, and tackle environmental crises such as global warming, habitat destruction, invasive species, and pollution. The class will also explore the causes of and some solutions to these ecological catastrophes from biological, social, political, and management perspectives. This course is an introduction to many biological and environmental topics and is designed to engage students from different disciplines in the increasingly important effort to solve Earth's environmental crises.",
BIO,113,Concepts of Biology: The Ecology of Marine Organisms,1,"Students who have taken BIO 160, or BIO 165 need permission of the instructor to enroll.",,"An introduction to marine biology, including marine ecology, organismal diversity, physiological adaptations, behavior, physical science of the sea, human uses, threats to and conservation efforts in the marine realm. We will emphasize invertebrate animals and their interactions with their local environments, but algae and vertebrates will also be covered. World-wide oceans will be examined, with a comparative eye to the different ecology of each location. Examination of the basic principles and processes of science will also be examined. The course is predominantly lecture-based, but numerous external video viewings will be required. There may be a required field trip.",
BIO,118,"Concepts of Biology: Genes, Genomes, & Society",1,"Students who have taken BIO 160, BIO 165, or BIO 175 need permission of the instructor to enroll.",,"Students will consider the impact of genetic information on both individuals and various aspects of society with a particular focus on human health and disease. The course begins with an introduction to human genetics which will serve as background for discussion of aspects of the human condition that have a genetic basis as well as uses of genome sequence information. In addition to learning the underlying biology, discussions will include related societal, ethical, and policy topics.",
BIO,134,Ecology in the Lehigh Valley,1,,,"Come explore ecology in the Lehigh Valley and beyond! Learn about the functioning of nature in your own academic backyard with an introduction to the various interactions among local organisms and their environments. We will observe the species diversity, challenges, adaptations, and interconnections of local aquatic and terrestrial species and ecosystems. Examination of the basic principles and processes of science will be discussed, and students will then conduct some of their own studies, collecting and analyzing data. A major emphasis of the course is to directly interact with aspects of the ecosystems (hands-on, experiential learning), so large numbers of continuous hours will be spent outside in whatever weather we have, and students will be transported via college vans to off-campus locations. There is an extra course fee. Intended for non-science majors. Any students who have taken BIO 160 should speak with the instructor before taking this course to make sure it meets the student's intentions.",
BIO,160,Foundations of Biological Inquiry,1,"Prerequisite: High school coursework in math, chemistry, and biology is normally required.",,"An introduction to the study of organisms and life systems, intended for students planning to major in natural science. This course explores the overarching principles of evolutionary theory, emphasizing the empirical approaches and habits of mind that characterize biological disciplines. Students will gain experience in core competencies such as experimental design, hypothesis testing, analysis of quantitative data, modeling, and interpretation of experiments and observations. In addition, the course addresses how biological understandings inform other disciplinary areas, including social and political concerns. Four hours of combined laboratory and discussion per week. The course involves animal dissections.",
BIO,165,From Ecosystems to Organisms,1,CHM 100 Introductory Chemistry or CHM 103 General Chemistry I or ESC 150 Introduction to Environmental Science,,"A disciplinary introduction to the study of organisms, as well as the ecosystems they inhabit. Students will apply core evolutionary principles to understand the structure and function of living things at the levels of ecosystems, organisms, and organ systems. Students will learn how complex living systems interact with other organisms and the broader environment. Students will explore principles of experimental design and data analysis in the laboratory.",
BIO,175,From Organisms to Molecules,1,BIO 165 From Ecosystems to Organisms and CHM 104 General Chemistry II,,"A disciplinary introduction to the study of cells and macromolecules, as it informs on the mechanisms of life. Students will apply core evolutionary and genetic principles to understand how information is stored, transmitted, and decoded in living cells. Students will learn how molecular pathways control gene expression, intercellular and environmental communication, and metabolism. The study of cellular systems informs on both larger organismal mechanisms, including development and physiology, and structure-function relationships at the molecular level.",
BIO,200,Human Anatomy & Physiology I,1,,,"Structure and function of the human body; survey of biochemistry, cell biology and histology; anatomy and physiology of the skeletal, muscular, and nervous systems of the body. This course does not fulfill any requirements for the biology major. Lecture and Laboratory.",
BIO,201,Human Anatomy & Physiology II,1,BIO 200 Human Anatomy & Physiology I. This course does not fulfill any requirements for the biology major.,,"As a continuation of BIO 200, students will study the human anatomy and physiology of the circulatory, lymphatic, respiratory, digestive and urinary systems, water, electrolyte and acid/base balances, endocrine, and reproductive systems.",
BIO,204,Invertebrate Zoology,1,BIO 160 Foundations of Biological Inquiry and BIO 165 From Ecosystems to Organisms.,,"Study of the diversity of animal phyla, emphasizing similarities and differences among groups, adaptations to their respective environments, and potential evolutionary pathways for various organ systems. Laboratories emphasize structure and function of invertebrate anatomy through observation and dissection of living and preserved specimens.",
BIO,205,Cell Biology,1,BIO 175 From Organisms to Molecules.,,"The structure and function of eukaryotic cells will be explored at the molecular, biochemical, and organelle levels. Topics include protein targeting, the cytoskeleton, motor proteins, cell signaling, membranes, energetics, the cell cycle, cancer, cell death and renewal. Laboratory provides experience in data analysis, methods of microscopy, cell measurements, and cell culture. Self-designed investigations test hypotheses using fluorescent microscopy of cultured eukaryotic cells.",
BIO,215,Genetics,1,BIO 175 From Organisms to Molecules.,,"Genetics includes coverage of the four main branches of modern genetic study: classical genetics, molecular genetics, population genetics, and genomics. Experimental approaches, human genetics, and model systems are emphasized. Topics include mutations, gene interactions, chromosomes, quantitative and evolutionary genetics, gene mapping, gene cloning, genetic engineering, and applications of genetics to the study of development, cancer, and behavior.",
BIO,220,Biochemistry,1,"BIO 175 From Organisms to Molecules and CHM 104 General Chemistry II. CHM 201 Organic Chemistry: Structure and Reactivity or CHM 203, 205 Organic Chemistry IA should be completed or enrolled concurrently.",,"Study of organisms, cells, and cellular components at the chemical and molecular levels. Structure and function of nucleic acids and proteins, including enzyme kinetics as well as aspects of carbohydrate and lipid metabolism, including regulatory signaling pathways will be covered. Applications to basic research and human health will also be included.",
BIO,225,Microbiology,1,BIO 175 From Organisms to Molecules.,,"Study of the morphology, physiology, and genetics of bacteria as well as the structure and replication of viruses. Relationship of these microbes to human disease is emphasized. Laboratories stress aseptic technique, microscopic observation, bacterial physiology, and identification.",
BIO,232,Histology,1,BIO 175 From Organisms to Molecules,,"Study of the microscopic anatomy of cells, tissues and organs. Students will be able to identify the major cell and tissue types, and evaluate the relationship between their structure and function. Will count as a ""List B"" elective for biology majors.",
BIO,240,Developmental Biology,1,BIO 175 From Organisms to Molecules.,,"An overview of the cellular, molecular, and developmental mechanisms that control embryogenesis from fertilization through organogenesis. Laboratories include the study of live embryos from sea urchins to chickens as well as preserved embryo slides.",
BIO,242,Entomology,1,BIO 165 From Ecosystems to Organisms.,,"The diversity of insects will be studied from the physiological perspectives, such as how insects reproduce, sense their environment, and protect themselves from microbes. Adaptations that are unique to insects, such as flight and metamorphosis will be covered in depth. Humans and insect interactions will be investigated with respect to sustainable agriculture, pollination, conservation, and medicine. Analysis of primary literature will be introduced. The laboratory component of the course will focus on how to identify insects and imaging methods such as digital photography and electron microscopy.",
BIO,244,Insect Ecology,1,BIO 165 From Ecosystems to Organisms,,"Insect diversity and evolution will be investigated from an ecological perspective. Topics will include the biology of invasiveness, host-microbe interactions that allow insects to serve as vectors of disease, pollination biology and the evolution of insecticide resistance. Current topics in environmental conservation will be examined in the context of the many ecosystem services provided by insects. Humans and insect interactions will be explored through an analysis of sustainable pest management strategies and efforts to protect and promote insect diversity. Scientific writing for a non-specialist audience will be emphasized. The laboratory component of the course will focus on how to identify insects and imaging methods such as digital photography and electron microscopy.",
BIO,245,Comparative Anatomy,1,BIO 165 From Ecosystems to Organisms.,,"Study of the evolution and morphology of vertebrates. Emphasis is given to the comparative study of vertebrate homology and the adaptive value of structure. Laboratories consist of detailed dissection of representative taxa with emphasis on shark, cat, and human anatomy.",
BIO,250,General Physiology,1,BIO 165 From Ecosystems to Organisms.,,Study of the concepts and principles that form the basis for understanding the mechanisms of animal physiology. The emphasis of the course is on the interrelationship of physiological processes and how they relate to the biological needs of animals.,
BIO,255,Ornithology,1,BIO 165 From Ecosystems to Organisms.,,"A detailed and in-depth study of avian natural history. Emphasis is given to population ecology, behavioral ecology, and conservation biology of birds. Laboratories are exercises and field trips to develop and practice techniques to identify, describe, and record the biology of birds in their natural habitat.",
BIO,260,Field Botany & Plant Ecology,1,BIO 165 From Ecosystems to Organisms.,,"A field research oriented course emphasizing plants. The focus is on articulating and quantitatively answering relevant research questions on the diversity, ecology, and evolution of plants. Special emphasis is given to hypothesis development, data collection and analysis, and interpretation and presentation of results.",
BIO,262,Cultural & Economic Botany,1,BIO 165 From Ecosystems to Organisms.,,"Study of the ecological relationship between plants and humans and the implications for local and global conservation. Topics covered include medicinal plant use, agroecology, plant ecology, tropical ecology, and community-based conservation.",
BIO,264,Animal Behavior,1,BIO 165 From Ecosystems to Organisms.,,"The biological study of behavior. Emphasis is given to the comparative study of the evolution, ecology, morphology, and physiology of animal behavior. Lectures will incorporate discussions of the scientific studies and experiments that produced the content within the textbook. Laboratories emphasize using experimental manipulations and observations of animals in their natural habitats as well as in the laboratory. A wide range of taxa (invertebrates and vertebrates) are considered.",
BIO,270,Ecology,1,BIO 165 From Ecosystems to Organisms.,,"Ecology is the study of the interactions between organisms and their environment at the individual, community, and ecosystem levels of organization. Both terrestrial and aquatic ecology, utilizing both plant and animal systems, are discussed. A major emphasis of the course, especially in the laboratory work, is experimental design and interpretation, including statistical analyses. Most of the weekly laboratories are conducted outside.",
BIO,272,Field Marine Biology,1,BIO 165 From Ecosystems to Organisms and permission of the instructor.,,"This course will emphasize two weeks of field work in natural marine habitats in August. We will study the rich, diverse marine flora and fauna, emphasizing the ecology of the invertebrates and algae of the rocky intertidal zone, through field work, laboratory investigations, and lectures. Students will also gain experience in experimental design and analysis. There is a supplementary fee to cover costs at the field station; typically the field component occurs in Maine. There is a short course application, and permission from the instructor is required.",
BIO,334,Immunology,1,BIO 175 From Organisms to Molecules and any 200 level course in List C.,,"Study of the immune system and its role in maintaining the physiological integrity of multicellular organisms against infection, malignancy, and transplantation. Specifically, the following concepts are studied: structure and function of antibodies and antigens, biology of lymphocytes and their interaction, immunoregulation, and immunopathology.",
BIO,412,CUE: Molecular Biology of Cancer,1,Any 200 level course in List C or permission of instructor.,,"A topical seminar focusing on the molecular mechanisms of cancer, as explored primarily through animal model systems and cell-based approaches. Topics are organized around a broadly historical approach and include genetic, genomic, cell biological and biochemical strategies to understanding cell proliferation, survival, invasion, metastasis, and microenvironment. The course will also critically explore the strengths and limitations of epidemiological and nutritional research as they relate to understanding cancer as a disease. Discussions and writing assignments focus on the analysis of the classic and contemporary primary literature and the relationship between biomedical research and society.",
BIO,423,CUE: Scanning Electron Microscopy,1,"BIO 175 From Organisms to Molecules and any two biology courses from List A, B, or C. PHY 121 General Physics I and CHM 201 Organic Chemistry: Structure and Reactivity should also be previously completed or concurrently enrolled.",,"Students learn how to prepare specimens for scanning electron microscopy; instruction includes fixation procedures, critical point drying, sputter coating, and operation of the microscope. Students design and complete an independent research project, analyze and discuss scientific literature, and learn how to write a scientific paper.",
BIO,464,CUE: Vector Biology,1,"Completion of any 200-level List A, B, or C Biology elective",,"The complex interactions between humans and other vertebrate hosts, arthropod vectors, and pathogens that cause disease will be investigated and many different biological levels (molecular to ecological). The in- class course content will focus on modern primary literature, emphasizing experimental methods and the interpretation of data. It will focus on mosquito-borne diseases (malaria, yellow fever) and tick-borne diseases (Lyme disease). Other vector-host, vector-pathogen, and host-pathogen interactions may be explored through three multi-step writing projects.",
BIO,466,CUE: Conservation Biology,1,"Any two biology courses from List A, B, or C.",,"This course will draw on the various disciplines within biology as they are applied in the very rapidly changing field of conservation biology. Topics will include conservation genetics, geographical information systems (GIS), sustainable agriculture and forestry, integrated land-use management, and restoration ecology.",
BIO,470,CUE: Evolution,1,"Any two biology courses from List A, B, or C.",,"The study of the processes of evolution from genetics to the genesis of the major groups of life and ensuing patterns across time. We will read and discuss Darwin's On the Origin of Species and a plethora of scientific articles to compare and contrast the historical progress of evolutionary thought, highlighting controversies, discoveries and remaining mysteries about evolutionary change. The predominantly seminar-style format emphasizes reading, discussing, and writing about the scientific literature.",
BIO,960,Biology Internship,1,,,Majors are eligible for internship programs with approval of the department chair. Internships do not count as one of the nine biology courses required for the biology major. (For more information see Individualized Instruction.),
BIO,970,Biology Independent Study/Research,,,,Each independent study/research course is to be designed in consultation with a faculty sponsor.,
BIO,975,Biology Research Explorations,0.5 or 1,,,Each research exploration course is to be designed in collaboration with a faculty sponsor. This pass/fail course does not count as one of the nine courses for the Biology major.,
BUS,101,Business and Society,1,,,"This course introduces students to the role of commercial enterprise in society. Business organizations exert powerful social, economic and political forces in a constantly changing environment. This course will evaluate the positive and negative effects these forces have on individuals, groups, and social institutions. Students will gain broad familiarity with core functions of business (accounting, finance, marketing, management, operations and supply chains and human resources). Students will also learn and practice key skills of research, critical analysis, spreadsheet use, and business communication encompassing both writing and presenting.",
BUS,233,Operations & Information Systems,1,"ECN 102 Principles of Microeconomics , and STA 119 Statistical Analysis or INE 201 New Venture Creation .",,"The course introduces students to the operations function and to related information systems issues. Students will explore concepts (along with quantitative and qualitative decision methodologies) in supply chain management, manufacturing and service processes, lean production, quality, aggregate planning, inventory management, forecasting, capacity management, and global sourcing. The role of information technology, sustainability, and ethical analysis is integrated throughout the course.",
BUS,236,Management,1,"ACT 101 Financial Accounting and ECN 102 Principles of Microeconomics, or INE 201 New Venture Creation; and BUS 101 Business and Society",,"This course examines the core principles and practices of effective management in business settings. Topics include managerial decision making, ethics and social responsibility, strategic planning, human resource management, leadership, and performance motivation in organizational contexts. Emphasis is placed on strengthening students' analytical, communication, and teamwork skills through case studies, research projects, writing assignments, and experiential learning activities.",
BUS,239,Marketing,1,"ACT 101 Financial Accounting and ECN 102 Principles of Microeconomics, or INE 201 New Venture Creation; and BUS 101 Business and Society",,"This course introduces students to the principles of marketing within the context of a dynamic business environment and expands upon the concept of marketing as a value creating function. Students will learn marketing theories and examine the methods marketers use to provide value to customers, business enterprises, non-profit organizations, and society in an ethical and socially responsible manner. Ethical decision-making is emphasized. Specific topics include strategic planning, the use of metrics in decision making, marketing research, consumer behavior, targeting, segmentation, product development, distribution, pricing, and advertising/promotion.",
BUS,260,Organizational Leadership & Peer Education,1,Permission of instructor required,,"In this integrated learning course, we will explore two perspectives, Organizational Leadership and Peer Education. Students enrolled in the course are engaged in helping/service relationships on campus and this will be a context in which we will apply learning about organizational leadership. Students will have rich and challenging experiences in their peer educator roles and by participating in an Interpersonal Relations Lab, an intensive learning group experience. We will have meaningful reflections on these experiences through writing and in class discussion with guest speakers and content experts. Scholarly readings will allow students to conceptualize and understand the issues they are experiencing. Bringing together experience and practice offers the possibility of doing significant work, growing personally, while learning and internalizing theory. Through experiential-based activities, students will improve their abilities to authentically engage, communicate, and influence. 
 
 Students must be engaged in service or peer leadership. Examples include: RA's, Orientation Leaders, Athlete Mentors, Tutors, PHAM, MALT, SAID, MHPA, VOS, Emerging Leaders, Fraternity & Sorority Diversity Chairs, Leaders of Affinity Groups, Student Choreographers, Theater Directors, Internships that serve peers, etc.",
BUS,"263, 264",Sustainability in Business,1,BUS 233 Operations & Information Systems.,,"The course introduces students to sustainability in business environments. Students will explore how economic, market, and governmental forces influence business decisions regarding sustainability. Issues examined will include: Making value chains sustainable, economic aspects of sustainability, designing sustainable products and services, strategic approaches to sustainability, and developing business models.",
BUS,315,Management of Not-for-Profit Organizations,1,BUS 236 Management.,,"Nonprofit organizations are critically important to our society, providing services in the arts, historic preservation, public advocacy, environmental action, health, research, education, and social service. The course surveys the historical, social, and legal contexts of the nonprofit sector in the U.S. The main focus is how they are managed, including structure, administration, leadership, marketing, finance, and resource development. Special attention is given to common nonprofit sector activities such as management of volunteers, trusteeship, and fundraising.",
BUS,317,Strategic Marketing and Fundraising for Nonprofit Organizations,1,BUS 239 Marketing or permission of instructor.,,"Strategic Marketing and Fundraising for Nonprofit Organizations builds upon concepts introduced in prior marketing coursework, which typically focuses on for-profit organizations. In this course, students examine the nonprofit sector and explore philosophical, religious, and historical foundations of philanthropy, volunteerism, and charitable institutions. Students study core marketing and fundraising principles as they apply to nonprofits organizations and learn methods for strategically integrating social media, digital platforms, and data-driven tools to engage donors and stakeholders. The course culminates in a hands-on service-learning project in which student teams work with a local nonprofit on a marketing initiative.",
BUS,341,Globalization & Marketing,1,BUS 239 Marketing.,,"Globalization & Marketing exposes students to concepts, practices, and theories of international marketing and global trade and introduces them to the global interdependence of consumers and corporations. Students assess how international influences such as culture, social structure, politics, monetary systems, tariffs and protectionist policies, and legal issues affect the firm's management decision making process and marketing decisions and also how they influence consumer behavior. The realistic Export Plan project, where students introduce a new product to a lesser-developed country, requires extensive research. Students immerse themselves in the culture and economy of a country of their choice and then plan a global marketing strategy for their product.",
BUS,347,Marketing Research,1,BUS 239 Marketing and STA 119 Statistical Analysis.,,"Marketing Research examines the use of information to improve marketing management decision making. Students will have exposure to qualitative and quantitative research techniques. Building upon the students' marketing and statistics knowledge and using a systems approach, the class discusses the identification of data needs, methods of data collection, and analysis and interpretation of findings. Attention is given to identifying the many sources of error that occur when conducting research and the importance of minimizing total error. Typically, teams of students conduct a marketing research project for a client.",
BUS,352,Small Business Management,1,BUS 236 Management or INE 201 New Venture Creation.,,"This course is designed to answer the ""now what?"" questions that face entrepreneurs once a new venture is launched and operating. Issues include financial management, human resource issues, legal and regulatory concerns, ethical issues, operations, control of growth, distribution and sales, and successful exit strategies.",
BUS,354,Analytics for Management and Marketing,1,"STA 119 Statistical Analysis and (BUS 233 Operations & Information Systems, BUS 236 Management, or BUS 239 Marketing), or permission of instructor",,"This course prepares students to use data to improve decision-making. Students will apply statistical methods to analyze and address common problems and opportunities faced by business enterprises. The course primarily addresses management issues including workforce analysis, forecasting, and process design, and marketing issues such as segmentation, product line profitability, and evaluation of marketing performance. Students learn how those functions interact with accounting, finance, and economic analysis. Regression, predictive analytics, and geo-spatial mapping methods are employed.",
BUS,360,Organizational Behavior,1,BUS 236 Management.,,"This course is a general introduction to the key concepts and theories in the fields of Organizational Behavior and Industrial/Organizational psychology. The teaching model involves experiential learning, reflective observation, abstract thinking, and experimentation. Students inquire into why people behave as they do with an emphasis on the human processes that occur in groups and organizations. They also engage in a team service-learning project in which they experience organizational issues first hand and learn about being a catalyst for change. Students are active participants in group exercises, role-plays, oral presentations, and simulations.",
BUS,475,CUE: Business Policy & Strategy,1,"BUS 233 Operations & Information Systems, BUS 236 Management, BUS 239 Marketing, and FIN 237 Corporation Finance.",,"The CUE: Business Policy & Strategy course integrates all earlier work in the major. In this course, the student will develop the ability to consider an enterprise as an integrated entity, to use the concepts of policy and strategy, and to understand the environmental constraints and ethical considerations facing an organization. Each year students will conduct a research project designed to address a current issue or problem in the field and present their findings at a capstone poster session. The CUE requires students to submit an ePortfolio that is begun upon major declaration and developed in consultation with the directors of the ePortfolio program in business.",
BUS,960,Business Administration Internship,1,,,"Under faculty supervision, students have the opportunity to learn by interning about ten hours per week in an organization. This gives students the opportunity to try out possible careers, apply classroom knowledge to ""real world"" situations, and establish contacts with professionals in their field of interest. Students are required to keep a professional journal, attend group meetings, and give a formal oral presentation about their internship experience.",
BUS,970,Business Administration Independent Study/Research,,,,Each independent study/research course is to be designed in consultation with a faculty sponsor.,
CHC,101,Elementary Chinese I,1,,,"An introduction to basic grammar and vocabulary as well as communication skills in Chinese within its cultural contexts. Students will use a variety of authentic text and media resources to acquire and enhance linguistic skills. The first semester is designed for students with no knowledge of or with a weak background in Chinese. If a student has previous knowledge of Chinese, assignment will be determined by a placement test.",
CHC,102,Elementary Chinese II,1,,,"An introduction to basic grammar and vocabulary as well as communication skills in Chinese within its cultural contexts. Students will use a variety of authentic text and media resources to acquire and enhance linguistic skills. The second semester is for students with limited previous exposure to Chinese. If a student has previous knowledge of Chinese, assignment will be determined by a placement test.",
CHM,090 and 490,CUE: Chemistry Capstone Seminar,0 and .5,"CHM 202 Synthetic Organic Chemistry or CHM 204, 206 Organic Chemistry IIA",,"Students will complete a culminating experience, submit a written report of their work, and orally present the results. Students must enroll in both semesters of the course. The course includes searching the chemical literature, interacting with visiting seminar speakers, attendance at Departmental seminars, and the presentation of the student's culminating experience.",
CHM,100,Introductory Chemistry,1,Chemistry placement exam taken.,,"An introduction to the basic principles of chemistry with considerable attention given to reading and computational skills, problem-solving skills, study skills, and good learning techniques in general. Designed for science students needing additional preparation for the General Chemistry courses (CHM 103 and CHM 104).",
CHM,101,Chemistry of the Environment,1,,,"Designed for students majoring in social sciences, humanities, or arts. A qualitative study of basic chemistry principles applied to current environmental systems and issues, with reference to both historical and future development of the science. Topics and case studies include global chemical cycles and spheres, energy sources and alternatives, natural and man-made materials, industrial chemistry, climate change, ozone depletion, air and water pollution, toxicology, and ""green"" initiatives. No previous work in chemistry is required.",
CHM,103,General Chemistry I,1,Chemistry placement exam taken.,,"Designed as an introductory course for students majoring in the physical or biological sciences. Topics covered include atomic structure, bonding, stoichiometry, gases, thermochemistry, and types of reactions.",
CHM,104,General Chemistry II,1,CHM 103 General Chemistry I.,,"A continuation of CHM 103. Topics covered include solids, liquids, solutions, kinetics, equilibrium, acids and bases, electrochemistry, and thermodynamics.",
CHM,111,Chemistry of the Environment,1,,,"Designed for students majoring in social sciences, humanities, or arts; there are no prerequisites. A qualitative study of basic chemistry principles applied to current environmental systems and issues, with reference to both historical and future development of the science. Topics and case studies include global chemical cycles and spheres, energy sources and alternatives, natural and man-made materials, industrial chemistry, climate change, ozone depletion, air and water pollution, toxicology, and ""green"" initiatives.",
CHM,"113, 114",Kitchen Chemistry,1,,,"Kitchen Chemistry is a course designed for non-majors to engage, reason with, and practice scientific principles in a familiar setting - the kitchen. The food we eat is made of atoms joined into molecules by bonds, and the processes we use to cook that food are physical and chemical manipulations of molecular interactions. Using this context, students will derive basic scientific principles from the fields of chemistry, biology, and biochemistry to not only understand the process of cooking, but also to predict outcomes and design recipes of their own. This course is intended for non-science majors only.",
CHM,117,Consumer Product Chemistry,1,,,"Designed for non-science majors. The consumer products industry is a multi-billion dollar business that is focused on ""delighting"" the consumer with its goods. Marketing strategies take a holistic approach mixing emotion, perception, and performance to the consumer. This course will focus on the technical aspects of product performance and the ingredients that drive that performance. Specifically, the chemical compositions of shampoos, lotions, detergents, cleaners, etc. will be explored along with the associated product testing, claims, manufacturing, and cost structures. Claims such as ""natural"", ""eco-friendly"" and ""preservative-free"" will be discussed. The course will be presented in a qualitative, results-oriented manner (a format that would be typically presented to management teams in a consumer products organization). No previous chemistry is assumed.",
CHM,201,Organic Chemistry: Structure and Reactivity,1,CHM 104 General Chemistry II.,,"This course is designed for students in biology, neuroscience, and other STEM majors outside of chemistry and biochemistry. Organic molecules, molecules that contain carbon and hydrogen atoms, are in our bodies, in nature, in the drugs we take, and in the products we utilize. Organic chemistry is an integral course for pre-health students and students pursuing careers in various STEM disciplines. In this course, students build a foundation in organic chemistry through the study of the structure, properties, and reactivity of organic molecules. Students learn the language of organic chemistry, discuss the impact of stereochemistry on properties, analyze chemical structures using spectroscopy, predict reaction mechanisms, and propose synthetic pathways.",
CHM,202,Synthetic Organic Chemistry,1,CHM 201 Organic Chemistry: Structure and Reactivity and CHM 210 Organic Chemistry Laboratory,,"Organic molecules, molecules that contain carbon and hydrogen atoms, are in our bodies, in nature, in the drugs we take, and in the products we utilize. Organic chemistry is integral to medicinal chemistry, biochemistry and other areas of science and technology. In this course, students continue exploring the world of organic chemistry through the study of the structure, properties, and reactivity of organic molecules. Students analyze chemical structures using spectroscopy, discuss principles of aromaticity, predict reaction mechanisms, propose synthetic pathways, and compare and contrast laboratory reactions with biological reactions. Research-focused laboratory work involves multi-step syntheses, purification and characterization of medicinally-relevant molecules using standard organic chemistry laboratory techniques and state-of-the-art instrumentation. Both collaborative work and individual investigations will be performed. This course is designed for students in chemistry, biochemistry, biology, neuroscience, and is also appropriate for prehealth students.",
CHM,210,Organic Chemistry Laboratory,1,CHM 104 General Chemistry II,CHM 201 Organic Chemistry: Structure and Reactivity,"The organic chemistry laboratory is a hands-on course during which students will execute experiments, collect and interpret data, and present those data in formal reports. Students build proficiency in a range of organic chemistry techniques, including melting point analysis, simple and fractional distillation, spectroscopy, liquid-liquid extraction, chromatography, rotary evaporation, polarimetry, and mass spectrometry. This lab allows students to experience the exciting applications of organic chemistry (e.g., medicinal chemistry) and to build collaborative, organizational, and communication (written and verbal) skills.",
CHM,311,Quantitative Analysis,1,CHM 202 - Synthetic Organic Chemistry,,"Data analysis, chemical equilibria, classical methods of analysis, and electroanalytical chemistry are explored. Data analysis and statistics, including error propagation, confidence intervals, and analytical calibration methods are examined. Acid-base, oxidation-reduction, complex and multiple simultaneous equilibria are applied to analytical problems. Classical analytical methods, such as gravimetric and volumetric analysis, as well as electrochemical methods (ion selective electrodes, potentiometry, and voltammetry) are also discussed. Laboratory work involves the application of a variety of these methods to quantitative chemical analysis and experimental design and implementation.",
CHM,312,Instrumental Analysis,1,CHM 202 Synthetic Organic Chemistry,,"Theory, instrumentation, and applications of instrumental methods of analysis involving separations and interaction of electromagnetic radiation with matter. Principles of analytical separation methods are explored, including gas, liquid and supercritical fluid chromatographies, and capillary electrophoresis and electrochromatography. Topics on atomic and molecular spectroscopy include atomic absorption, emission and fluorescence, ultraviolet-visible, molecular fluorescence and phosphorescence, Fourier transform infrared, and mass spectrometry. In addition, techniques are reinforced through practical experience in a well-equipped instrumentation laboratory.",
CHM,321,Thermodynamics and Kinetics,1,"CHM 202 Synthetic Organic Chemistry or CHM 204, 206 Organic Chemistry IIA and MTH 122 Calculus II.",,"The basic principles of quantum mechanics and their applications to problems of chemical interest are discussed. Topics include atomic and molecular structure, chemical bonding, and molecular spectroscopy. In addition, the fundamentals of chemical kinetics, reaction rate theories, and reaction mechanisms are investigated.",
CHM,322,Quantum Chemistry,1,CHM 202 Synthetic Organic Chemistry and MTH 122 Calculus II.,,"Principles and applications of chemical thermodynamics are explored, including the concepts of internal energy, enthalpy, entropy, free energy, and chemical potential. Concepts are interpreted on a molecular level and applied to a variety of problems: chemical reactions, chemical equilibria, phase changes, solution chemistry, and bioenergetics. Statistical mechanics is introduced to demonstrate the connection between properties of individual molecules and the thermodynamic properties of macroscopic systems.",
CHM,331,Inorganic Chemistry,1,"CHM 202 Synthetic Organic Chemistry or CHM 204, 206 Organic Chemistry IIA .",,"Modern theories of atomic and molecular structure, from the subatomic to the macroscopic level, are covered at an advanced level, with an emphasis on relationships between structure and properties. Particular emphasis is given to symmetry, coordination chemistry, and descriptive chemistry of the elements.",
CHM,412,CUE: Instrumental Analysis,1,CHM 202 Synthetic Organic Chemistry,,"Theory, instrumentation, and applications of instrumental methods of analysis involving separations and interaction of electromagnetic radiation with matter. Principles of analytical separation methods are explored, including gas, liquid and supercritical fluid chromatographies, and capillary electrophoresis and electrochromatography. Topics on atomic and molecular spectroscopy include atomic absorption, emission and fluorescence, ultraviolet-visible, molecular fluorescence and phosphorescence, Fourier transform infrared, and mass spectrometry. In addition, techniques are reinforced through practical experience in a well-equipped instrumentation laboratory.",
CHM,416,Medicinal Chemistry,1,CHM 202 Synthetic Organic Chemistry or BCM 240 Biological Organic Chemistry or permission of instructor,,"Medicinal chemists design and synthesize candidate drug structures and use a variety of chemical and biochemical techniques to assess their potential, systematically refining and optimizing structure, biological activity, and properties along the way. In this course, students explore the pharmaceutical industry and the drug-discovery process. Emphasis is placed on pharmacokinetics (PK; i.e., what the body does to a drug), such as metabolism and absorption, because these properties can significantly impact the success of a drug. Small- and large-molecule drugs are compared and contrasted. Topics such as formulation, computational drug discovery, drug delivery, and central nervous system drugs are discussed using examples from the recent literature. Students also explore various criticisms facing the pharmaceutical industry (e.g., high drug prices, direct-to-consumer advertising) from an interdisciplinary perspective. At the end of the semester, students apply their knowledge to prepare a paper and presentation about a recent medicinal chemistry topic of their choice. This course counts toward the micro in Pharmaceutical Science and serves as a List C elective for the Biochemistry major.",
CHM,420,Laser Chemistry,0.5,CHM 321 Thermodynamics and Kinetics or permission of instructor.,,Students will explore the workings of lasers and how chemists take advantage of their properties to probe the dynamics and energies of chemical reactions. The course will begin with some commercial applications of lasers and progress rapidly to the discussion of femtosecond spectroscopy and how it is being used to investigate the breaking of bonds in real time.,
CHM,431,CUE: Inorganic Chemistry,1,,,"Modern theories of atomic and molecular structure, from the subatomic to the macroscopic level, are covered at an advanced level, with an emphasis on relationships between structure and properties. Particular emphasis is given to symmetry, coordination chemistry, and descriptive chemistry of the elements.",
CHM,960,Chemistry Internship,1,,,Majors are eligible for internship programs with the approval of the department.,
CHM,970,Chemistry Independent Study/Research,,,,Each independent study/research course is to be designed in consultation with a faculty sponsor.,
COM,201,Media & Society,1,,,"Examines influences of media on participatory democracy and its cultural forms and the history, production, representation, and consumption of media in society. Introduces students to the relationship between media and social justice and to social scientific approaches to the study of media as texts and industries, including the logic of inquiry, standards of evidence, and grounds for making claims about communication behaviors. Topics may include social media, images and effects, corporate media culture, organizational structures of journalism, the Internet and digital media environments, audience identification and interpretation of media.",
COM,212,New Information Technologies,1,,,"Explores the prospects and problems that surround the introduction and diffusion of new information technologies in society. Students consider the social, political, economic, and cultural impacts of new information technologies on personal privacy, self-identity, social relationships, information access, and global citizenship. Thematic focus varies from semester to semester with case studies drawn from gaming, social media, virtual communities and realities, and computers and the organization of work and learning.",
COM,"220, 221",Free Culture,1,,,"This course explores current debates surrounding free culture, specifically, 1) the history and development of notions of copyright in the nineteenth century and ""intellectual property"" in the twentieth century, 2) processes of media convergence and digitalization in today's media, 3) the development of the free, open source software (FOSS) movement in the late 1970s and the challenge to proprietary software found in the Linux operation system, 4) digital distribution of music, the Napster debate, and remix culture in the music industry, 5) Wikimedia and the new power of ""crowdsourcing"" in knowledge labor, 6) Net neutrality, and 7) the philosophy and development of the digital commons, enshrined in the Creative Commons license and the legal implications of such licenses for artists, musicians, audiences, and citizens. Students will use free software tools to contribute to a class digital project on a topic related to the free culture movement.",
COM,"223, 224",Feminist Media Studies,1,,,"Feminist scholars have long studied the relationship between gender and media. This course will explore how television, film, popular music, and cyber culture play a central role in representing, defining, circulating, and constructing gender. This class takes a multi-media approach; for example, we will study how cultural forms depict different gendered characters on TV shows like Sex and the City and Modern Family , how certain genres are particularly open to queer interpretations like the musical, and how teen girls appropriate the magazine format to produce and circulate their own stories. This course will be oriented historically to examine how gender roles are constructed by media in specific historical contexts, and then how those representations change (or do not change) over time. Since much research on gender and the media has historically focused on femininity, this course will likewise focus on femininity, but we will also study the relationship between media and masculinity and sexuality, as well as how gendered identities are always also informed by other relations of power, such as race, class, ethnicity, and age.",
COM,225,Introduction to Journalism,1,,,"Introduces students to the great traditions of interpretive, documentary, and advocacy journalism and photojournalism. Includes analysis of exemplary works in the tradition and provides some opportunities to develop skills through individual projects.",
COM,"227, 228",Science Communication,1,,,"This course is designed to introduce students to the many aspects of science communication, exploring how the information scientists produce gets to other scientists, the media, policymakers, the public at large, and back. Students will examine the history of the field, current models and best practices, past and future barriers to effective science communication, power structures that influence the life cycle of science information, and case studies from current literature. Students will also learn to identify and create credible science resources.",
COM,"230, 231",Documentary Research,1,COM 201 Media & Society.,,"Explores the American tradition of social documentary, focusing on milestone projects, including the work of James Agee and Walker Evans, Dorothea Lange, William Carlos Williams, and Robert Coles. Oral, visual, and textual modes of production are examined. Special focus is given to new digital forms of representation and their impact on production, distribution, and consumption. Framing this investigation are the ethical issues that emerge when rendering and representing individuals' lives. Students are introduced to the fundamental skills of investigative research, interviewing, gathering and interpreting information, and using print and electronic archives and research, and produce their own multi-media documentary projects.",
COM,238,Sports Journalism,1,,,"This course will focus on sports journalism that goes beyond recaps and game analysis to cover ethics, historical trends, social issues, and the business of sports. Students will report and write original stories that position sports within this framework.",
COM,240,Introduction to Film Analysis,1,,,"Introduces different strategies and different approaches for analyzing film and video texts, including formal, narrative, social/cultural, and feminist. Students will develop an understanding of the grammar, vocabulary, and conventions of film and video production and the factors that shape viewers' reception.",
COM,242,"Twentieth Century Media: Film, Radio, & Television",1,,,"Analyzes the historical development of radio, film, and television genres, technologies, and formats and considers the cultural, economic, political, and social climates in which they evolved.",
COM,246,Copyright & Culture,1,,,"Copyright was envisioned in the United States as a motivating force for creativity in ""science and useful arts."" Yet the scope and duration of copyright have expanded dramatically in recent decades. How does this expansion affect both the user and producer of creative works? Has copyright achieved its creative ends, or outgrown its usefulness to become a hindrance to creativity? Students in all disciplines will benefit from learning in this course the fundamentals of copyright law that pervade our everyday lives, affecting our use and authoring of creative works. The course will cover among other key elements the history of copyright, the process of acquiring copyright, the scope and duration of copyright, the public domain, fair use, acquiring permission, and the Creative Commons.",
COM,251,Introduction to Moviemaking,1,,,"Introduces basic concepts of time-based visual media (film, video, digital) with an emphasis on the perception, operation, and experience of moving images, kinesics, and the structure and aesthetics of cinematic language. Students will learn how to work with cameras and audio and post-production equipment",
COM,"252, 253",Introduction to Podcasting,1,,,"Podcasting has emerged as one of the fastest growing forms of online media today. This course explores the historical roots and current developments of podcasting, including its roots as a DIY medium, popularization in the mid-2000's, subsequent explosion and platformization following the runaway success of Serial in 2014. Students will be introduced to key genres of podcasting such as narrative documentaries, interviews, and audio fiction via critical listening and reflection. Through a series of short audio projects and a podcast pitch, students will also learn the basics of podcasting production, such as program planning, microphone techniques, interviewing, writing for the ear, and audio editing.",
COM,256,Introduction to Interactive Web Design,1,,,"This course explores how (and what it means) to create, design, and build your own digital online cyberspace environment. The class focuses on visual (game) encounters, virtual reality, and mobile media. Students map out original project idea(s) learning and using multimedia apps and HTML code. This course is for students exploring the convergence of art, music, film, and media. Working on their projects, students learn the skills for conceiving, designing, and constructing a Web 2.0 (interactive) environment. This class does not require students to have any pre-existing design skills or computer knowledge.",
COM,257,Introduction to Audio Production,1,,,"Introduces the tools, techniques, and principles of radio production. Students develop awareness of sound, the ability to structure information on the radio, and the capacity to sustain attention and build an audio documentary. Students will plan, produce, and evaluate audio projects in a variety of modes, including news, documentary, dramatic, and commercial.",
COM,260,Graphic Design Lab,1,,,"The Graphic Design Lab is a 200-level, practice elective in which each participant develops multiple, connected design works to inform, engage, and motivate audiences. Students gain design literacy through theoretical, technical, and practical experience in human-centered mediamaking in a hands-in, collaborative workshop.",
COM,301,Media Theory & Methods,1,"COM 201 Media & Society and COM 230, 231 Documentary Research.",,"Explores classic and contemporary media theories and research methodologies, including the historical and philosophical foundations of paradigm formation in media research, the social and institutional contexts that led to the emergence of the communication discipline, and current controversies within the field. This course builds upon principles and concepts introduced in Media & Society.",
COM,312,Media Industries,1,,,"Considers the forces (legal, political, economic, historical, and cultural) that shape what we watch on television, read in books, or hear on the radio. Explores a wide range of print and electronic media industries as well as developing media like the Internet. Economic and critical analysis is used to examine both the institutional forces and individualized decisions that ultimately shape the content and format of mass media messages. Selected topics include media conglomeration, target marketing, media integration and digital television, and globalization of media markets.",
COM,314,Audience Analysis,1,,,"Examines the concept of audiences from a variety of qualitative and quantitative research perspectives: as ""victims,"" users, subcultures, and market commodities. Television ratings, public opinion polls, and other strategies for measuring audience feedback are analyzed and assessed.",
COM,316,Propaganda & Promotional Cultures,1,,,"Examines the historical development, social roles, communicative techniques, and media of propaganda. Thematic emphasis varies from semester to semester with case studies drawn from wartime propaganda, political campaigns, advertising, and public relations.",
COM,319,Video Game Cultures,1,,,"Examines videogames as a theoretically contested object and pervasive cultural form. Considering questions of play, pleasure, narrative, computation, genre, art, industry, embodiment, violence, race, gender, and sexuality, students will closely play videogames and critically analyze them in terms of their formal structure and aesthetics as well as their social and ideological contexts.",
COM,323,Comics Journalism,1,,,"In this course, we will examine the emerging genre of comics journalism from a critical perspective, both as readers and as creators of the form. For about the first half of the semester, we will focus on reading examples of comics journalism and scholarship to develop our analytical skills regarding the formal, representational, and ethical aspects of the genre. In particular, we will focus on how comics journalism has represented global crises and movements for social justice. For the second half of the semester, we will focus on reporting and creating our own original pieces of comics journalism.",
COM,"325, 326",Environmental Journalism,1,,,"This course will introduce students to examples of award winning journalism covering the environment. Students will read examples from newspapers, magazines and books, analyze the writing for best practices in reporting and critique writing style and storytelling technique through reflections and discussion. The course will culminate with an original reporting project with the goal of publishing it online.",
COM,327,Audio & Sound Design Workshop,1,"COM 225 Introduction to Journalism, COM 251 Introduction to Moviemaking, COM 252, 253 Introduction to Podcasting, or COM 257 Introduction to Audio Production",,"This is an advanced course in audio production, podcasting, and sound design. The purpose of this course is build upon students' audio knowledge and production abilities to create original creative works using skills in audio recording, mixing, processing, editing and sound design. Students will explore creative and artistic approaches to audio production in a number of contexts such as: podcasting, narrative radio journalism, foley, and sound design for video, film, and online media.",
COM,"336, 337",Environmental Communication,1,,,"Explores theories, models, and strategies for production and assessment of environmental communications. Examines environmental media and campaigns; provides students with skills to identify and solve problems in environmental communications and in the production of environmental media. Emphasizes writing.",
COM,341,Social Media & the Self,1,,,"Explores the performance of identity on social networking sites like Facebook and Tumblr, against the backdrop of the history of consumer culture. A core theme is the tension and overlap between ideals of authenticity and self-possession. Other themes include subcultural style, emotional labor in the workplace, and self-help culture. Students explore the online self with the emergence of the internet and into the Facebook era, with an emphasis on changing definitions of public and private, algorithmic memory, gender and sexuality, and the economics of sharing.",
COM,346,Exploratory Cinema,1,,,"Examines the origin and growth of ""avant-garde"" cinema. Traces the history of film and video art from the early 1920s to the present, focusing on its structural evolution, thematic shifts, coexistence with commercial cinema, and its impact on contemporary media.",
COM,350,Teen Media Cultures,1,,,"This course investigates the meanings of media in children's lives. It adopts a cultural historical approach to understanding the role of media in children's cognitive, social, and moral development. Looking at children's interactions with media artifacts, it considers how childhood is constituted by the languages and images of media and situates these interactions within the broader political economic context constructing the child consumer. Children's media studied include television programs, video and computer games, films, books, toys, and the Internet.",
COM,"351, 352",Intermediate Moviemaking,1,COM 251 - Introduction to Moviemaking.,,"Refines an understanding of video/television concepts and operations through the application of advanced production techniques. Provides hands-on experience beginning with the development of a professional project, treatment, script, and storyboard. Focuses on production tools and skills, class workshops, and outside exercises that facilitate becoming comfortable with camera and editing equipment and with the overall production process. Conceiving, coordinating, shooting, and editing the project, production teams will encounter real-time pressure and problem-solving situations.",
COM,353,The Age of AI,1,,COM 201 Media & Society or permission of instructor,"We are surrounded by utopian visions of technology in our popular culture. New innovations such as cloud computing, mobile apps, and now artificial intelligence (AI) promise to make our lives easier, more productive, and more enjoyable. What's often missing in our popular imagination are the broader social, economic, and cultural contexts that help us understand the real impacts of technology on our society. In this course, we consider the rise of generative AI as well as some of the social, political, economic, and ecological impacts of its widespread adoption.",
COM,367,Studio Workshop in Television & Film,1,COM 251 Introduction to Moviemaking recommended.,,"Beginning with a survey of the promise and demands, historical, economic, and political circumstances surrounding community television, this course broadens students' exposure to television formats beyond mainstream commercial media. The course examines the history and innovation of community television in the United States and overseas. It provides students an opportunity to explore how to channel ideas into practice by expanding students' established skills (research, writing, scripting, producing, directing, multi-camera and audio strategies, staging and lighting, post-production). Toward that goal, the course engages students in the production of a regular series of documentary, narrative, and experimental television and film projects that will be realized during a multi-week intensive studio experience. Multimedia and interdisciplinary projects involving theatre, art, dance, and music will be welcome.",
COM,370,Popular Culture & Communication,1,,,"Traces the development of popular forms with emphasis on the ways that social class has structured access, use, and creation of cultural artifacts and practices. Topics explored include both commercial and non-commercial forms of amusements, leisure, and entertainment.",
COM,"372, 373",Race & Representation,1,,,"Explores the social construction of the concept of race and barriers to communication erected by prejudice, discrimination, and marginalization of minority voices. Examines topics in multicultural, cross-cultural, and interpersonal communication as well as analysis of documents, personal narratives, and media images. Primary emphasis is placed upon African American experience in the U.S.",
COM,374,"Gender, Communication, & Culture",1,,,"This course explores how culture establishes, maintains, and cultivates gender through forms of social movements, communication, and institutional structures, particularly commercialized media. Students will examine how youth and adults are socialized to think, talk, and make sense in American culture; the implications of these differences for the construction of gendered identities (e.g., masculinity, femininity, transsexuality), communication, and relationships; and the construction of gender in media, including digital and print advertising, television programs, the Internet, books, magazines, video games, and the cinema.",
COM,"378, 379","Sport, Culture, & Media",1,COM 201 Media & Society.,,"Explores the cultural artifacts, historical developments, and related systems of power that comprise sport media. Students observe, document, and analyze mediated sport and its prominence in our cultural environment. Includes analysis of the conventions of sports journalism (electronic and print) and transformations in those arenas. Emphasizes writing.",
COM,401,CUE: Ways of Seeing,1,COM 301 Media Theory & Methods,,"This seminar is the required culminating course for the Media & Communication major. Building on the major's other required courses, Ways of Seeing is designed to challenge the binary between theory and practice, through the idea of media analysis through media making. Bi-weekly units are organized around a mode of ""seeing"" (in a deliberately capacious sense of that word) like ""text"" or ""image."" For each unit, provocative and often theoretical readings are paired with limited media-making training appropriate to that mode. Students grapple with theory in the process of making, which in turn informs their critical thinking.",Seniors only
COM,431,Advanced Documentary and Journalism Work,1,"COM 230, 231 Documentary Research or instructor permission.",,"Advanced Documentary and Journalism Work develops advanced skills in documentary inquiry and practice. Provides tools and opportunities for developing skills in interviewing for archival, journalistic (print and electronic), social scientific, and administrative purposes. Introduces the principles and practices that archivists and records managers apply, including appraisal, arrangement, preservation, and management. Course is organized using an interconnected design 1) to identify, select, organize, preserve, and make accessible historical materials in a variety of archival formats to the public at large and 2) to design and develop individual or group documentary projects in selected media. Completed project(s) will be exhibited in some campus or public forum and online.",
COM,467,Advanced Moviemaking,1,"COM 351, 352 Intermediate Moviemaking",,"Students explore the convergence of video and digital media while studying the problems of constructing narrative and documentary texts within emerging experimental formats. Through their research-production projects, students learn to work with more advanced visual and organizational concepts and tools. Legal and ethical issues involved in media production are considered. Students present ongoing work and final projects in either an online or broadcast venue.",
COM,472,CUE: Honors Advanced Research Seminar,1,COM 470 Media & Communication Honors Seminar,,"This course is modeled on a graduate seminar and is oriented towards giving select students the opportunity to write work that is original and rigorous, builds on your coursework as a major in Media and Communication, and if desired could be used as a writing sample in graduate school applications. In our course meetings, we will work on refining your honors thesis draft, as well as discuss readings and other resources designed to help you develop your research presentation skills and a public and academic audience for your thesis research. Students will also participate in peer review workshops to provide feedback to each other about their drafts. These drafts and peer review workshops are part of the overall grade for the course.",
COM,960,Communication Internship,1,"COM 230, 231 Documentary Research and instructor permission.",,"Designed to provide both an educational experience and an opportunity to work with professionals in practical preparation for a career; the internship includes a significant academic (written and/or production) component. Under faculty supervision, students will serve as interns with newspapers, television and radio stations, advertising agencies, public relations firms, publishers, health, environmental, sports, and human and public service organizations. Students must have completed the sophomore year. Does not count toward the nine courses required by the major.",
COM,970,Media and Communication Independent Study/Research,,,,Each independent study/research course is to be designed in consultation with a faculty sponsor.,
CSI,102,Computer Science I: Introduction to Game Programming,1,,,"An introduction to Computer Science through the programming of games. Emphasis is given to the creation of arcade style games incorporating animation, user interaction, and sound effects. Students learn to use game development, audio, and image manipulation software in designing and constructing their games. The course is intended for those with no prior experience in computer science but with a desire to hone problem solving and computing skills with a focus on game programming.",
CSI,104,Computer Science I: Introduction to Robotics,1,,,"An introduction to Computer Science through the programming of robots. Mobile robots controlled over wireless communications links are used to investigate basic concepts in both robotics and computing. Students will learn how to control the movement of a robot through its world. This includes sensing surroundings and making decisions on how to modify behaviors to attain prescribed goals. The course is intended for those with no prior experience in computer science, but with a desire to hone problem solving and computing skills with a focus on robotics.",
CSI,106,Computer Science I: Introduction to Multimedia Computing,1,,,"An introduction to Computer Science through multimedia computing. Students will learn to create and use software to manipulate multimedia, including images, sounds, and web sites. Topics also include algorithm design and development, control structures, data types, and testing. Topics may vary from year to year depending on student interests, but will likely include ""filtering"" (e.g., color shifting, posterizing, and pitch shifting), music synthesis techniques, reading and writing files, and developing simple graphical user interfaces (GUIs). This course is intended for those with no prior experience in computer science but with a desire to hone problem solving and computing skills with a focus on multimedia.",
CSI,109,Computer Science I: Introduction to Data Science,1,,,"Students will create, and implement applications that extract, manipulate, and analyze data. Topics from foundations of computational thinking (i.e. loops, lists, files) and data visualization are covered in the context of data analytics and the programming language Python. Intended for students without prior programming or computer science experience, but with a desire to hone problem solving and computing skills with a focus on data science.",
CSI,111,Computer Science II,1,Any Computer Science I course with a grade of C- or above.,,"Reviews basic programming language features and introduces advanced features such as inheritance, interfaces, exceptions, and recursion. Explores fundamental data structures and algorithms, including vectors, linked lists, stacks, and queues as well as algorithms for searching and sorting. Students will study, design, and develop programs with multiple files, classes, and objects.",
CSI,210,Software Engineering,1,CSI 111 Computer Science II.,,"A project-based study of the theory, practice, processes, and tools used to design, build, and maintain large software systems. Topics include requirements analysis, system architecture, design, testing, maintenance, and project maintenance, as well as professional practice, risks, intellectual property, and social impact of computing.",
CSI,220,Data Structures & Algorithms,1,CSI 111 Computer Science II.,,"A study of data structures and algorithms, their practical applications, and key techniques for designing, analyzing, and reasoning about them. Topics include lists, hash tables, trees, and graphs. Students will study, design, and develop programs that use, implement, and extend classic and novel data structures and algorithms.",
CSI,240,Computer Organization,1,CSI 111 Computer Science II.,,"An introduction to the architecture and operation of a computer system. Topics include data representation, assembly language programming, boolean algebra, digital logic, and combinational and sequential circuits.",
CSI,305,Database Systems,1,CSI 220 Data Structures & Algorithms.,,"An introduction to relational database systems. Topics covered include ER diagrams, relational algebra, structured query language (SQL), and fundamental data structures. Modern database management system software is used to implement course projects.",
CSI,310,Programming Languages,1,CSI 220 Data Structures & Algorithms.,,"A study of the principles that govern the design and implementation of contemporary programming languages. Topics include lexical properties, compilers, interpreters, data structures, control structures, parameter passage, and run-time environments. Procedural, functional, object oriented, and logic programming languages will be considered.",
CSI,315,Cybersecurity,1,CSI 220 Data Structures & Algorithms,,"This course provides a comprehensive introduction to the field of cybersecurity, covering various aspects such as web security, network security, computer security, cryptography, etc. Students will explore common attack mechanisms and learn best practices to prevent these threats, equipping them with the foundational skills needed for protecting information and systems. Through hands-on lab exercises, students will apply theoretical knowledge to real-world scenarios, gaining practical experience in defending against cyber threats. The course aims to offer a balanced mix of theory and practice, providing a strong foundation for those who wish to pursue advanced studies in cybersecurity.",
CSI,320,Human-AI Interaction,1,,CSI 220 Data Structures & Algorithms,"This course provides an introduction to the field of human-computer interaction, an interdisciplinary field that integrates computer and cognitive sciences, as well as design. Students can gain knowledge about the factors that influence usability and acceptance of interactive systems by studying the human factors associated with them. Interactive systems will be examined from the perspectives of human performance, technology components, methods, and techniques.",
CSI,326,Artificial Intelligence,1,CSI 220 Data Structures & Algorithms and MTH 121 Calculus I.,,"An introduction and survey of the opportunities and challenges in solving problems often thought to require human intelligence. Topics may include intelligent agents, searching, learning, planning, natural language processing, machine vision, and robotics.",
CSI,330,Machine Learning,1,CSI 220 Data Structures & Algorithms,,"This course offers a comprehensive exploration of the methodologies employed in deriving insights from data. It encompasses a broad spectrum of machine learning strategies, including but not limited to data pre-processing, visualization, classification, and regression techniques pivotal in the realm of analytics. The curriculum provides a balanced focus on both classical and modern learning paradigms, with a particular emphasis on the principles of artificial neural networks and advanced deep learning approaches. The theoretical knowledge imparted will be consolidated through practical engagement with cutting-edge computational tools. Instructional content and assignments will be predominantly based on the Python programming language, leveraging its extensive ecosystem for machine learning applications. It is recommended that students possess a basic understanding of linear algebra, statistics, probability to fully benefit from this course.",
CSI,345,Web Software Development,1,CSI 220 Data Structures & Algorithms .,,"The tools and techniques used to create computer programs having graphical user interfaces (GUIs) making use of the World Wide Web. Topics will include XHTML, Javascript, CGI programming, and AJAX. Course projects will use two- and three-tiered network architectures and utilize programming environments such as Java servlets or PHP.",
CSI,350,Operating Systems,1,CSI 220 Data Structures & Algorithms,,"Introduction to the management of processes, memory, and I/0 devices in a multiprogramming environment. Topics include file systems, resource sharing, scheduling, interrupts, and concurrency.",
CSI,355,Computer Networks,1,CSI 220 Data Structures & Algorithms,,"The concepts and techniques used to implement communications using computer networks. Topics include the ISO network model, sockets, and the internet protocols of TCP/IP. Link layer protocols such as Ethernet and wireless are also covered.",
CSI,370,CUE: Computer Science Seminar,1,"CSI 210 Software Engineering, CSI 220 Data Structures & Algorithms, and CSI 240 Computer Organization.",,Advanced study of selected topics. Students work in teams on a significant software project.,
CSI,970,Computer Science Independent Study/Research,,,,Each independent study/research course is to be designed in consultation with a faculty sponsor.,
DEI,550,"Foundations of Diversity, Equity, and Inclusion",0.5,,,"This course is an overview of theoretical and methodological issues in Diversity, Equity, and Inclusion. Topics include consideration of the individual categories - highlighting where they overlap and diverge, analyzing their utility, opportunities and challenges - as well as an introduction to the broader conceptual framework, including social justice and the theory of intersectionality. Additionally, students will begin to engage the tools of effective dialogue around difficult issues, including but not limited to practical strategies for effective communication and conflict resolution. Upon successful completion of the course, students will: 
 
 ● Apply knowledge and understanding of relevant DEI frameworks and theories to individual, interpersonal, and institutional contexts. 
 
 ● Engage with complex perspectives and experiences using an intersectional, rather than single-issue, approach.",
DEI,553,Diversity and the Organization,0.5,,,"Linking theory to practice, this course examines the ways in which organizations (whether public, private, corporate or non-profit) reflect values of equity and inequity in the workplace and subsequently impact employee growth, development, and performance. Emphasis will be placed on both organizational policy and organizational culture. Finally, through simulation exercises, case studies, and projects, students will learn how effective leadership fosters a sense of belonging, helps employees reach their highest potential, and advances the organization's mission, goals, and values. Though this course is not defined by human resources considerations, this aspect of organizational culture and the legal expectations of employers and employees will also be addressed. Upon successful completion of the course, students will: 
 
 ● Understand what is meant by diversity in the workplace, explore its challenges and benefits, and learn to create a workplace environment that capitalizes on these benefits. 
 
 ● Develop an understanding of the multitude of ways in which power and privilege impact organizations and shape employee experiences and career trajectories. 
 
 ● Learn about inclusive organizational leadership and effective change management. 
 
 ● Become familiar with the laws that regulate issues related to diversity, equity and inclusion in the workplace.",
DEI,556,"Literature, Social Justice, and Current Events",0.5,,,"In the midst of global chaos that includes widespread racialized violence, a pandemic, and continued support for the systems of oppression and marginalization that allowed for the former and amplified the devastation of the latter, the world can feel impossible to navigate – and, more importantly, to change – without a roadmap. While pieces of that map are scattered in a variety of places, many of them fall within literature, which plays a significant role in both reflecting and shaping everything around us. In this course, we will put literature and current events in constant dialogue, as we allow our texts to transport us into the lives of people from across the nation and the globe who possess a variety of identities and experiences. We will explore how stories remind us that difference should be celebrated and that we are all citizens of the same world, dependent upon and connected to not only the people sitting next to us and waiting for us at home, but also the people we have never met and might never meet, except within the pages we will soon hold in our hands. 
 
 This course is composed of units revolving around current events that center on social (in)justice issues. For each unit, we will read texts that explain relevant historical contexts, current event articles related to the issue, and literature that speaks to the unit's theme. The units intersect with each other, and our conversations about systemic racism, COVID-19, transphobia, xenophobia, mental health, climate change, environmental injustice, misogyny, and more will overlap. These topics are not separate, unrelated issues, but, rather, are intertwined parts of violently hierarchical systems. And yet, despite the overwhelming nature of these systems, we will also spend the semester discussing ways to dismantle them – because they can be dismantled. To that end, your concluding assignment will be to produce a grassroots organization proposal that outlines steps you and your organization will take to create real, tangible change around a social (in)justice issue that is close to your heart. Upon successful completion of the course, students will: 
 
 ● Explain the necessity of unlearning Eurocentric, racist, and heteronormative modes of understanding and explaining the history and current state of our world; 
 
 ● Comprehend the role literature plays in revealing, grappling with, and producing the ethnic, racial, socioeconomic, religious, gender-based, ability-based, and other hierarchies that shape our world – and the role those contexts and hierarchies play in shaping literature; 
 
 ● Reflect thoughtfully on complex issues facing twenty-first century society and use literature to consider and propose new ways of addressing those issues and creating a more just world.",
DEI,557,Disabilities/Difference in America,0.5,,,"This course will investigate how disabilities and difference have been defined and regarded, shaping and being shaped by the interrelationships of culture, law, politics, policy and education. Through the lenses of education and disability studies, students will compare and analyze representations of disability and difference across time and populations. The inherent tensions and debates between the various proposed models defining disability will also be analyzed. Topics include Deaf culture, intellectual disabilities, chronic illness, mental health, Tourette's, autism, giftedness, and gender identity. The complexities of what we know, how we know it and the ways in which disability has been represented and, in some instances, misrepresented in American society thereby perpetuating stigma and stereotypes will be examined. Throughout the course students will be encouraged to compare and analyze these representations with a critical eye for accuracy, common stereotypes and themes that may be problematic in shaping beliefs about disability and perceptions of difference or may in fact have the power to propel and enable individuals and communities to move toward further integration, participation and empowerment. Upon successful completion of the course, students will:
 ● Identify how constructs of disability and difference have been defined and have shaped and been shaped across time and populations, recognizing the ethical, political and social realities.
 ● Develop a critical lens through which to view and question these representations, distinguishing credible portrayals and narratives from ones that perpetuate stereotypes and stigmas.
 ● Articulate ways in which issues of disability and difference intersect with gender, race, and class.
 ● Identify preconceptions of disability and notions of ""normal"" and begin to identify different ways in which to contextualize difference, thereby challenging beliefs and attitudes.",
DEI,559,Communicating Across Differences,0.5,,,"This course will engage students in a structured dialogue format to explore intergroup and intragroup differences and similarities within historical and contemporary contexts. This unique experiential learning opportunity offers practical tools for effective communication across domains of difference - careful listening, offering and receiving feedback, nonverbal messaging - using social justice and equity-centered dialogic methodologies. Upon successful completion of the course, students will: 
 
 ● Develop interpersonal communication and group facilitation skills fundamental to effectively engaging issues of diversity, equity, and inclusion within organizations and communities. 
 
 ● Understand the framework of structured, sustained dialogues across social, cultural, and political differences within small group settings.",
DEI,562,Structural Inequalities in Social Systems,0.5,,,"This course examines both systems of inequalities of conditions and opportunities within American society through the complex intersections of race, ethnicity, class, gender and sexuality. The course presents theoretical frameworks that explain distributions of power and privilege, and seeks to identify sources of inequality, its manifestations and varying impact on individuals, families and communities, and its persistence over time and across generations. Upon successful completion of the course, students will: 
 
 ● Gain knowledge of social stratification and the study of inequality 
 
 ● Explain and critique major sociological theories of inequality as opposed to individual level explanations of inequality; 
 
 ● Describe and understand the intersectional manifestations of systemic inequality and how these have affected people's lives above and beyond work, income and wealth; 
 
 ● Understand how groups maintain or change their positions within systems of stratification, how systems of stratification change over time, and persist.",
DEI,563,Equity in Schools and Society,0.5,,,"In the United States, there is a long-held belief in the importance of education in the maintenance of a just society. But what happens when schools do not serve students equitably? The focus of this course is just that–to examine the ways in which inequitable and unjust educational systems reproduce social inequality and reinforce injustices in the broader society. In examining this topic, the course materials are drawn from a broad range of interdisciplinary research in education, including philosophy of education, educational policy studies, educational psychology, adult education and educational administration and leadership, critical race theory, and gender studies, among others to examine the consequences of inequitable schooling. Specific topics will vary, but may include the connections between school and work; school discipline and the school to prison pipeline; adult literacy and community-based adult education; race, class, and gender disparities in schools and their social consequences; and schools, healthcare, and mental health services. Upon successful completion of the course, students will:
 ● Identify inequities in educational systems and generate equity-oriented solutions
 ● Explain the complex relationships between inequities in schools and injustices in society
 ● Apply knowledge and theory from educational research to resolve community, workplace, or other institutional issues related to education and equity",
DEI,565,The Psychology of Discrimination and Inclusion,0.5,,,"This course will introduce students to the social psychological research that explores racism, sexism, and other forms of discrimination in our world. Students will explore empirical answers to several critical questions including: How and why are stereotypes and biases formed and maintained? How do our own social identities influence perceptions of others? How do targets of prejudice experience discrimination in their daily lives and how are they affected? How can we reduce the influence of biases and promote intergroup harmony and inclusion? Upon successful completion of the course, students will: 
 
 ● Understand how biases are formed, how they influence thoughts, feelings, and behavior, and how they can change. 
 
 ● Reflect on personal biases and determine ways to interrupt their effects. 
 
 ● Explain strategies to promote positive intergroup relations.",
DEI,568,Ethics of Inclusion and Belonging,0.5,,,"This course will introduce and evaluate various models of ethical reasoning and argument that mandate and further develop inclusion and belonging in any given organization, institution, or society. Together we will explore how a just and equitable society, organization, or institution precludes racism and other forms of discrimination and marginalization, furthermore explaining why such an endeavor is an ethical and moral imperative at the individual and group levels. Upon successful completion of the course, students will: 
 
 ● Understand the ethical foundations of such concepts as, ""inclusion"", ""belonging"", ""equity"", and ""diversity."" 
 
 ● Comprehend and be able to articulate the ethical case for the value of diversity, inclusion, equity, and belonging, particularly in an organization, institution, or community.",
DEI,569,Understanding Religious Diversity,0.5,,,"This course aims to meet the goal of advancing equity through religious literacy by 1) introducing students to some of the rich diversity of religious thought and practice across and within religious traditions; and 2) exposing students to contemporary issues involving religion such as religious discrimination, cultural appropriation, freedom from/of religion, religion in public education, among others. Through case studies, students will consider the effects of being perceived as religiously ""different,"" and reflect creatively on how to counter and avoid religious biases and othering. Upon successful completion of the course, students will:
 ● Develop a basic understanding of the history, central texts (where applicable), beliefs, practices, and contemporary manifestations of several of the world's religious traditions in particular social, historical, and cultural contexts.
 ● Reflect on how learning about unfamiliar religious traditions challenges and/or supports their understanding of religion, and reflect on the current-day implications of religious illiteracy.
 ● Consider and assess different responses to religious diversity, and reflect on how knowledge about religious diversity can be used to develop more equitable policy, law, and community relations",
DEI,571,"Inclusive Leadership: Outcomes, Assessment, and Impact",0.5,,,"This course will prepare students for their culminating project to be completed during the next session by challenging them to consider their own professional context. Emphasis will be placed on ensuring students begin developing a comprehensive assessment strategy and gain experience analyzing existing quantitative and qualitative data to conduct a holistic workplace assessment and recommend next steps in developing a culture of equity and belonging. Upon successful completion of the course, students will: 
 
 ● Understand methodologies for collecting, analyzing, and communicating various types of quantitative and qualitative data. 
 
 ● Utilize existing data to gain greater insight on organizational strengths and challenges in preparation for the culminating project.",
DEI,590,Culminating Project Seminar,1,,,"This seminar, building off of the work started in DEI 571, will provide students with support for completing their culminating project. This project will examine the students' present workplace context and describe its culture, challenges and opportunities. Students will, as part of the project, draft a list of recommendations that comport with legal requirements, that make improvements on the climate of the workplace and foster a sense of belonging. Upon successful completion of the course, students will: 
 
 ● Integrate theory and practice into a quality project designed to address a diversity, equity, and inclusion concern within their own organizational or community context.",
DNA,100-199,Dana First-Year Seminar,1,,,"The Dana First-Year Seminar is a small, discussion-oriented course that provides entering students with the opportunity to work closely with a faculty member. First-Year Seminars promote intellectual discussion and critical thinking, reading, and writing skills. Offered by faculty members from departments throughout the College, the seminars share an emphasis on closer reading and thinking critically about the values and assumptions underlying various approaches to knowledge.",
DNA,201,Dana Sophomore Seminar,0.5,,,"This course is a requirement of the Dana Program and is designed for Dana students in their sophomore year. It is focused on developing an understanding of civic and intellectual engagement and how Danas, as leaders, can understand and affect their communities both on campus and in society at large. The seminar is tied to the annual program theme of Muhlenberg's Center for Ethics. The seminar serves to blur the boundaries between scholarship and citizenship, and prepares Danas for the senior Capstone experience in the Dana Forum.",
DNA,955 & 956,Dana Forum,0.5 units/semester,,,"The Dana Forum is designed as a senior year capstone experience to further develop the Dana Program ethic of the citizen scholar. Students register for the Forum in the Fall and Spring semesters of their Senior year. In the Fall semester, students explore what it means to engage in public-facing research—scholarship that is accessible, relevant, and responsive to communities beyond the academy. Dana scholars examine theoretical frameworks, ethical considerations, methods, and models of public scholarship across disciplines. Emphasis is placed on understanding the role of scholars as civic actors and developing the skills to communicate complex ideas to diverse publics. In the Spring semester, Dana Forum students transform research that they have completed in the past or are in the process of conducting in an appropriate form of public scholarship. The year culminates with a presentation of Dana Scholars' work to the community.",
DNA,975,Dana Scholars Directed Studies,0.5 or 1.0,,,"Students will develop their Dana Scholars Directed Study with a faculty member of their choice. Students are encouraged to develop projects that emphasize creativity or original thought rather than producing summaries of previous work. Dana Scholars Directed Studies can take any form as long as it is agreeable to the student and the mentoring faculty member. The Study may culminate in a paper, performance, presentation, or any other final product deemed appropriate. Open only to Dana Scholars.",
DNC,110,Ballet: Beginner,0.5,,,"Introduction to the fundamentals of classical ballet. Areas covered will include the understanding of correct body placement; positions of the feet, head, and arms; musicality; and the development of the elementary habits of movement applicable to the form.",
DNC,120,Jazz Dance: Beginner,0.5,,,"Introduction to fundamentals of jazz dance technique. Areas covered include polyrhythms, body isolations, movement analysis, and syncopation. Performance of simple dance phrases using fundamental forms.",
DNC,125,Aerial Acrobatics: Beginner,0.5,,,"This course introduces aerial movement techniques on a variety of aerial equipment. Areas covered will include the fundamentals of aerial movement: climbing, inversions, drops, and partnering. The course will also cover cross training on the ground for the development of strength, flexibility, and safety precautions when working in the air. This course will be supplemented by a study of circus history and theory.",
DNC,130,Tap: Beginner,0.5,,,"This course will cover the fundamentals of tap dance technique, composition, and beginning improvisation. There will be an emphasis on the musical component of jazztap with jazz piano accompaniment and rhythm workshops. Flat tap shoes required.",
DNC,135,Black Feminine: Counterpoise,1,,,"The emergence of new black feminine archetypes signal a more balanced power dynamic for women in all areas of human activity. In this course, we will explore the ways this re-balancing or 'Dark Counterpoise', is impacting popular culture, confronting perceptions of feminine beauty, and challenging gender inequities. Long-standing inequity, constructed institutional biases, and a bevy of negative archetypes have made it extremely difficult for many black women to locate themselves in society. Drawing inspiration from the resilience of black women who are illuminating paths for all women today, we will explore the different ways these ideas converge, through the lens of our individual experiences. We will workshop and examine concepts, strategies, and ideas central to the continued development, presence, and dissemination of new black feminine archetypes. This course requires no specific identity signifier(s) nor prior movement experience. It features an embodied movement practice with a focus on artistic expression guided by self-reflection, class and student-led discussions, and critical writing. Course assignments will explore relevant themes in art, films, music, photography, and other media.",
DNC,140,Modern Dance: Beginner,0.5,,,"Introduction to the basic principles of dance movement. Areas covered will include body alignment, coordination, strength and flexibility, and basic forms of locomotion.",
DNC,145,Hip Hop Cultures: Comprehending,0.5,,,"Hip Hop Dance Culture is the introduction to the movement and culture of Hip-hop studies. Students will learn movement from the many different genres that have formulated the growth of Hip-hop culture. Students will learn historical information that is explored by the vocabulary of the movements and its generation. Students will learn skills and techniques that are required of performing these genres of movement. From Swing, and Lindy Hop to the Charleston students will learn historical descriptions and related events will also educate students on the historical significance of this movement and how the historical cultures influenced these dances and their evolution. Coursework will also integrate readings, written/video recording assignments, dance viewing and performance, class discussions, assessments, and critical analysis to further enhance students' understanding and experience of Hip Hop through a historical framework and social/cultural context.",
DNC,150,Black Dance & the Diaspora,0.5,,,"This course is designed to introduce the student to Black dance considering Africa's diaspora. The stories, practices, forms, styles, attitudes and rituals of Black dance can be traced throughout Africa's rich, complex, diverse, and expansive ancestry. Through embodied scholarship, students will experience the ethnographic paradigms of socio-political identity in evolution of Black dance from Africa, with a focus on tradition, appropriation, and learning through how Africa's rich culture, history, and presence in 21st century socio-cultural practices continue to impact humanity.",
DNC,170,Dance & Society,1,"DNC 205 Dance Practices I, THR 100 Theatre & Society: An Historical Introduction , or THR 105 Performance & Society",,"A global survey of dance in various cultural, historical, and social contexts. Students will explore how dance communicates human history and experience. Course work includes dance viewing, reading, critical analysis, and movement exploration.",
DNC,190,Dance Conditioning,0.5,,,"This class conditions dance students to be physically prepared for dance technique class and performance. In-class workouts break down a variety of exercises into a focus on proper alignment and muscle control in order to increase mind-body connection and efficient function. Current literature and research that pertains to general conditioning principles and those specific to the needs of a dancer will be utilized for context and application to the self. Upon completion of this class, students will have learned about and embodied the effects of conditioning principles and exercises and be able to design and critically assess conditioning programs for themselves and others.",
DNC,201,Dance Histories,1,DNC 170 Dance & Society.,,"A lecture/discussion course devoted to the study of nineteenth and twentieth century dance in its social-political and cultural context. Focus on American theatrical dance forms (ballet, modern, jazz) and their origins in French, Russian, German, and African societies. Films, video, and field trips will be used to supplement class discussion.",
DNC,205,Dance Practices I,0.5,,,"An introduction to studying dance through a humanities lens. In addition to practicing two different dance techniques, students will engage with cultural, social, and historical frameworks that facilitate interdisciplinary, experiential learning in the liberal arts tradition. The course invites learning through embodied practice as well as reading, writing, and discussion-based activities.",
DNC,215,Dance Practices II,0.5,DNC 205 Dance Practices I.,,"A continuation of Dance Practice I's fusion of practice and theory, this course surveys different dance-related fields of study and career paths while practicing two differing dance techniques. Students will explore areas related to dance science, dance education, performance, choreography, and arts administration. The course will engage ideas through physical practice, assigned reading and viewing, discussion, and collaborative activities.",
DNC,225,Aerial Acrobatics: Advanced,0.5,DNC 125 Aerial Acrobatics: Beginner or instructor approval.,,"This course is designed to further the student's knowledge of aerial work and circus theory. Through sequencing, choreography, and more advanced strength training, participants will gain stamina and the tools to create transitions between movements in the air. More advanced partnering will be explored as well as how to interact with the apparatus on the ground as a theatrical tool. Students will develop a solo work presented at the end of the semester. The course will be supplemented by studies in international circus history and theory on the role of circus in our current society.",
DNC,235,Dance Partnering,0.5,DNC 160 - Movement Workshop and DNC 310 - Ballet: Intermediate or higher or DNC 340 - Modern Dance: Intermediate or higher.,,"This course is an introduction to and elaboration upon the foundational elements of various dance partnering techniques for trained dancers. An experiential survey course, this class covers Contact Improvisation, Ballroom, Ballet, and other contemporary partnering idioms. Manipulation, lifts, supports, and the development of a kinetic relationship are explored and integrated in a non-gender specific manner in this course through shared transfer of weight, momentum, leverage, counter-balancing, and moving in harmony. This physical work is supported by theoretical readings and video, offering historical and/or cultural context. The course culminates in a creative lab synthesizing the techniques learned.",
DNC,"245, 246",Hip Hop Cultures: Families,0.5,DNC 145 - Hip Hop Cultures: Comprehending or permission of the instructor.,,"Hip-Hop Dance Families is a further continuation of building learning and sharpening techniques that will expose students to the different families of hip-hop. Emphasis will be on how the culture expresses its evolution through movement from Breaking to Stepping, integrating this development within social dance forms and in dance halls. Hip-Hop Dance Families is a participatory movement course that will allow students to identify with the culture, its growth, and influences around the world. Course discussions will integrate specific global issues addressing the oppression and appropriation of African Americans, Latino Americans, other minorities, and genders within their community through this expressive movement that unifies a society. The physical movement learned throughout the course will relate directly to the African diaspora and its evolution within the American dance culture. Coursework will also integrate readings, written/video recording assignments, dance viewing and performance, class discussions, assessments, and critical analysis to further enhance students' understanding and experience of Hip Hop through a historical framework and social/cultural context. This course will take the learner into a deeper conversation with Hip-Hop Dance, and dissect Hip-Hop Dance Families closely so that learners receive a broader understanding of the specified families and their dance techniques. One semester learners will be exposed to House and Dance Hall and its complete culture, theories, grooveology, and history. Another semester, learners will experience Old School Hip-Hop and Breaking allowing the skilled dancer a very in-depth education of the specified families.",
DNC,260,Dance Composition,1,DNC 215 Dance Practices II,,"Theory and experience in structuring movement from simple phrases to complex organizational units. The student will explore in solo, duet, or group forms various devices and motivations used in creating dances. Reading, writing, and critical analysis included.",
DNC,"265, 266",Screen Dance,1,DNC 205 Dance Practices I.,,"Visual Images of the moving body have never been more prominent, and the ability to present one's choreography globally has never been more accessible. This course examines screen dance as a hybrid art form and a cultural phenomenon, combining a theoretical examination of screen dance with the practical experience of creating original dance videos. An exploration of dance's history on screen from Hollywood's movie musicals, music videos, avant-garde explorations, and YouTube will be examined. This course will introduce students to the tools for creating dance in today's digital environment, as well as exploring topics of representation and kinesthetic possibilities for filmed bodies. In this Integrative Learning experience, students explore the intersection of bodies, movement, and the moving image, in collaboration with COM 351, 352 Intermediate Moviemaking.",
DNC,275,Anatomy & Kinesiology for Dancers,1,BIO 102 Concepts of Biology: Biology of Movement or BIO 165 From Ecosystems to Organisms.,,"This course examines the science of human motion with particular emphasis on the biomechanics of dance. Course content covers the human skeletal system; joint biomechanics relevant to dance; muscle origin, insertion, and action; and the role gravity plays in muscle action. Analysis of physical structure, function, and dynamic alignment as they relate to performance enhancement and injury prevention are investigated.",
DNC,310,Ballet: Intermediate,0.5,Permission of instructor required,,"For the intermediate level ballet dancer who has a solid foundation in alignment and ballet vocabulary. Emphasis is on expanding dance technique, dancing with clear musical phrasing and a range of effort qualities, accents, and dynamics.",
DNC,320,Jazz Dance: Intermediate,0.5,Permission of instructor required,,"For the intermediate dancer with strong dance foundation able to execute multiple turns, multi-dimensional phrase work, jumps and isolations within jazz styles.",
DNC,325,Street Jazz Funk: History,0.5,,,"Street Jazz Funk History is the introductory course to the fusion of Hip-Hop and Jazz techniques. Dancers will learn movement from many different influencers and artists who helped define this style of Jazz Street Dance. Dancers will be exposed to various street jazz styles to develop a strong sense of skill sets when performing and producing industrial and commercial movements. Dancers will also receive training in building stronger comprehension tools and understanding the demands of being a commercial Jazz Funk artist. Students will learn the historical significance of this dance movement, its influence on the world, and its social connection to the world. Gaining a worldwide scope on the social influences of this dance culture and its contributions to the artistic expression of Jazz dance.",
DNC,330,Tap: Intermediate,0.5,Permission of instructor required,,For the intermediate dancer who accurately taps extended combinations and rhythmic phrases with increasing speed. Work emphasizes correctly counting and maintaining tempos while also developing a personal style and improvisational abilities.,
DNC,340,Modern Dance: Intermediate,0.5,Permission of instructor required,,"For the intermediate level modern dancer with emphasis on spinal articulation and integration, muscular control and joint mobility in increasingly complex phrase work. Students work on expanding their range of effort qualities and musical sophistication.",
DNC,345,Pointe & Variations,0.5,DNC 410 Ballet: Advanced,,"This course focuses on the development of strength, stamina, and artistry of dancing en pointe in a variety of balletic styles from an array of artistic eras. Musicality, dynamic range, and the physical techniques of expressive dancing en pointe provide the foundational emphasis of the course. Concurrent registration in ballet technique strongly recommended.",
DNC,350,Teaching Dance: Theory & Methods,1,DNC 205 Dance Practices I.,,"This course introduces various theories of dance/movement education and how they apply in a variety of populations in diverse settings (pre-school, K-12, special populations, community crossovers, private studios, and older adults). Course work includes lecture, class discussion, guest speakers, reading, observation, written analysis, peer teaching, and fieldwork.",
DNC,360,Advanced Dance Composition,1,DNC 260 Dance Composition.,,"Advanced theory and experience in creating dances. Studio work in movement exploration and compositional structure are complemented by films, video, trips to see dance, critical analysis, and reading and writing assignments.",
DNC,365,Teaching Dance Technique,1,,,"This course examines methodologies for teaching dance technique, focusing primarily on the progression of teaching dance technique across dance styles, from the beginner to advanced level. Course work includes lecture, readings, class discussion, guest speakers, studio movement labs, critical feedback, observation, written analysis, lesson planning, video/reflection, dance teaching portfolio development, peer teaching labs, and fieldwork.",
DNC,375,Science & Art of Human Motion,1,,,"Through this course, students will expand their understanding of anatomy and biomechanics, while additionally exploring the physiology and exercise science principles behind movement practices, peak performance, and injury prevention. Acquiring and applying skills for observation, analysis, and optimization of movement and alignment will be a primary focus of the course, while investigation and incorporation of somatic practice principles will accompany the study of dance and motion from a health and wellness perspective. Lab work will focus on active engagement of the above-mentioned concepts through reading, writing, and movement-based learning. Upon completion, students will be able to strategically and systematically analyze dynamic movement patterns while identifying effective methods for maximizing performance in themselves and others. Participants should have a background in a movement-based sport, dance, or other activity that allows them to draw on prior or current experience in relationship to the course content and objectives. It is recommended that students have had previous course work in anatomy.",
DNC,410,Ballet: Advanced,0.5,Permission of instructor,,Concentration on specific techniques fundamental to expertise in classical ballet. Increasingly complex combinations at the barre and in center work. Further development of performance technique and personal style in the classical genre. Composition and pointe work included.,
DNC,420,Jazz Dance: Advanced,0.5,Permission of instructor required for 420.,,"Advanced principles of jazz dancing: complex rhythmic analysis, extended movement phrases, development of individual jazz dance style. Compositional studies in jazz dance.",
DNC,430,Tap: Advanced,0.5,Permission of instructor required,,"Advanced principles of tap dance, including improvisation, choreography, complex rhythmic analysis, and development of individual style.",
DNC,440,Modern Dance: Advanced,0.5,Permission of instructor required.,,"Refinement of technical clarity, performance skills, and composition. Musicality, interpretation, and learning longer movement sequences",
DNC,475,Contemporary Ballet,0.5,"DNC 310 Ballet: Intermediate, DNC 410 Ballet: Advanced",,"This course will use a foundation in classical ballet technique and vocabulary in order to launch into explorations of more nuanced expression and incorporate an Afro-Latino rhythmic sensibility. Movement and phrasing will utilize a greater usage of syncopation, an enhanced sense of groundedness, and a focus on presence and movement.",
DNC,490,CUE: Advanced Research in Dance,1,"DNC 201 - Dance Histories and DNC 375 - Science & Art of Human Motion if dance science concentration, DNC 360 - Advanced Dance Composition if choreography concentration, DNC 365 Teaching Dance Technique if dance education concentration.",,"This course serves as the Culminating Undergraduate Experience in which students apply and integrate skills and knowledge from previous dance courses they have taken. The course emphasizes research methodology, critical thinking, creativity, writing, and presentation skills. Faculty and students work together to develop appropriate research projects and venues for presentation based upon area of dance major concentration.",
DNC,"930, 931",Dance Ensemble: Reset,0 (0.5 when registered as 931),,,"By audition only, this ensemble provides students with the opportunity to rehearse and perform in a variety of dance styles. Enrollment in this course requires simultaneous registration in a dance technique class for credit. This course supplements technique training by allowing students to explore diverse choreographic processes while refining their dancing and performance skills. Through this work, students will expand their dance vocabulary, broaden their stylistic range, and cultivate a confident and professional stage presence. The ensemble meets twice weekly and culminates in multiple public performances held in one of our performance spaces during the fall semester. This course may be repeated.",
DNC,932,Dance Ensemble: Studio Sessions,0,,,"By audition only, this ensemble provides students with the opportunity to rehearse and perform in a variety of dance styles. Enrollment in this course requires simultaneous registration in a dance technique class for credit. This course supplements technique training by allowing students to explore diverse choreographic processes while refining their dancing and performance skills. Through this work, students will expand their dance vocabulary, broaden their stylistic range, and cultivate a confident and professional stage presence. The ensemble meets twice weekly and culminates in multiple public performances held in one of our performance spaces during the fall semester. This course may be repeated.",
DNC,"934, 935",Dance Ensemble: In Motion,0 (0.5 units when registered as 935),,,"By audition only, this ensemble provides students with the opportunity to rehearse and perform in a variety of dance styles. Enrollment in this course requires simultaneous registration in a dance technique class for credit. This course supplements technique training by allowing students to explore diverse choreographic processes while refining their dancing and performance skills. Through this work, students will expand their dance vocabulary, broaden their stylistic range, and cultivate a confident and professional stage presence. The ensemble meets twice weekly and culminates in multiple public performances held in one of our performance spaces during the fall semester. This course may be repeated.",
DNC,"936, 937",Dance Ensemble: FUSE,0 (0.5 when registered as 937),,,"By audition only, this ensemble provides students with the opportunity to rehearse and perform in a variety of dance styles. Enrollment in this course requires simultaneous registration in a dance technique class for credit. This course supplements technique training by allowing students to explore diverse choreographic processes while refining their dancing and performance skills. Through this work, students will expand their dance vocabulary, broaden their stylistic range, and cultivate a confident and professional stage presence. The ensemble meets twice weekly and culminates in multiple public performances held in one of our performance spaces during the fall semester. This course may be repeated.",
DNC,950,Community Performance Ensemble,0.5,,,"Members of the Community Performance Ensembles in dance and theatre develop, rehearse, and tour programs (dance performances, plays, and interactive dramatic pieces) for presentation at schools, community centers, and senior citizen residences. In addition to participation in the touring ensemble, students will be expected to submit a journal about their experience in mounting the production and touring to diverse audiences. Audition may be required for participation. May be repeated for credit.",
DNC,960,Dance Internship,,,,"Each internship is to be designed in consultation with a faculty sponsor and an on-site supervisor, and will include an academic project to be defined by and submitted to the faculty sponsor for evaluation. Graded Pass/Fail only.",
DNC,970,Dance Independent Study/Research,,,,Each independent study/research course is to be designed in consultation with a faculty sponsor.,
ECN,101,Principles of Macroeconomics,1,,,"The fundamental determinants of economic activity, inflation, depression, international finance, and development. Monetary, banking, and fiscal institutions are considered in relation to their role in contemporary public policies designed to cope with these problems.",
ECN,102,Principles of Microeconomics,1,,,"The operation of the price mechanism in modern enterprise economies. Allocation of resources and distribution of income in competitive and monopolistic markets for products, labor, and other resources. Contemporary issues in microeconomic theory and policy are examined.",
ECN,"220, 221",Intermediate Microeconomic Theory,1,ECN 102 Principles of Microeconomics and MTH 121 Calculus I.,,"A specialized examination of certain aspects of price analysis, such as the consumer, the firm, market structures, price determination, and income distribution.",
ECN,"222, 223",Intermediate Macroeconomic Theory,1,ECN 101 Principles of Macroeconomics and ECN 102 Principles of Microeconomics.,,An advanced treatment of the concepts of national income growth and fluctuations in the light of both Keynesian and post-Keynesian income theories.,
ECN,"243, 244",Health Care Economics,1,ECN 101 Principles of Macroeconomics or ECN 102 Principles of Microeconomics.,,"The purpose of this course is to study the facts, concepts, and analyses necessary to understand national health care. The emphasis of the course will be on the economic arguments for or against alternative public policy initiatives in health care and public and private health care systems.",
ECN,"245, 246",Environmental Economics,1,ECN 101 Principles of Macroeconomics or ECN 102 Principles of Microeconomics.,,"This course explores the relationship between the economy and the environment. Mainstream economic theories and policies will be analyzed from a critical and American policy perspective. The impact of externalities, social costs, property rights, market controls, government regulations, economic development on environmental protection will be analyzed. Other topics covered will include accounting for pollution and resource depletion in GDP statistics, cost-benefit analysis, population, and sustainable development.",
ECN,"251, 252",Development Economics,1,ECN 101 Principles of Macroeconomics or ECN 102 Principles of Microeconomics.,,"The course begins with the concepts and measurement of economic growth and development. Models of growth and development processes are then analyzed and the roles of population, education, health, savings and capital formation, natural resources, foreign trade, foreign aid, etc. are examined. Finally, the causes of poverty and income inequality and possible policy measures are explored.",
ECN,258,Sports Economics,1,,ECN 101 Principles of Macroeconomics and ECN 102 Principles of Microeconomics,"This course will analyze the sports industry using economic theory. In particular, the course will apply basic microeconomic concepts and models from the fields of industrial organizations, labor economics, public finance and game theory to understand outcomes and decisions in professional and collegiate sports. Topics examined will include player risk premiums and valuations, ticket pricing, professional league monopolies, NCAA policies, the draft system, and contest/tournament design. The course does not require any prior knowledge of sports.",
ECN,"332, 333",Public Finance,1,"ECN 220, 221 Intermediate Microeconomic Theory.",,"Analysis of government's role in a mixed economy. Principles of government expenditure and taxation and structure of the U.S. tax system, with emphasis on tax incidence and the effect of tax and spending policies on economic efficiency. The effects of the public debt and deficit are analyzed.",
ECN,"334, 335",International Trade & Globalization,1,ECN 101 Principles of Macroeconomics and ECN 102 Principles of Microeconomics.,,"The economic analysis of international trade, immigration, and foreign direct investment. Topics in trade include the underlying basis of trade and the effects of trade, trade barriers, and trade agreements on national welfare and the distribution of income. The focus of the analysis of immigration and foreign direct investment is on national welfare and the distribution of income. Public policy implications are emphasized.",
ECN,"338, 339",Labor Economics,1,"ECN 101 Principles of Macroeconomics and ECN 102 Principles of Microeconomics. ECN 220, 221 Intermediate Microeconomic Theory and ECN 222, 223 Intermediate Macroeconomic Theory recommended.",,"Labor market analysis both in micro as well as in macro contexts. In microanalysis, subjects such as wage determination, wage differentials, labor mobility, etc. will be discussed. The macroanalysis covers, among other topics, the relationship between wages, prices, and employment; general unemployment and its cures; labor productivity; and labor share in national income.",
ECN,348,Game Theory & Applications,1,"ECN 220, 221 Intermediate Microeconomic Theory or permission of instructor.",,This course will introduce the student to game theory and its applications in describing the behavior of firms and individuals. We shall examine market structure and its effect on firm behavior and apply modern analytic techniques to develop a thorough understanding of strategic decisions.,
ECN,350,Econometrics,1,"ECN 220, 221 Intermediate Microeconomic Theory and ECN 222, 223 Intermediate Macroeconomic Theory and MTH 121 Calculus I and STA 119 Statistical Analysis .",,An introduction to ordinary least squares regression with an emphasis on the relevant statistical tests of the properties of the regression equation. Students will be required to complete a project that estimates and tests an econometric model of a relationship in economics or finance.,
ECN,"362, 363",History of Economic Thought,1,"ECN 220, 221 Intermediate Microeconomic Theory and ECN 222, 223 Intermediate Macroeconomic Theory.",,"This course traces the development of systematic economic reasoning from the pre-Mercantilist period to modern times. Attention is given to the influence of changing economic conditions and institutions on the progress of economic thought. The seminal ideas of Smith, Malthus, Ricardo, Marx, Walras, Marshall, Keynes, and others are examined. The schools of economic thinking that grew out of the work of these major contributors are studied, including Classical, Marginalist, Neo-Classical, Institutionalist, Keynesian, and Radical economics. The evolution of mainstream economics from its early beginnings as laissez-faire political economy to its contemporary scientific approach is considered. The role of scientific methodology in economic inquiry is examined. The historical roots of current economic issues and debates are studied.",
ECN,492,CUE: Senior Seminar in Economics,1,ECN 350 Econometrics,,"This course will provide an in-depth exploration of the development of economic theories and policies as well as addressing specific problems. The specific areas of focus will be determined by the instructor. The course will include reading scholarly articles and original texts, participating in group discussions, and completing independent research.",
ECN,960,Economics Internship,1,,,"Under faculty supervision, students will be placed in internship positions with local business and other related organizations in order to gain experience in the application of the theories and concepts learned in the classroom. Students will be required to document their experiences in a written journal, to share their experiences with others in a classroom setting, and to prepare a significant term paper or project report.",Open to juniors and seniors only.
ECN,970,Economics Independent Study/Research,,,,Each independent study/research course is to be designed in consultation with a faculty sponsor.,
EDU,101,History & Politics of American Education,1,,,"This course examines the larger historical and sociopolitical forces that have shaped education and schooling in the United States. Beginning with Jeffersonian America through the late industrial period to the present day, the course traces changes in political economy and how race and power have influenced educational policy and practice. By studying the various conflicting aims of education in a democracy, students examine how schools interpret, translate, and transfer culture and ideology through overt and covert curriculum and public policy. The course covers key moments in the history of education, such as the Brown decision, and also addresses how marginalized groups have shaped American education within certain political and social contexts, such as Reconstruction and the civil rights movement. Students also will reflect on contemporary policy debates over curriculum, testing, and school funding. Overall, the purpose of the course is to develop the students' potential for thinking critically about American education and its institutions in preparation for ethical citizenship and/or educational leadership.",
EDU,106,Educational Psychology,1,Provisional admission to the program or permission of the instructor.,,"This course examines theory, research, and professional practice focused on the physical, cognitive, and socio-emotional development of children birth through adolescence and the impact of this study for teaching and learning. In addition to classic developmental theorists (Piaget, Vygotsky, Erikson, and Bronfenbrenner among others), we will explore a variety of topics that impact the child/adolescent as a learner, including but not limited to: attachment; brain development; play behavior; friendship and the development of empathy; intelligence(s) and creativity; motivation; trauma/toxic stress; language and culture; and transitions between home and school. Fieldwork is required.",
EDU,109,Educating the Young Child,1,,,"This course is an introduction to the principles and practices of educating young children through age 8. We examine historical and theoretical perspectives on educational programs for young children, emergent and arts-based curricular models, and early childhood educators' professional responsibilities. Of particular focus is the role of the teacher designing and implementing play-based learning, nature programming, and creative art opportunities in early childhood classrooms. The course also centers on equity and considers the role of a reflective educator in connecting with families and communities to meet the needs of all children in the classroom.",
EDU,201,Introduction to Special Education: Diverse Learners & Inclusive Classrooms,1,Provisional admission to the program or permission of the instructor.,,"This course is designed to broaden knowledge and understanding about students with disabilities and how they develop and learn. Emphasis is placed on the roles and responsibilities of regular education teachers in meeting the needs of these students in order to create positive inclusive learning environments as informed by relevant research. The course introduces the pre-service teachers to topics, including health impairments, intellectual disabilities, learning disabilities, ADHD, emotional disturbance, autism, sensory impairments, physical disabilities, and giftedness. These topics are examined from the perspective of causation, diagnosis, cognitive and social-emotional characteristics, learning styles, early intervention, and differentiated instructional strategies with a focus on meeting the needs of students in the context of the regular classroom. The role of the regular classroom teacher in the referral/evaluation process and working with appropriate school personnel and families is emphasized. Also examined are multicultural and bilingual issues as they pertain to special education. Fieldwork is required.",
EDU,211,Inclusive Education for Multilingual Learners,1,Provisional admission to the program.,,"The purpose of this course is to prepare preservice teachers to create equitable learning environments for multilingual learners (""MLs""; also referred to as English learners/ELs) in PreK-12 school settings. We will engage in analysis of school systems, programs, and instructional approaches for multilingual learners by drawing on research in instructional design and assessment, applied linguistics and second language acquisition, sociology of language, anthropology of language education, and policy studies. Students will be expected to develop theoretical and content knowledge as well as demonstrate practical skills through analyzing, planning, and developing lessons. Fieldwork in a K-12 school is required.",
EDU,255,"Curriculum, Instruction and Assessment",1,EDU 106 Educational Psychology,,"This course focuses on understanding educational research, theory, and reflective practice in planning for and implementing contentand age-appropriate instructional strategies resulting in the effective teaching of diverse learners. This includes an investigation of a range of the essential teaching skills, including the planning, implementation, and adaptation of meaningful instruction and the development of a supportive learning environment. Students are introduced to a broad range of research-based teaching methodologies, classroom management strategies, and fair assessment techniques. Focusing on the conceptual understanding of big ideas, students will use national, state, and district standards to plan, implement, and adapt lessons and units in early grades. Fieldwork is required.",
EDU,"325, 326",Language & Early Literacy,1,EDU 204 - Integrating Curriculum & Instruction for Young Learners and formal admission to the Education Certification Program.,,"This course aims to provide an understanding of language and early literacy development of diverse young children (birth to age 9). Theories of first language acquisition provide a framework for understanding stages of oral language development and functions of oral language. The relationship between language acquisition and reading and writing processes are explored through the emergent literacy perspective. Topics in early literacy development include print awareness, phonemic/phonological awareness, phonics instruction, decoding and oral reading fluency, and developmental writing. These theoretical backgrounds inform various instructional approaches to early literacy instruction such as constructivism/whole language, balanced literacy program, and guided reading. This course also offers an overview of children's literature, including an introduction to the genres, notable books and authors, and resources for incorporating children's literature in literacy education programs. Fieldwork is required.",
EDU,328,Literacy & Social Studies Education,1,EDU 204 - Integrating Curriculum & Instruction for Young Learners or EDU 206 - Integrating Curriculum & Instruction for Adolescent Learners and formal admission to the Education Certification Program.,,"This course focuses on literacy development and instruction in grades 3-8, particularly on construction of meaning during the reading and writing processes. Topics of study in this course include reader response theories, theories of comprehension, comprehension strategies (such as inferring and summarizing), and vocabulary development and instruction. The course has an emphasis on content area literacy with an introduction to instructional strategies and activities to promote content area learning. Writing theories and instruction are presented through model frameworks and programs. In addition, this course will provide perspectives, methodologies, and philosophies of teaching social studies as a content area subject in the elementary and middle schools. Fieldwork is required.",
EDU,330,Social Studies Education for Adolescent Learners,1,EDU 206 - Integrating Curriculum & Instruction for Adolescent Learners and formal admission to the Education Certification Program.,,"This course presents the history and development of social studies in middle and high schools. It provides both an historical and political context to study the best teaching practices in the disciplines at the heart of social studies: American and Pennsylvania history, world history, civics, economics, and geography. With a focus on state and national standards in these disciplines, including the themes from the National Council for the Social Studies, students will develop lesson plans, instructional strategies, and assessments for diverse learners and will learn to supplement the textbook with primary sources, newspapers, websites, and curricula developed by professional national organizations. Relevant to content certification. Fieldwork is required.",
EDU,334,Mathematics Education for Young Learners,1,EDU 204 - Integrating Curriculum & Instruction for Young Learners and formal admission to the Education Certification Program.,,"This course will analyze the content, pedagogy, and management of the Pre-K to grade 4 mathematics curricula in diverse classrooms. Emphasis will be placed on how young children learn mathematics, problem solving, reasoning and proof; communication; making connections within mathematics and with the world outside the classroom; multiple representations; and research based instructional strategies, all within the context of developing number sense, operations, patterns and functions, geometric shapes, data analysis and probability, and measurement. Students will use national, state, and district standards to plan, implement, and adapt lessons for the early grades. Fieldwork is required.",
EDU,336,Mathematics Education for Adolescent Learners,1,EDU 206 - Integrating Curriculum & Instruction for Adolescent Learners and formal admission to the Education Certification Program.,,"This course presents theories and practices of teaching mathematics in middle and high school classrooms with focus on 1) discrete and integrated mathematics knowledge such as algebra, geometry, statistics, and probability; 2) pedagogy; and 3) curriculum design. Course content includes learning theories, national and state standards for the mathematics school curriculum, planning and material development skills, assessment, use of appropriate technology, and classroom management. Relevant to content certification. Fieldwork is required.",
EDU,344,Science Education for Young Learners,1,EDU 204 - Integrating Curriculum & Instruction for Young Learners and formal admission to the Education Certification Program.,,"This course will enable the student to develop a professional practice as a science educator based on the best current knowledge about how young children learn science, the nature of science, and research-based methods of science teaching. Emphasis will be placed on developing inquiry oriented pedagogical strategies that foster children's natural curiosity; building an understanding of the nature of science; creating curricula, materials, and resources for instruction in diverse classrooms; devising authentic experiences with scientific questions and phenomena, and using assessment in the service of instruction, all within the framework of the PA Academic Standards for Science and Technology and for Environment and Ecology. Fieldwork is required.",
EDU,346,Science Education for Adolescent Learners,1,EDU 206 - Integrating Curriculum & Instruction for Adolescent Learners and formal admission to the Education Certification Program.,,"This course will enable the student to develop a professional practice as a science educator based on the best current knowledge about how adolescents learn science, the nature of science, and research-based methods of science teaching. Emphasis will be placed on incorporating inquiry oriented pedagogical strategies that encourage student-generated scientific questions; developing basic and integrated process skills to answer scientific questions; building an understanding of the nature of science; creating curricula, materials, and resources for instruction in diverse classrooms, devising hands-on experiences with scientific questions and phenomena, focusing on collecting and interpreting authentic data, and using assessment in the service of instruction, all within the framework of the PA Academic Standards for Science and Technology and for Environment and Ecology. Fieldwork is required.",
EDU,352,School and Society,1,,,"This course examines the reciprocal relationship between schools and the broader societies they reside in. Using interdisciplinary lenses, we will explore how social, cultural, and political forces shape schooling and education in local and global contexts. We will study cases in the United States and abroad to explore the following questions: How do conceptions of schooling differ across cultures and societies? How do schools intersect with larger issues in a community? How do diverse communities shape and experience schooling? By writing about and discussing these questions, we will critically evaluate what schooling and education mean in a variety of contexts and reflect on our own assumptions about what we consider best for students.",
EDU,362,Languages Education,1,EDU 206 - Integrating Curriculum & Instruction for Adolescent Learners and formal admission to the Education Certification Program.,,"This course will prepare students to be a teacher of foreign languages in grades K-12. Topics include school contexts for language learning, processes of secondary language acquisition, exemplary instructional strategies, and professional resources for curriculum and instruction. Students will be actively engaged in fieldwork placements to put the knowledge gained in the course into effective practice. By the end of the course, students will develop a philosophy of teaching languages and gain a repertoire of strategies that will make them effective teachers of languages. Fieldwork is required.",
EDU,363,English Education for Adolescent Learners,1,EDU 206 - Integrating Curriculum & Instruction for Adolescent Learners and formal admission to the Education Certification Program.,,"This course is designed to provide advanced instruction in preparation for a teaching career by focusing on providing theoretical background and practical guidance specifically targeted to secondary English teachers. Based on the understanding that learning is more concurrent than sequential, the course examines effective strategies to prepare, execute, and continually reflect on lessons used in the teaching of English. Students will have an opportunity to articulate their vision as English teachers, to develop a working knowledge of the various teaching theories and strategies, and to apply and evaluate instructional practices and theories to determine those which will best facilitate attainment of their vision. Relevant to content certification. Fieldwork is required.",
EDU,410,Seminar in Assessment & Evaluation,1,Admission to professional semester.,,"This course is designed to provide an overview of developmentally appropriate assessment/evaluation issues, techniques, and practices. Both on-going informal and formal assessment as integral to the teaching and learning process are emphasized. The course examines topics including formative and summative assessment, teacher made tests, standardized testing, alternative/authentic assessment techniques, grading practices, and parent conferences. The course introduces ways in which technology can be integrated into the assessment and evaluation process. Throughout the course, students are encouraged to think critically about the issues surrounding assessment within the context of educational practices and political realities.",
EDU,420,Seminar in Professional Studies & Community Education,1,Admission to professional semester.,,"As part of the Professional Semester, this course will provide teacher candidates an overview of the education profession with an emphasis on studies and experiences connected with individual teacher professionalism and ethical practice. The course will investigate issues confronting the professional educational community, such as standardized testing, school reorganization, and appropriate school/ community/family relationships in the context of the rights and responsibilities of the professional teacher. Other topics of exploration will include Pennsylvania school law (i.e. Chapter 4: Academic Standards and Assessment; Chapter 11: Student Attendance; and Chapter 12: Students and Student Services) and national professional organizations and standards.",
EDU,511,Teaching for Multilingual Development,1,,,"This course expands EDU 211 Inclusive Education for Multilingual Learners, a required course in PK-4 and 7-12 certificate programs. It is designed to prepare teachers to engage students in research-based methods for language instruction and assessment. Students will be prepared to teach language courses from a communicative standpoint and will develop the skills to design lessons that produce competent L2 English users. With a base understanding of culture awareness and sensitivity, identity, and language acquisition this course will delve deeper into the construction of research based instruction for multilingual learners. Course topics include the application of theories and research in second language acquisition to classroom teaching, assessment of learners' language proficiency and development over time, task-based and content-based approaches language teaching, and lesson design and delivery that targets learners' language and literacy needs in the four domains.",
EDU,512,Language & Learning in Diverse Contexts,1,,EDU 211 Inclusive Education for Multilingual Learners,"This course will critically examine the sociocultural and political influences on English (as a new) language education as well as strategies to support English learners (ELs) and their families in schools. Using a social justice lens, we explore the complexities and opportunities to support ELs through classroom practices, relationships with families, and reflective advocacy in the school and community. We will look at local, state, and national English language education policies and practices as well as international comparative perspectives for considering best practices in meeting the holistic needs of English language learners today.",
EDU,513,Sociolinguistics for Educators,1,,,"This course provides an overview the English language for the prospective teachers in preparation for their work with language learners. The course begins with the systems of language from the perspective of formal linguistics—phonology, syntax, morphology, semantics, and pragmatics—and the acquisition of these language components for both native and nonnative speakers of English. While the study of language for language's sake is interesting, language does not exist by itself and for itself, but rather as a social tool for human communication. Hence, the course provides an overview of sociolinguistics through topics such as relationship between language and culture, identity, gender, race, socioeconomic status, nationalism, and ideologies. Particular attention will be paid to language use in U.S. society and schools for both native and nonnative speakers of English.",
EDU,526,Language & Early Literacy,1,,,"This course aims to provide an understanding of language and early literacy development of diverse young children (birth to age 9). Theories of first language acquisition provide a framework for understanding stages of oral language development and functions of oral language. The relationship between language acquisition and reading and writing processes are explored through the emergent literacy perspective. Topics in early literacy development include print awareness, phonemic/phonological awareness, phonics instruction, decoding and oral reading fluency, and developmental writing. These theoretical backgrounds inform various instructional approaches to early literacy instruction such as constructivism/whole language, balanced literacy program, and guided reading. This course also offers an overview of children's literature, including an introduction to the genres, notable books and authors, and resources for incorporating children's literature in literacy education programs. Fieldwork is required.",
EDU,528,Literacy & Social Studies Education,1,,,"This course focuses on literacy development and instruction in grades 3-8, particularly on construction of meaning during the reading and writing processes. Topics of study in this course include reader response theories, theories of comprehension, comprehension strategies (such as inferring and summarizing), and vocabulary development and instruction. The course has an emphasis on content area literacy with an introduction to instructional strategies and activities to promote content area learning. Writing theories and instruction are presented through model frameworks and programs. In addition, this course will provide perspectives, methodologies, and philosophies of teaching social studies as a content area subject in the elementary and middle schools. Fieldwork is required.",
EDU,530,Social Studies Education for Adolescent Learners,1,,,"This course presents the history and development of social studies in middle and high schools. It provides both an historical and political context to study the best teaching practices in the disciplines at the heart of social studies: American and Pennsylvania history, world history, civics, economics, and geography. With a focus on state and national standards in these disciplines, including the themes from the National Council for the Social Studies, students will develop lesson plans, instructional strategies, and assessments for diverse learners and will learn to supplement the textbook with primary sources, newspapers, websites, and curricula developed by professional national organizations. Relevant to content certification. Fieldwork is required.",
EDU,534,Mathematics Education for Young Learners,1,,,"This course will analyze the content, pedagogy, and management of the Pre-K to grade 4 mathematics curricula in diverse classrooms. Emphasis will be placed on how young children learn mathematics, problem solving, reasoning and proof; communication; making connections within mathematics and with the world outside the classroom; multiple representations; and research based instructional strategies, all within the context of developing number sense, operations, patterns and functions, geometric shapes, data analysis and probability, and measurement. Students will use national, state, and district standards to plan, implement, and adapt lessons for the early grades. Fieldwork is required.",
EDU,536,Mathematics Education for Adolescent Learners,1,,,"This course presents theories and practices of teaching mathematics in middle and high school classrooms with focus on 1) discrete and integrated mathematics knowledge such as algebra, geometry, statistics, and probability; 2) pedagogy; and 3) curriculum design. Course content includes learning theories, national and state standards for the mathematics school curriculum, planning and material development skills, assessment, use of appropriate technology, and classroom management. Relevant to content certification. Fieldwork is required.",
EDU,540,Educational Technologies for Teaching & Learning,1,,,"This course is designed to explore the theories, practices, and applications of educational technologies to equip you with the knowledge and skills to effectively integrate technology into the K-12 classroom. You will examine various technologies, digital tools, and strategies to enhance teaching and learning experiences, address differentiated learning needs, and prepare students for the digital age. We will explore issues of diversity, equity, and inclusion, ensuring that all students can benefit from technology-enhanced instruction. This course will cover a wide range of topics related to technology in primary and secondary education settings, providing you with an understanding of the latest research-based best practices, strategies, and ethical considerations when it comes to integrating technology into teaching and learning.",
EDU,540,Educational Technologies for Teaching & Learning,1,,,"This course is designed to explore the theories, practices, and applications of educational technologies to equip you with the knowledge and skills to effectively integrate technology into the K-12 classroom. You will examine various technologies, digital tools and strategies to enhance teaching and learning experiences, address differentiated learning needs, and prepare students for the digital age. We will explore issues of diversity, equity, and inclusion, ensuring that all students can benefit from technology-enhanced instruction. This course will cover a wide range of topics related to technology in primary and secondary education settings providing you with an understanding of the latest research-based best practices, strategies and ethical considerations when it comes to integrating technology into teaching and learning.",
EDU,544,Science Education for Young Learners,1,,,"This course will enable the student to develop a professional practice as a science educator based on the best current knowledge about how young children learn science, the nature of science, and research-based methods of science teaching. Emphasis will be placed on developing inquiry oriented pedagogical strategies that foster children's natural curiosity; building an understanding of the nature of science; creating curricula, materials, and resources for instruction in diverse classrooms; devising authentic experiences with scientific questions and phenomena, and using assessment in the service of instruction, all within the framework of the PA Academic Standards for Science and Technology and for Environment and Ecology. Fieldwork is required.",
EDU,546,Science Education for Adolescent Learners,1,,,"This course will enable the student to develop a professional practice as a science educator based on the best current knowledge about how adolescents learn science, the nature of science, and research-based methods of science teaching. Emphasis will be placed on incorporating inquiry oriented pedagogical strategies that encourage student-generated scientific questions; developing basic and integrated process skills to answer scientific questions; building an understanding of the nature of science; creating curricula, materials, and resources for instruction in diverse classrooms, devising hands-on experiences with scientific questions and phenomena, focusing on collecting and interpreting authentic data, and using assessment in the service of instruction, all within the framework of the PA Academic Standards for Science and Technology and for Environment and Ecology. Fieldwork is required.",
EDU,548,Advanced Methods Seminar,1,,,"This graduate-level course builds upon theoretical and experiential knowledge and skills developed through prior program methodology coursework and field experiences. By examining topics such as curriculum development and revision, instructional materials selection, curricular differentiation, and issues of controversy in content area specialties, students will view curriculum design with an increasingly broader lens. Students will also hone their skills in integrating reading, writing, problem-solving, critical thinking, assessment, culturally relevant and sustaining education, technology, and active learning in content area specialties.",
EDU,550,Practicum in Education I,1,EDU 204 - Integrating Curriculum & Instruction for Young Learners or EDU 206 - Integrating Curriculum & Instruction for Adolescent Learners and EDU 201 - Introduction to Special Education: Diverse Learners & Inclusive Classrooms.,,"This course is designed to provide an in-depth study of contemporary educational issues in public schools through a full-time classroom experience. The topics of study will include curriculum, standards, planning, assessment, and classroom management. This course does not meet the requirements for PA certification. The course is open only to students with permission from the Education Department.",
EDU,551,Practicum in Education II,1,EDU 204 Integrating Curriculum & Instruction for Young Learners or EDU 206 Integrating Curriculum & Instruction for Adolescent Learners and EDU 201 Introduction to Special Education: Diverse Learners & Inclusive Classrooms,,"This course is designed to provide an in-depth study of contemporary educational issues in public schools through a full-time classroom experience. The topics of study will include curriculum, standards, planning, assessment, and classroom management. This course does not meet the requirements for PA certification.  The course is open only to students with permission from the Education Department.",
EDU,562,Languages Education,1,,,"This course will prepare students to be a teacher of foreign languages in grades K-12. Topics include school contexts for language learning, processes of secondary language acquisition, exemplary instructional strategies, and professional resources for curriculum and instruction. Students will be actively engaged in fieldwork placements to put the knowledge gained in the course into effective practice. By the end of the course, students will develop a philosophy of teaching languages and gain a repertoire of strategies that will make them effective teachers of languages. Fieldwork is required.",
EDU,563,English Education for Adolescent Learners,1,,,"This course is designed to provide advanced instruction in preparation for a teaching career by focusing on providing theoretical background and practical guidance specifically targeted to secondary English teachers. Based on the understanding that learning is more concurrent than sequential, the course examines effective strategies to prepare, execute, and continually reflect on lessons used in the teaching of English. Students will have an opportunity to articulate their vision as English teachers, to develop a working knowledge of the various teaching theories and strategies, and to apply and evaluate instructional practices and theories to determine those which will best facilitate attainment of their vision. Relevant to content certification. Fieldwork is required.",
EDU,565,Educational Research,1,,,"This course will introduce students to educational research. The purpose of this course is for students to learn how to use the knowledge generated from research in education (from multiple disciplinary and epistemological perspectives) to solve problems of practice. Topics covered will include epistemological paradigms; research design; and critically reading both quantitative and qualitative research articles. In covering these topics, the course will focus on the interpretation of educational research and the application of findings to address questions and concerns related to programs, curricula, instructional practice, assessment, educational opportunity, and academic achievement in public education.",
EDU,565,Educational Research,1,,,"This course will introduce students to educational research. The purpose of this course is for students to learn how to use the knowledge generated from research in education (from multiple disciplinary and epistemological perspectives) to solve problems of practice. Topics covered will include epistemological paradigms; research design; and critically reading both quantitative and qualitative research articles. In covering these topics, the course will focus on the interpretation of educational research and the application of findings to address questions and concerns related to programs, curricula, instructional practice, assessment, educational opportunity, and academic achievement in public education.",
EDU,610,Seminar in Assessment & Evaluation,1,,,"This course is designed to provide an overview of developmentally appropriate assessment/evaluation issues, techniques, and practices. Both on-going informal and formal assessment as integral to the teaching and learning process are emphasized. The course examines topics including formative and summative assessment, teacher made tests, standardized testing, alternative/authentic assessment techniques, grading practices, and parent conferences. The course introduces ways in which technology can be integrated into the assessment and evaluation process. Throughout the course, students are encouraged to think critically about the issues surrounding assessment within the context of educational practices and political realities.",
EDU,620,Seminar in Professional Studies & Community Education,1,,,"As part of the Professional Semester, this course will provide teacher candidates an overview of the education profession with an emphasis on studies and experiences connected with individual teacher professionalism and ethical practice. The course will investigate issues confronting the professional educational community, such as standardized testing, school reorganization, and appropriate school/ community/family relationships in the context of the rights and responsibilities of the professional teacher. Other topics of exploration will include Pennsylvania school law (i.e. Chapter 4: Academic Standards and Assessment; Chapter 11: Student Attendance; and Chapter 12: Students and Student Services) and national professional organizations and standards.",
EDU,950,Student Teaching I,1,Admission to the professional semester.,,"Student teaching is the core component of the professional semester. As interns in the public schools, students have the opportunity to apply the content knowledge and pedagogical skills gained in their academic preparation to actual classroom situations. Lesson and unit planning as well as assessment and classroom management skills are honed with the support of a mentor teacher and a college supervisor. Daily seminars prior to student teaching focus on differentiated instruction, questioning strategies, lesson planning, meeting the needs of a diverse public school population, and strategies to enhance student motivation. Weekly seminar sessions during the semester provide the student teachers with a forum to reflect analytically on their classroom experiences as they develop their professional skills and voice. This semester consists of two full-time teaching experiences in grade levels appropriate to the area of certification.",
EDU,951,Student Teaching II,1,Admission to the professional semester.,,"Student teaching is the core component of the professional semester. As interns in the public schools, students have the opportunity to apply the content knowledge and pedagogical skills gained in their academic preparation to actual classroom situations. Lesson and unit planning as well as assessment and classroom management skills are honed with the support of a mentor teacher and a college supervisor. Daily seminars prior to student teaching focus on differentiated instruction, questioning strategies, lesson planning, meeting the needs of a diverse public school population, and strategies to enhance student motivation. Weekly seminar sessions during the semester provide the student teachers with a forum to reflect analytically on their classroom experiences as they develop their professional skills and voice. This semester consists of two full-time teaching experiences in grade levels appropriate to the area of certification.",
EDU,952,Student Teaching I,1,,,"Student teaching is the core component of the professional semester. As interns in the public schools, students have the opportunity to apply the content knowledge and pedagogical skills gained in their academic preparation to actual classroom situations. Lesson and unit planning as well as assessment and classroom management skills are honed with the support of a mentor teacher and a college supervisor. Daily seminars prior to student teaching focus on differentiated instruction, questioning strategies, lesson planning, meeting the needs of a diverse public school population, and strategies to enhance student motivation. Weekly seminar sessions during the semester provide the student teachers with a forum to reflect analytically on their classroom experiences as they develop their professional skills and voice. This semester consists of two full-time teaching experiences in grade levels appropriate to the area of certification.",
EDU,953,Student Teaching II,1,,,"Student teaching is the core component of the professional semester. As interns in the public schools, students have the opportunity to apply the content knowledge and pedagogical skills gained in their academic preparation to actual classroom situations. Lesson and unit planning as well as assessment and classroom management skills are honed with the support of a mentor teacher and a college supervisor. Daily seminars prior to student teaching focus on differentiated instruction, questioning strategies, lesson planning, meeting the needs of a diverse public school population, and strategies to enhance student motivation. Weekly seminar sessions during the semester provide the student teachers with a forum to reflect analytically on their classroom experiences as they develop their professional skills and voice. This semester consists of two full-time teaching experiences in grade levels appropriate to the area of certification.",
EDU,970,Education Independent Study/Research,,,,Each independent study/research course is to be designed in consultation with a faculty sponsor.,
ENG,113,Introduction to British Literature,1,,,"From Will Shakespeare to Zadie Smith, Introduction to British Literature surveys the evolving vibrancy and relevance of British writing. Through close reading and analysis of selected texts by some of the most significant writers in the British tradition, students will gain a comprehensive understanding of the major literary movements, themes and styles that have shaped British literature. The course begins with Shakespeare's last play, The Tempest, and will then explore the works of writers such as Wordsworth, Coleridge and Mary Shelley (Frankenstein), Charlotte Bronte (Jane Eyre), James Joyce, D.H. Lawrence and Virginia Woolf. We will conclude by thinking about Post-colonialism and the Digital Age in Zadie Smith and other contemporary writers. 
 
 Recommended for those seeking an CE requirement, students thinking about a major or minor in English, students in the Education Program, or anyone simply burning to read and discuss a few great books. Satisfies departmental Survey requirement and Poetry or Prose requirement.",
ENG,115,Introduction to American Literature,1,,,"By paying close analytic attention to each writer's language and each writer's style or distinctive voice, students will learn how to recognize and discuss perennial questions and concerns that American writers have addressed since the 19th century. By grouping—comparing and contrasting—the writers studied, students will learn to discern the patterns—the continuities and shifts—that distinguish American literature. Key course concepts include: national and individual aspiration; rhetorical agenda & rhetorical performance; narration; genre; identity formation.​ Satisfies departmental Survey requirement and Poetry or Prose requirement.",
ENG,203,Reading the Odyssey,1,,,"The story of Odysseus's ten-year journey home from the Trojan War is one of the archetypal narratives in Western literature. This course will introduce you to Homer's story via Robert Fagles' modern translation and well as other variations of the Ulysses story. These will include glimpses of Odysseus in Dante's Inferno, Tennyson's ""Ulyssesy"" and ""The Lotos Eaters,"" Ezra Pound's Cantos. We will read Margaret Atwood's feminist counter-Odyssey, The Penelopiad. We will look into Emily Wilson's recent translation, the first in English by a woman. We will also read The Oresteia of Aeschylus in Fagles' trans. as the story of Agamemnon's murder that revenge by his son Orestes is a tale repeated eight times in Homer's epic, and thus the main source for Aeschylus's plays. Finally, there is a recent novel Circe (2020) by Madeline Miller. Satisfies departmental Global Literatures and Poetry requirements.",
ENG,204,Reading Hemingway & Fitzgerald,1,,,"Like Keats & Shelley, Hemingway & Fitzgerald always come to the party as a pair. They stand in the center with drinks in hand (many drinks) as the twin pillars of prose Modernism in America, foundational writers in every sense of the term, widely influential, helping to define the shape of the novel and short story in the twentieth- and twenty-first centuries. Both were at the height of their artistic power in the 1920s and 30s helping define the period and name the post-war ""lost generation."" Along with other writers like Joyce and Stein, they put Paris on the literary map. And they were both expatriates, self-exiled to an old Europe that proved extremely fertile as an artistic environment to foreign writers. It's probably not an exaggeration to say that Hemingway invented the Café as Writing Zone, the Starbucks of the 1920s. Although he lived abroad, Fitzgerald was more influential at home and in New York City where he and his wife became the poster kids of the 1920s, writing about, wildly living and epitomizing the era. And yet like Keats & Shelley, Hemingway & Fitzgerald are profoundly different writers with different philosophies and aesthetic styles. As we'll see in this course, they stake out the poles in the spectrum of modernist writing. One reason for this, I will hazard upfront, is their early experience with and relationship to World War I. We'll learn more about their experiences by reading extracts from their two biographies. We'll also study a number of historical texts that place our authors in the essential contexts of World War I and the ""Roaring Twenties."" These two authors were so essentially products of their time that it's impossible to get a complete sense of their work without some knowledge of the vital social and cultural background. Satisfies departmental Prose requirement.",
ENG,"205, 206",Introduction to Creative Nonfiction Writing,1,,,"In this course students will be introduced to the art of writing creative nonfiction. Creative nonfiction is a form of storytelling that employs the creative writing techniques of poetry, fiction and drama to retell a true story in a compelling, vivid and dramatic manner. There will be weekly reading and writing assignments that focus on various aspects of craft, such as showing and earning the right to tell, scene development, pattern development, psychic distance, point-of-view, dialogue and insight. The goal of the course is to create a writer's community where students are actively engaged in the writer's project: writing creative nonfiction, sharing their work with their peers, receiving helpful peer feedback, always talking about issues of craft and aesthetics. The course will culminate in a final portfolio. Satisfies Departmental ""Prose"" requirement.",
ENG,207,Introduction to Playwriting,1,,,"This beginning-level creative writing workshop will provide a combination of skill-building practical instruction for writing for the stage and help you develop a process and vocabulary for nuts and bolts craft-oriented analysis of your own work and published/produced examples from the genre. In other words, you'll get better at reading and writing plays. Through our assignments, you will build your playwriting skills by consistent and guided practice; considering what makes a story stageworthy, contemplating genre and style, crafting impactful beats and scenes loaded with conflict and stakes, paying attention to pacing and rhythm, avoiding cliché by allowing your three-dimensional characters' needs and wants to drive dramatic action, learning to write unique and specific character-driven dialogue, internalizing classic dramatic structure (or the ""well-made"" form) and exploring other contemporary dramatic modalities. These weekly assignments should generate approximately 30 pages of writing over the course of the semester - many short scenes, and 5-page and 10-page plays. Satisfies departmental Drama/Transmedia and Underrepresented Traditions requirements.",
ENG,208,Reading (In)Justice,1,,,"An examination of the relationship--often the collisions--between traditional ""western"" conceptions of justice and representations of injustice by African American writers in the 19th and 20th centuries. Satisfies Departmental ""Reading X"", ""Social Justice,"" and BIPOC requirements",
ENG,210,Introduction to Narrative Journalism,1,,,"This course will introduce students to the basics of long-form, magazine-style news writing with the aim of publishing an original article online or with the Muhlenberg Weekly. Students will learn how to pitch story ideas, research, interview experts, and craft a long-form non-fiction article. The class will focus on skills such as peer editing, writing to a word count, fact-checking, and writing under a deadline to create an authentic news writing experience. Additionally, students will read examples of great long-form journalism from magazines and newspapers, analyze the articles for best practices in reporting, and critique writing style and storytelling technique through reflections and discussion. Satisfies departmental Prose requirement",
ENG,212,Reading Frankenstein,1,,,"Students will examine the three distinct versions of Mary Shelley's novel (1818, 1823, 1831), read selected criticism and biographical material, and then focus on various literary, film, and theatrical adaptations, including H.G. Wells' The Island of Dr. Moreau (1896), Lynd Ward's woodcut adaptation of the novel (1934), the original Boris Karloff film (1931), Ridley Scott's Blade Runner (1982), and The Rocky Horror Picture Show (1975). The course will begin by examining Frankenstein's important progenitors: The Book of Genesis, the Pygmalion and Prometheus myths, and selections from Milton's Paradise Lost . Satisfies Departmental ""Drama/Transmedia"" and ""Prose"" requirements.",
ENG,215,Reading The Great American Short Story,1,,,"Most of the greatest American writers have been masterful creators of short stories; since the mid-19th century, most got their start with short fiction. Most aspiring writers start with the short story too. Just off the top--Nathaniel Hawthorne, Henry James, Edith Wharton, Charles Chestnutt, Sherwood Anderson, Zora Neale Hurston, F, Scott FitzGerald, Hemingway, Ralph Ellison, Richard Wright, Joyce Carol Oates, Ann Beattie, Grace Paley, Bernard Malamud, Shirley Jackson, Ray Bradbury... and so many more to an including James McBride, who I consider to be America's greatest living fiction writer. This course should appeal to anyone interested in fiction writing and American literature. We will read two short stories per week in chronological order. along with various statements and essays. Several short critical papers will be assigned and, for the bold, the choice to write a short story. Satisfies departmental Prose requirement.",
ENG,219,Solitary Voice: Theatre/Creative Writing-Ireland,1,,,"This team-taught MILA course focuses on creative writing (creative nonfiction and dramatic) and Irish literature, culture and history. The class meets during the spring semester and culminates in an 18-day intensive experience in the west of Ireland. During the spring semester, we will spend our time reading and discussing Irish plays, fiction, poetry and nonfiction, in order to develop an understanding of the cultural identity that informs a contemporary sense of Irishness. We will also work to build an ensemble, learn the basics of creative writing, and develop the needed analytic skills demanded of revision in the arts. The course will weave together the arts of performance and writing by focusing on the first person point-of-view in fiction, poetry and nonfiction writing and stage drama. In Ireland, we will turn our attention to the development of original work. The course will culminate in a public performance of original writing in the Aran Islands. During our stay in western Ireland, we will, in addition, attend performances, readings, literary events, films, and engage with other embodied cultural practices. We will also engage with the landscape and unique histories of the country through a number of excursions. No previous experience in creative writing or theater required. Satisfies departmental Prose or Drama/Transmedia requirement.",
ENG,220,Introduction to Speculative Fiction Writing,1,,,"This course is an introductory creative writing course on speculative fiction—fiction in which some element goes beyond the real, is supernatural, futuristic, fairytale-esque, and/or weird—you will be introduced to the many imagined possibilities of this continually widening genre, honing your storytelling skills while developing a serious writing practice. We will consider how speculative fiction poses fundamental questions about morality and the purpose of human existence. And you will explore—through your own attempts at writing speculative stories and workshopping the work of your peers—why and how speculative fiction frequently mirrors—albeit oddly—our deepest insights, desires, hopes, and fear. More generally, we will work to foster an intense, passionate faith in language, observation, contemplation, introspection, and narrative. We will commit to the process of writing, including experimenting with form and content, drafting, active de-familiarization, imaginative play/risk, development, and the serious re-envisioning of our ideas. We will read closely, think boldly, write creatively, and practice self- evaluation. Thinking, reading, and writing are deeply linked activities, and so we shall read quite a bit. This class is designed to give you the time and space to explore a wide variety of tactics and styles specific to speculative fiction. Satisfies the Departmental Prose requirement.",
ENG,221,Introduction to Poetry Writing,1,,,"In this introductory course students will learn to create, shape, and hone their own poetry, and in the process learn to savor the pleasure of poetry and interrogate how and why it affects us. The focus will be on the process of writing, including finding inspiration, experimentation with form and content, drafting, active de-familiarization, imaginative play, and the re-envisioning of one's ideas. By studying the modus operandi of great writers, students will discover multiple ways of poetically expressing themselves. There will be weekly reading and writing assignments that focus on various aspects of poetic craft, such as imagery, figurative language, lineation, and rhythm. One goal of the course is to teach students to foster a writing practice: keeping a writer's journal, engaging seriously with contemporary poetry, giving and receiving articulate peer feedback, and talking ""shop"" (i.e., about stylistic, technical, and philosophical considerations). This course will build up to and culminate in a final portfolio. Satisfies departmental Poetry requirement.",
ENG,222,Intro to Graphic Narrative & Comics Writing,1,,,"In this introductory creative writing course, you will learn how to create memorable characters and then propel them into evocative frameworks and stories. Together we will explore the role of visual imagination in reading and writing, world building, sequential storytelling, the iconographic logic of fictional universes, and the interdependence of visual art and text. Students will invent and play with vivid settings, dialogue, vignettes, rhythm, and space/time within panels, drafting many ideas, and experimenting with various drawing media and color. You will create and workshop your own cartoons, graphic nonfiction, and graphic stories (both mainstream and lyrical). We will, of course, also be learning the form by studying the work of great graphic writers/artists such as Marjane Satrapi, Adrian Tomine, Lynda Barry, and Art Spiegelman. While we will be drawing quite a bit, you do not need to have any special talent at drawing to take this course as there are many ways to tell stories with pictures. Satisfies Departmental Transmedia requirement",
ENG,223,Playwriting for Youth,1,,,"This course is engaged with the craft of playwriting through the specialization of Theatre for Young Audiences (TYA)—that is, theatre created with and for audiences of children, adolescents, families, and anyone invested in the lives of young people. Our goal is to center the child in our work and to harken back to our own childhoods as we consider the specific behaviors and reactions of child audiences; the young audiences' needs from TYA plays; what makes an excellent play for youth different from plays for older audiences; and finally, the importance of ""play"" within the plays. We will workshop student writing, focusing feedback on craft-related elements (character arc, plot/structure, spectacle, language, rhythm, concision, time, space, turn, genre, status, etc), investigate a diverse selection of contemporary TYA plays and their playwrights, practice collaboration, and hold an on-going discussion of issues/concerns particular to the field of TYA. By the semester's end, students will have a draft of a new, 30-page play for young audiences and the course culminates in a public reading of excerpts of those plays.",
ENG,224,Apocalyptic Literature,1,,,"In contrast to communities that imagine paradise as our eventual destination, we live in a culture obsessed with narratives of its own demise. From alien invasions to nuclear attack, pandemics to technological upheaval, authors have relentlessly imagined our current world disrupted and the current social orders ruptured beyond repair. Our apocalyptic imagination is full of visions of grand and cosmic reversals of fortune. What does this tell us about the society we live in? In this course, we will look closely at what specific imagined ends mean, as well as how apocalyptic narratives reveal the way we order the world and our anxieties and fantasies about reordering it, and point to who or what we think are responsible for everyday annihilations. We will examine how the apocalyptic imagination resonates culturally, and address questions of violence, imperialism, cultural identity, subjectivity, colonialism, technology, ecological and economic sustainability, and others. In this class, students will develop a familiarity with apocalyptic narratives in its scholarly, cultural, and social dimensions, as well as develop analytical tools for identifying and assessing contemporary instances of apocalyptic portrayals. Satisfies the Departmental Prose requirement and the Social Justice requirement.",
ENG,225,Writing for Musical Theatre,1,,,"This beginning-level writing workshop will provide a combination of skill-building practical instruction for writing book and lyrics for musical theatre and close reading and analysis of contemporary examples from the genre. You will consider what makes an onstage moment musical, learn about song placement and commonly used song structures (ballads, charm songs, comedy songs, ""I Want"" songs, etc), discuss the poetic concerns of lyric-writing, analyze and practice rhythm and poetry in your own writing, and with guidance from the instructor, provide reflections on the work of your peers. Additionally, through weekly assignments, you will build storytelling skills by practicing the fundamentals of strong dramatic writing – developing character-driven conflict, creating three-dimensional characters, avoiding cliché, and scripting unique and specific dialogue. Since collaboration is fundamental to the creation of musical theatre, you will sometimes work in different teams throughout the semester. By the end of the workshop, you'll have numerous scenes/songs for the stage. Possibilities include: a solo character song, a comedy song, a love song, an ensemble number, a conflict-driven number, an adaptation, and a scene/song as yourself. You will also read, analyze, discuss, and write about the selected musicals below which represent a diverse array of contemporary writers working in the form. Though it is beneficial, no music composition skills are required to take this class.",
ENG,226,Introduction to Screenwriting,1,,,"In this course, you will develop your understanding and execution of the fundamentals of craft for effective screenwriting. You will be expected to generate a promising premise and logline, multiple outlines and a polished draft of a short narrative screenplay (30 pages or less). Please note, this script should not be the first act of a feature length script. It should be a full and complete story with a clear beginning, middle, and end. Each student's work will be workshopped twice over the course of the semester (20-30 minutes per workshop). Your workshop submission should ideally consist of 12-15 pages of text, ie your first workshop could be the first ½ of your script and second workshop should be the second half of the script. Additionally, you will constructively respond to each other's work during workshop, focusing this feedback on craft-related elements (character arc, plot/structure, visual-storytelling, dialogue, etc), and you will read, watch, and in-class discuss the selected films below which represent a diverse array of contemporary writers working in various cinematic structures. Satisfies Departmental Underrepresented Traditions and Drama/Transmedia requirements.",
ENG,227,Introduction to Fiction Writing,1,,,"In this course students will be introduced to the art of writing short fiction. The focus will be on the process of writing, and students will be encouraged to explore new terrain, to experiment with narrative form, and play with words, sentences and paragraphs. By studying great writers, students will create a 'tool box' of techniques which they will use in their own work. There will be weekly reading and writing assignments that focus on various aspects of craft, such as character and scene development, imagery, psychic distance, point-of-view, and dialogue. The goal of the course is to create a writer's community - where students are actively engaged in the writer's project: writing fiction, sharing their work with their peers, receiving helpful peer feedback, always talking about issues of craft and aesthetics. The course will culminate in a final portfolio. Satisfies departmental Prose requirement.",
ENG,"228, 231",Modern Drama,1,,,"This course will examine the emergence of a realistic and naturalistic ""modern drama"" out of its nineteenth century theatrical melodramatic roots. We will pay particular attention to late nineteenth and early twentieth century plays about gender conflict and ""The New Woman,"" which emerged out of the suffragette movement, and to the evolution of theatrical forms. Students will be expected to distinguish between melodrama, the well-made play, the realist play, the naturalistic play, and expressionism. The first half of the course will establish how these forms were created and expanded by famous male European dramatists; in the second half, we will explore how these themes and forms were adopted and used by female playwrights. Satisfies departmental Drama/Transmedia requirement.",
ENG,"229, 232",Black Comedy: Theatre & Film,1,,,"Black Comedy: Theatre & Film is a study of Black-authored comedic plays, Black comedy performance, and what Andre Seewood calls Genuine Black Film. We will engage not only the African-American theatrical tradition, but Black comedic writing in English more broadly. We will track and theorize the social, cultural, and artistic practices of particular subgroups of Black comedy writers and performers. This course satisfies both the English Department's Underrepresented Traditions requirement and its Drama/Transmedia requirement; it also counts for Theatre's Underrepresented Traditions requirement, and for Africana Studies and Film Studies.",
ENG,230,The Tragic Action,1,,,"A study of tragic drama in action from its origins in Athens, through its rediscovery by the Elizabethans, to its revision by Ibsen and Checkov in the 19th century. We will spend the first half of the term on Greek tragedy and its problems, then we'll move forward in time. We will spend time with basic theatre criticism too, including Nietzsche's Birth of Tragedy. Satisfies departmental Drama/Transmedia and Global Literatures requirements.",
ENG,233,"Sherlock, James, and Harry",1,,,"In this course we will examine the texts and contexts surrounding three icons of British masculinity: Sherlock Holmes, James Bond, and Harry Potter. While each of these figures was born in text, all three rapidly went ""transmedia,"" appearing in on stage, and in magazines, movies, television, comics, video games, theme parks, and across the internet. Each also has the ability to conjure up an entire literary, historical, and cultural milieu: Victorian London, Europe during the Cold War, and the Great Britain of New Labour. We will study various theories of adaptation as we follow these characters' transmedia adventures; we will consider them as astonishingly successful representations of masculinity and nation that have been exported around the world. Satisfies departmental Drama/Transmedia requirement.",
ENG,234,Writing About Place,1,,,"Place is a powerful force in our lives, pulling us back toward the fields of our childhoods and forward toward dream destinations. We, of course, traverse many places in our lives, but they also move in and through us. In this MILA course, we will investigate how we come to know the physical world and to know ourselves in relationship to it by writing creatively about how the natural and built environments we inhabit influence and transform us. We will introduce students to a variety of genres: creative non-fiction, fiction, and poetry, and explore various interrelated literary traditions: nature writing, travel writing, exploration literature, adventure literature, epistolary accounts, and travel journaling. We will encourage students to become native informants-exploring what it means to live in a particular time, place, culture, and body-and curious explorers, letting negative capability (the power of not knowing) lead them into unexpected and unmapped territory. While inventing, shaping, and honing our creative writing, we will explore the poetics of place, the politics of space, and the historical and cultural significance of particular sites. The topic of place puts us at the intersection of identity and community, the boundaries of subjectivity and otherness, ontology and eschatology (Where did we come from? Where are we going?). Eudora Welty wrote, ""One place understood helps us understand all places better."" As such, we will explore what it means to have a relationship with a place, how such relationships change over time, how the places we inhabit and visit affect how we view ourselves and the rest of the world. We will commit to the process of writing, including drafting, active defamiliarization, imaginative play/risk, development, and the serious re-envisioning of our ideas. We will read closely, think boldly, write creatively, and practice self-evaluation. The course will culminate in a short study abroad experience at a writer's retreat in Italy, where the foreign environment will heighten our sense of place through intense direct experience and observation, giving us the opportunity to better apprehend all we've learned up to this point. Satisfies departmental Poetry or Prose requirement. Applications for MILAs begin in early September and registration is on basis of acceptance into the course.",
ENG,"235, 236",Contemporary Drama,1,,,"In this class we will examine several intertwined strands of contemporary theatre practice: postmodern theatre, political and documentary theatre, and performance art. We will be using postmodernism as our primary theoretical lens; in particular, we will look at how contemporary art questions traditional dramatic narratives and problematizes not only theatre history but history itself. This course will focus both on dramatic texts and performance art; we will examine the way in which the body, as well as the word, carries meaning and how dramatic meaning can change over time and through performance. Satisfies departmental Underrepresented Traditions and Drama/Transmedia requirements.",
ENG,"237, 294",Postwar Drama,1,,,"An exploration of the ways in which theatre and representational practice were challenged and changed by the Second World War and its political, cultural, and social aftermath. We will examine British, American, and German plays by writers such as Osborne, Pinter, Weiss, Handke, Bond, and Griffiths. Satisfies departmental Drama/Transmedia requirement.",
ENG,"238, 239",Plays on Film,1,,,"Plays on Film is a study of the (all too few) aesthetically successful films made from stage plays, approached in the context of why adaptations of plays to film typically do not in fact, work. In addition to studying a canon of plays and films, this course will also engage (and contrast) textual, performance-based and image-based methodologies, and students will be asked to write papers demonstrating proficiency in all three theoretical approaches. Satisfies departmental Drama/Transmedia requirement.",
ENG,"240, 241",The Nature of Narrative,1,,,"This course will explore the forms and functions of primarily prose narratives with particular attention to structure, point of view, and narrative conventions of time, space, plot, character, and ""realism"". Different versions of the course will vary in focus and emphasis: some may survey a variety of forms and genres (short story, novel, memoir, autobiography) while others may concentrate on one or two of these. Satisfies departmental Prose requirement.",
ENG,"243, 244",Genres of Popular Fiction,1,,,"A study of the nineteenth century genesis and twentieth century development of three of the major genres of popular writing: mystery, horror, and science fiction. We will be reading not only particular works from these categories but theoretical essays on the nature of the genre itself. Authors may include Poe, Lovecraft, Conan Doyle, Hammett, Chandler, Shelley, Le Guin, and others. This course will not only focus on reading popular literature and writing standard literary critical papers but will also examine literary genre as a category and ask students to write creatively within the specific literary genres - mystery, horror, romance, adventure, science fiction - studied by the course. In this way, the course will provide a thorough exploration (i.e. historical, theoretical, and practical) of the various modes of popular literary expression. Satisfies departmental Prose requirement.",
ENG,"245, 246",Poetry & the Imaginative Process,1,,,"What is poetry? How is it made or constructed? Is it the product of sudden inspiration or of something more mundane? This course will address such questions by examining the work of poets who, in addition to their poems, have left behind letters, journals, and notebooks that allow us to reconstruct the processes through which their poems develop and progress to completion. Students will be encouraged to write and chart the development of their own poems in process. Satisfies departmental Poetry requirement.",
ENG,"247, 248",Shakespeare,1,,,"A study of Shakespeare's work in different genres drawn from the full range of his career as poet and playwright and, occasionally, of one or two plays by his contemporaries. Plays are treated both as literary texts requiring close reading and as scripts designed for theatrical performance in public playhouses of Elizabethan and Jacobean England. Attention paid throughout to questions of gender and sexuality, authority in family and state, and drama as social expression. Satisfies Departmental Drama/Transmedia requirement.",
ENG,249,Gay and Lesbian Theatre & Film,1,,,"This course explores a ""gay and lesbian"" canon of plays and films that both shaped and mirrored the evolution of a specific (historical) ""gay and lesbian"" subjectivity over the course of the twentieth century. We will also examine how the very forms of twentieth century theatre and film the subtexts of modern drama, the psychoanalytic mirrors of the silver screen were themselves seen as symbolic of gay and lesbian subjectivity and experience. Satisfies Departmental ""Underrepresented Traditions"" and ""Drama/Transmedia"" requirements.",
ENG,250,Banned and Censored Books,1,,,"Despite the esteem the concept of ""freedom of speech"" holds in the American zeitgeist, book banning has a long history as a tool of social and political repression, often as a way to ""protect the children"" against the supposed danger of diverse perspectives. This is especially true in our era, when entire political campaigns and party platforms have hinged on the attempt to censor certain kinds of literature from schools. English 284 will consider the broader topics of censorship, taboo, and social change by focusing on works of literature deemed dangerous and transgressive. We will specifically focus on works of literature that pop up in educational settings, particularly secondary school classrooms. While this is not an education class per se, students who are thinking about becoming educators might be especially interested in this course as they'll be entering into their profession at a time when book banning and censorship is rampant. Future English teachers will certainly need to think about the literature they assign in their courses, but all teachers regardless of subject will have to come to terms with the reality of censorship and the influence of political movements on curricular affairs. Readings might include Toni Morrison, James Baldwin, George Orwell, Rudolfo Anaya, Oscar Wilde, and Margaret Atwood. Students will also have the opportunity to study some more recent writers whose work is currently being challenged, such as George M. Johnson and Maia Kobabe. This course counts for the Prose and Underrepresented Traditions requirements for the English Department; we particularly encourage students who wish to become teachers to consider this course.",
ENG,"251, 252",Global Narratives,1,,,"A study of representative late twentieth and twenty-first century English-language novels and stories.The narratives studied all illuminate writers' and their characters' ancestral narratives, narratives rooted in China, Vietnam, India, Nigeria, the Americas, and Europe. Since each text studied raises questions about geographic, ethnic, national, linguistic and sexual boundaries, reading assignments, writing assignment, and presentation assignments will enhance students' cultural literacy by preparing them to engage knowledgeably and articulately in conversations about and across the many boundaries they'll be required to read about, write about, and talk about. As readers and writers, students will come to understand literary writing as ideological contestation, ideological inquiry, and rhetorical performance. Satisfies departmental Global Literatures and Prose requirements.",
ENG,253,Jewish Questions,1,,,"A study of the narrative, drama, poetry, memoirs and essays produced over the past two centuries by writers who identified with or who were identified by their Jewish backgrounds, both secular and religious, and beginning in the nineteenth century, produced work written in English, Hebrew, Yiddish, and other European languages. Foci will include literary enactments of conflicts between heritage and ""assimilation""; literary engagement with such ideological developments as Zionism and Socialism; communal affiliation and alienation; family tensions sand familial attachment: cultural practices associated with Diaspora and cosmopolitanism; the emergence of a distinctive urban Jewish sensibility in the mid-twentieth century; ethnic voicing and ideological conflict; immigrant and immigrant-offspring writers' contribution to the paradigms subsequently employed in the development of other ethnic literatures. Satisfies departmental Underrepresented Traditions and Poetry or Prose requirements.",
ENG,254,Monstrosity in Literature & Film,1,,,"Grotesque, terrifying, seductive, violent, or uncanny, monsters occupy a significant place in the literary tradition. Why do monsters have such lasting popular appeal in literary and filmic narratives? As emblems of horror and repulsion forced to live in the borders—of physical, biological, racial, economic, political, and sexual difference—the monsters that haunt the pages of literature and our cultural imaginations, who constantly threaten the norm with invasion and contamination, highlight the social values and fears of a given time and culture. In this course, we will explore literature and film in which monsters represent changing social ideas about such things as nationalism, empire, class, race, gender roles, and religion. We will consider how a monster embodies a multiplicity of psychic and social fears. What do these monsters portend and/or reveal about the cultures from which they arise or are exiled? We will begin by reading short texts in which monsters dwell in order to foreground a series of foundational questions about monstrosity. What does it mean to be ""monstrous""? Where are the borders between human and monster? Who labels whom ""monstrous"" and why? What are the ethical stakes in confronting the monster? We will then turn our attention to how monsters reflect or challenge what constitutes the ""human"" through classic monster texts, Mary Shelley's Frankenstein, Bram Stoker's Dracula, and Robert Louis Stevenson's Strange Case of Dr. Jekyll and Mr. Hyde and films that grapple with similar questions via dinosaurs, vampires, and zombies: Jurassic Park, Let the Right One In, and Dawn of the Dead. We will then ask what we might learn from the hybridized literary and cinematic monsters of the twentieth century, examining their representation in Franz Kafka's The Metamorphosis, J.M. Coetzee's In the Heart of the Country, King Kong, and The Host. Throughout the semester, we'll think and write critically about why every culture generates its own monsters, and what ramifications monster-making and our reactions to monstrosity have had in the real world. Satisfies the Departmental Prose and Drama/Transmedia Requirements.",
ENG,"255, 256",Literature & Film,1,,,"This course explores the dynamic relationship between literature and film, the art of adapting literary text into visual narrative. It examines the challenges and opportunities that arise when transforming written words into cinematic images. Through a selection of literary works and their film adaptations, we will analyze the processes of adaptation, interpretation and transformation and consider the ways in which film attempts to translate, represent and creatively reinterpret literary works. Possible text/films we will discuss include The Orchid Thief and ""Adaptation"", We the Animals and its recent film, Do Androids Dream of Electric Sheep? and ""Bladerunner"", and the fairy tale, Bluebeard , and ""Ex Machina."" Satisfies departmental Prose or Drama/Transmedia requirement.",
ENG,"257, 258",Shakespeare Reproduced,1,,,"A study of the reproduction of Shakespeare's plays on film and television and of the appropriation of Shakespeare's plays by modern playwrights, concentrating on the most adventurous recent work in these genres. Particular emphasis throughout on strategies of adaptation, substitution, and transformation. Satisfies departmental Drama/Transmedia requirement.",
ENG,"259, 260",Contemporary Irish Drama,1,,,"This course focuses on contemporary Irish playwrights such as Brian Friel, Conor McPherson, Marina Carr, and Martin McDonagh in the context of the history of Irish drama as a vital national cultural tradition. From the Celtic Revivalists' plays at the founding of the Abbey Theatre, drama in Ireland has exerted shaping influence on the state as it has also provided a sensitive respondent to tumultuous events in Irish history. More than many cultures, the Irish are haunted by the past, and so we will be viewing the contemporary works as conversations that Irish writers today are staging with their own historical and more specifically their own theatrical ghosts (Yeats, Synge, O'Casey, and Beckett at the least). Satisfies Departmental ""Drama/Transmedia"" requirement.",
ENG,261,Literature & The Visual Arts,1,,,"The course will explore the myriad relationships between word and image in a variety of interdisciplinary texts. We will examine the genres of the children's story, composite text, concrete and imagist poetry, ekphrasis, and graphic and wordless novel. Historically, the scope of the course is broad, reaching from the classical period to last year. We'll move from The Iliad to a comic strip, from a children's picture book to the revolutionary poetics of Blake's dynamic art. The course will trace the increasing sophistication and partnership of the word/image relationship as we move deeper into the digital age. Satisfies Departmental ""Prose"" and ""Drama/Transmedia"" requirements.",
ENG,"263, 264",Postwar British Theatre & Film,1,,,"This course explores what has been called the ""second renaissance"" of British drama - ""the new drama"" of 1956 and after - and the parallel British New Wave of cinema. We will begin by examining the cultural and social influences leading up to the ""annus mirabilis "" of 1956. We will then trace the emergence of John Osborne and other ""Angry Young Men"" and the development of a drama overtly engaged with issues of class, gender, and sexuality. We will then look at the ways these plays helped to revitalize the British cinema of the postwar era, creating a cinematic scene in which the free cinema and ""kitchen sink"" films of the 1950s gave way to the bold, taboo-breaking movies of the 1960s. Playwrights may include John Osborne, Arnold Wesker, Ann Jellicoe, Harold Pinter, Joe Orton, Edward Bond, and Shelagh Delaney. Films are likely to include Billy Liar, The Loneliness of the Long Distance Runner, Alfie, Tom Jones, The Servant, The Knack and How To Get It, and A Hard Day's Night. Satisfies departmental Underrepresented Traditions and Drama/Transmedia requirements.",
ENG,265,"Literature, Social Justice & Current Events",1,,,"In this class, we will examine the ways that literature is intertwined with social justice and current events. The course will be comprised of units revolving around current events that center on social (in)justice issues in the United States, such as mass incarceration, violence against transgender populations, immigration, and more. For each unit, we will read texts that explain relevant historical contexts, current event articles related to the issue, and a novel or memoir that speaks to the unit's theme. Throughout the semester, we will also watch films that are related to our written material. Our goals for the semester will be to understand the ways that literature both influences and reflects our cultural landscape and to fully comprehend the transformative role literature can have in helping us create a more just twenty-first century. Satisfies Departmental ""Underrepresented Traditions"" requirement, and also ""Prose"" requirement.",
ENG,266,Contemporary African & Caribbean Literature,1,,,"What should a young woman do if she suspects her sister is a serial killer who is intentionally killing men across Nigeria? How do the struggles of the United States' immigration process impact the relationship between a newlywed Haitian couple? The first question is the subject of one of the novels we will be reading in this course, and the second is the focus of one of the short stories we will discuss – and both texts are just two slivers of the wide variety of work we will read in this class. Throughout the semester, we will immerse ourselves in the rich literary traditions of multiple African and Caribbean nations as we explore novels, memoirs, short stories, and essays written by African and Caribbean authors from the late twentieth-century through today. While one course cannot rectify centuries of erasure, at the heart of this class is the desire to emphasize the immeasurable importance of the works on this syllabus and the multitude of other texts with which they are in conversation – and to push back against and unlearn the anti-Black, Eurocentric modes of thinking that have tried to depict this priceless literature as unimportant. As we read comedies, mysteries, current events pieces, literary scholarship, historical work, and more, we will treasure the gift that is African and Caribbean Literature, and we will embrace all that it can tell us about the African Diaspora, literature, global history, the contemporary world, and our way forward as human beings. Satisfies departmental Global Literatures and Prose requirements.",
ENG,267,Literature & Sexuality,1,,,"An exploration of the way literature reflects and shapes understandings, attitudes toward, and representations of, sexual identities and practices. Satisfies departmental Underrepresented Traditions and Drama/Transmedia requirements.",
ENG,"269, 270","Pages, Screens, & Sounds",1,,,"A study of the relationship between ostensibly literary writing and popular entertainment (movies, rock-and-roll, TV, etc.) and of the sometimes competitive, sometimes symbiotic relationship between literary practice and popular cultures. Satisfies departmental Drama/Transmedia requirement.",
ENG,271,Native American Literature & Film,1,,,"This course covers written and visual stories told by Native Americans: tribal mythologies, oral histories, contemporary novels, poetry, and films. Themes will include connections to land, the legacies of colonialism, spirituality, reservation life versus urban life, racial and cultural identities, and family ties. We will also study the relation between culture and artistic choices, interpreting the use of humor, non-linear narratives, and imagery of the natural and super-natural, among other distinct aspects of Native American aesthetics. Satisfies departmental Underrepresented Traditions requirement as well as Drama/Transmedia requirement.",
ENG,273,African American Literature,1,,,"Explores important literary works for what they reveal about the ever-changing status of the Black condition and blackness in the United States and about the unique aesthetic, formal, and ideological innovations developed by African and African descendant writers in the U.S. Some of the major questions that guide our study include: What does a work reveal about its historical and social context─e.g., slavery, colonization, reconstruction, Jim Crow, civil rights, and beyond? How do power relations and class struggle intersect with aesthetic choice and composition? How do gender and sexuality shape the production of African American literature? The course may also consider interactions between African American literary production and the cultural movements of the greater African diaspora, Europe, and the Americas. Satisfies departmental Underrepresented Traditions and Prose requirements.",
ENG,274,Reading African American Literature: Twenty-First Century Writing,1,,,"In this course, we will examine current African American literature. While our explorations will center primarily around novels, memoirs, short stories, and essays published in the twenty-first century, we will be in constant conversation with African American literature of the past, as the rich historical traditions of the field have provided the foundation upon which contemporary African American literature stands. Throughout the semester, we will examine how twenty-first century African American literature is intertwined with both past and present events and how it is both shaped by and shapes some of the most pressing issues of our current moment – from mass incarceration; to immigration policies; to environmental justice; to international relations; to healthcare; to interracial solidarity movements; to advocacy for Black women, Black LGBTQIA+ communities, Black disabled communities, and other multiply marginalized Black voices; and more.
 
 As we immerse ourselves in novels, short stories, memoirs, essays, and more by African American authors, we will ask ourselves the following questions – among others that we will dream up together: How do we decide – and who decides – which texts and authors are considered part of the African American literary tradition? Are Black authors who were born abroad but now live in the United States considered part of that tradition? What roles have gender, sexuality, complexion, and class played in establishing the ""most famous"" African American literary texts? What would it mean to center narratives by communities that are so often pushed to the margins, such as queer African American communities or disabled African American communities? What do our twenty-first century texts have in common with nineteenth-century texts and events? How does African American literature influence contemporary culture, activism, and social justice movements? For example, what is the relationship between contemporary African American literature and the Black Lives Matter Movement?
 
 As we examine these questions and create new ones, we will move together through a literary tradition as vast as it is extraordinary, absorbing as much as we can of the resilience, beauty, complexity, and creativity that African American authors have gifted to the world for centuries – and that they continue to gift us with today. Together, we will examine the rich and multi-faceted traditions on which contemporary African American literature is founded, the dynamic present it continues to reflect and create, and the just future it can help us build. Satisfies departmental Underrepresented Traditions and Prose requirements.",
ENG,275,Reading Analytically,1,,,"Intended primarily as a foundations course for current and prospective English majors and minors, Reading Analytically develops a common language and shared ideas about the enterprise called English Studies. It requires close readings of works in three different genres ─ poetry, plays, and fiction ─ focusing on various crisis points in literary history: the Renaissance, the Romantic revolution, and the Modernist moment. We consider, of course, the theory and methods of English studies as these have evolved over time, but especially since the 1970s to the present. We examine the history of English as a discipline, what it means to call something ""literary,"" as well as questions of why and how people go about analyzing literary texts and how literary and critical practices change over time. Satisfies departmental Prose requirement.",
ENG,"279, 290",Literature as Politics,1,,,"Students in this class will approach narratives, poems, and plays as rhetorical acts and sites of ideological struggle and will address and question widespread arguments that, on the one hand, reduce , literary works to the politics of writers and their times and, on the other hand, claim that as ""art,"" literary works ""transcend"" politics. Writers studied are likely to include Shakespeare, Edmund Burke, William Blake, Nathaniel Hawthorne, Herman Melville, W. B. Yeats, W. E. B. DuBois, W. H. Auden, Langston Hughes, George Orwell, Muriel Rukeyser, John Steinbeck, Richard Wright, Joan Didion, Mohsin Hamid, etc. Satisfies departmental Social Justice and Prose or Poetry requirements.",
ENG,"291, 292",Literature & Film of the Cold War,1,,,"The course focuses on how fiction, poetry, plays, and movies produced in the second half of the twentieth century responded to - sometimes promoting, sometimes resisting - the global ideological, diplomatic (and occasionally military) conflict that came to be known as ""the Cold War."" Writers likely to be studied include Ralph Ellison, Sylvia Plath, John Le Carré, Philip Roth, Mary McCarthy, Graham Greene, Jack Kerouac, J. D. Salinger, Arthur Miller, Allen Ginsberg, Don Delillo, E. L. Doctorow, and James Baldwin, along with movies such as On the Waterfront, Rebel Without a Cause, North by Northwest, and Dr. Strangelove . Satisfies departmental Prose or Drama/Transmedia requirement.",
ENG,293,Living Writers,1,,,"This team-taught course focuses on the work of six well-known writers (of fiction, nonfiction, or poetry) who visit Muhlenberg to discuss their work, meet with students, and give a public reading. The class meets as one group on a weekly basis, either for a lecture or for a presentation by one of the visiting writers, and again in sections for discussions of each writer's work. Writers who have participated in this course include Peter Carey, Jonathan Franzen, Galway Kinnell, Philip Levine, Andrea Barrett, Robert Pinsky, Carolyn Forche, Paul Muldoon, David Bradley, Alice Fulton, and Jay Wright.",
ENG,"295, 296, 297",The English Language,1,,,"The English language is often described as the de facto language of international business, trade, politics, and science, but how did this come to be? And what are the consequences of the English's global dominance on the human experience? This course provides an introduction to English linguistics from a critical sociolinguistic perspective and using real-world language for analysis. Topics include foundational theories in formal linguistics and language study, the sociopolitical history of English, an examination of contemporary World Englishes, and the inequitable relations of power between speakers of different varieties of English that result in linguistic hierarchies. Throughout the course, we will pay particular attention to the intersections between language and identity, especially social class, gender, race, national origin, and native-speaker status. We will also examine linguistic ideologies related to language standardization, racialization, and mono- and bilingualism that marginalize communities of color and nonative speakers. Satisfies departmental Underrepresented Traditions requirement. 
 
 This course meets the English language requirement for teacher certification in 7-12 English and 4-8 Language Arts.",
ENG,298,Writing Center Theory and Practice,1,Instructor permission.,,"A required course open only to students who have been selected to serve as Writing Center tutors and Writing Assistants. The course will focus (1) on writing, reading, and evaluating analytic and literary essays and (2) on theoretical essays in the field and how these theories translate into classroom and one-on-one tutorial practice. In addition, students will spend an hour a week in the Writing Center, first observing tutorial sessions, then co-tutoring, and finally tutoring students one-on-one. Satisfies departmental Underrepresented Traditions requirement.",
ENG,301,Writing Children's Literature,1,Any 200-level creative writing course.,,"In this workshop course, we will focus on writing for children. While we will emphasize fiction, we will also write creative nonfiction, poetry and dramatic pieces. We will pay special attention to issues of character, story structure and language. An equal amount of class time will be spent on student writing and published works. Readings will include recent Newberry and Caldecott Medal Award winners, along with classics by writers such as C.S. Lewis (The Lion, the Witch and the Wardrobe), E.B. White (Charlotte's Web), Antione De Saint-Exupery (The Little Prince), Roald Dahl (James and the Giant Peach, Matilda), Maurice Sendak (Where the Wild Things Are), Ezra Jack Keats (The Snowy Day), Katherine Peterson (Bridge to Terabithia), Pam Munoz Ryan (Esperanza Rising), Jacqueline Woodson (Locomotion), John Steptoe (Mufaro's Beautiful Daughters: An African Tale), Virginia Hamilton (The People Could Fly: American Black Folktales), Mildred D. Taylor (Roll of Thunder, Hear My Cry), among others. Satisfies departmental Prose requirement.",
ENG,303,Advanced Creative Nonfiction Workshop,1,"ENG 205, 206 Introduction to Creative Nonfiction Writing, ENG 210 Introduction to Narrative Journalism, ENG 221 - Introduction to Poetry Writing, ENG 227 - Introduction to Fiction Writing, or ENG 293 Living Writers",,"An intensive course in creative nonfiction. This upper level workshop will focus on the personal essay, such as memoir, travel writing, and portrait, and students will read examples. Writers will comment on each other's work in a workshop setting. Issues of linguistic theory, the form of the essay, and other conventions of nonfiction will be discussed. It will culminate in a portfolio, final project, and/or student reading. Satisfies departmental Prose requirement.",
ENG,305,Advanced Fiction Workshop,1,"ENG 205, 206 - Introduction to Creative Nonfiction Writing , ENG 227 - Introduction to Fiction Writing or ENG 240, 241 The Nature of Narrative.",,"An intensive course in the craft of the short story. Fiction writers will comment on each other's work in a workshop setting. Issues of linguistic theory, the literary tradition, and aesthetics will inform our discussions. The course will culminate in a public reading and submission of a portfolio. Satisfies departmental Prose requirement .",
ENG,307,Advanced Playwriting Workshop,1,ENG 207 - Introduction to Playwriting,,"An intensive course in the craft of playwriting in which writers comment on each other's work, focusing on the elements and structure of a play (character, action, spectacle, diction, ""music"", thought), dramatic forms and conventions (monologue, farce, melodrama, comedy, tragedy), selected published plays, and attending theatrical performances, all culminating in staged readings of selected student work and submission of a portfolio. Satisfies departmental Social Justice and Drama/Transmedia requirements.",
ENG,309,Advanced Poetry Workshop,1,"ENG 221 - Introduction to Poetry Writing or ENG 245, 246 Poetry & the Imaginative Process",,"This course is an advanced workshop in poetry, wherein you will regularly write poems, experiment with form and content, engage with contemporary poetry, and explore your own poetics and aesthetics. You will have the freedom to write what you care about and we will be discussing student work every class. Though it takes place under fluorescent light in a building with office decor, the workshop is a facsimile of gatherings (artist salons) that have sprung up through history in cafés, homes, parks, churches, and bars. We share their purpose: to be inspired and to inspire fellow writers, to rattle the roof with our voices, to pause, to truly contemplate all that seems to be bypassed in our manufacturing/manufactured superhighway culture, including the beautiful, the strange, the ordinary, the haunting. The difference—and it is a crucial one—is that our group is defined by no school of thought, movement, clique, or shared aesthetic. We come together to not only encourage one another, but to challenge, to demand—as all true loves do—commitment and passion, utter engagement of mind and not-mind. Our goal in this course is to fall in love—with words, with the world, with nuance, with song, with the glistening shards of our lives. Satisfies Departmental Poetry and Underrepresented Traditions requirements.",
ENG,311,Advanced Speculative Fiction Writing,1,ENG 220 Introduction to Speculative Fiction Writing,,"This course is an Advanced Creative Writing Workshop in Speculative Fiction, fiction in which some element goes beyond the real, is supernatural, futuristic, fairytale-esque, and/or weird. Speculative fiction borrows from and combines the tactics of both literary fiction and genres such as magic realism, horror, fantasy, dystopian fiction, and science fiction. Speculative fiction poses fundamental questions about morality and the purpose of human existence. And you will explore—through your own attempts at writing speculative stories and workshopping the work of your peers—why and how speculative fiction frequently mirrors—albeit oddly— our deepest insights, desires, hopes, and fears. The goal of this course is to introduce you to some foundational and contemporary speculative storytelling, to immerse you in a writing practice, and inspire you to write fiction that breaks molds and ventures weirdness, while also attending to the deeper psychic, emotional, political, cultural, and artistic resonances of a piece. Satisfies the Departmental Prose requirement.",
ENG,"313, 314",Medieval Literature,1,Any 200-level ENG or ITL course,,"This course introduces students to the European literature of the 10th to the 15th century. This epoch of upheaval and transformation saw the rise and fall of kingdoms, religious consolidation and conflict, horrific violence, transcendent art, and the birth of literature in the vernacular languages (as opposed to Latin). Our guides through this world of brilliance and shadow will be great works of literature from the nascent literary traditions in English, French, Italian and Hebrew, such as: Beowulf ; the Lais of Marie de France; Dante's Divine Comedy ; the Hebrew poetry of Shmuel HaNagid; and Chaucer's Canterbury Tales . Students engage in close reading of texts, analysis of literary techniques, interrogation of intellectual, philosophical, and aesthetic concepts, and exploration of the materiality of medieval book culture. Satisfies departmental Poetry requirement.",
ENG,328,Staging the Restoration,1,THR 100 Theatre & Society: An Historical Introduction or any 200 level ENG course or permission of instructor.,,"This course examines stagings of Restoration England. The first half of the course investigates Restoration Comedy in historical and theatrical context. Likely themes include the relationship between theatre and politics, the intersection of nationality and sexuality, and the shift from aristocratic to bourgeois cultural forms. The second half of the course examines recent theatrical and cinematic representations of the Restoration era. We will look at contemporary productions of Restoration plays, new plays set in the Restoration era, and feature films. The Restoration emerges as a period of sex, fashion, class struggle, and nascent imperialism. What is at stake in these representations for our own historical moment? Why stage the past to address the present? Satisfies departmental Drama/Transmedia requirement.",
ENG,"329, 330",Nineteenth Century British Fiction,1,,,"In this course, we will read some of the best-loved novels of all time, written during the century when the novel as we know it came to be. Writers like Jane Austen, Charles Dickens, Wilkie Collins and the Brontë sisters adapted the romance and the gothic to help create a new form for a widespread and expanding middle-class readership. During the time of rapid social change, the novel became a site for public debate about child labor, marriage, sexuality, the rights of women, the impact of technology and the progress of empire. Satisfies departmental Prose requirement.",
ENG,"331, 333",English Romanticism,1,,,"Explores the English Romantic movement as it develops in the work of William and Dorothy Wordsworth, Coleridge, Blake, Keats, Felicia Hemans, and the Shelleys. Among other works, readings will include Visions of the Daughters of Albion , ""The Rime of the Ancient Mariner,"" Frankenstein , and a more contemporary novel influenced by the Romantic writers. The course may also include dramatic readings and performances by guest artists. Attention will be paid to the relationship between the visual and verbal arts in poets like Blake and Keats. Satisfies departmental Poetry requirement.",
ENG,"338, 339","City, Frontier, & Empire in American Literature",1,,,"The course will focus on U.S. literature produced in the late nineteenth and early twentieth centuries, from the post-civil war era to the years shortly after World War I and the enactment of the eighteenth and nineteenth amendments to the Constitution. Texts studied will include work by such writers as William Dean Howells, Theodore Dreiser, Rebecca Harding Davis, Abraham Cahan, Charlotte Perkins Gilman, Mark Twain, Willa Cather, Henry James, Edith Wharton, Charles Chesnutt, Kate Chopin, Paul Laurence Dunbar, Frank Norris, Stephen Crane, and others. Contexts considered will include changes in American identity, and U.S. literary practices in response to immigration, urbanization, the ""closing of the frontier,"" the triumph of Jim Crow, and U.S. imperial expansion. Satisfies departmental Prose requirement.",
ENG,"343, 344",Irish Literature,1,,,"An exploration of representative works in Irish literature by Catholic and Protestant, nationalist and Anglo-Irish, and canonical and non-canonical writers. Selection of texts will vary from semester to semester, sometimes sampling works, sometimes concentrating in a single genre. Topics will include the impact of British colonialism, nationalism and its appropriation of Irish myth, representations of gender, and colliding definitions of ""Irishness.""",
ENG,"347, 348",Modern British Fiction,1,,,"A study of British modernist fiction and formal experimentation from 1900 to 1950: stream of consciousness, open form, mythic plot patterns, poetic prose, alienation, and self-conscious and fragmented narration. Texts may include Conrad's Heart of Darkness ; Ford Madox Ford's The Good Soldier ; Virginia Woolf's To the Lighthouse ; E. M. Forster's A Passage to India ; and D. H. Lawrence's Women in Love. Satisfies departmental Prose requirement.",
ENG,"349, 350",Modern American Fiction,1,,,"A study of representative fiction published in the United States between the World Wars, including works by Willa Cather, Sherwood Anderson, Ernest Hemingway, Gertrude Stein, F. Scott Fitzgerald, Richard Wright, William Faulkner, Zora Neale Hurston, and William Attaway. Contextual questions will focus on legends of ""the Lost Generation,"" the Depression-era radicalization of cultural production, the impact of immigration and Nativism, and relations between European and American modernisms in various arts. Satisfies departmental Prose requirement.",
ENG,"352, 353",Modern Poetry I: 1889-1945,1,,,"The Modernist turn in poetry parallels that in the other arts ─ the change from Yeats' Wind in the Reeds to Eliot's The Waste Land and Pound's Pisan Cantos is a sea-change in the forms, rhythms, and narrative techniques in poetry. But what is ""modernism"" ─ is it truly new, or is it a shift within the larger movement called Romanticism to a 'harder"" rhetoric? What is ""the occult"" in poetry? The emergence of women's poetry? Poets may include Yeats, Pound, Eliot, H.D., William Carlos Williams, Marianne Moore, and others publishing poetry in English between 1889-1945. Satisfies departmental Poetry requirement.",
ENG,360,Advanced Workshop in Fiction and Creative Nonfiction,1,,,"An intensive course in the craft of fiction and creative nonfiction. This upper level workshop will ask students to read and write both short fiction stories and creative nonfiction essays. We will explore the similar craft skills that link both prose forms as well as the craft skills that distinguish the two. Writers will comment on each other's work in a workshop setting. Issues of aesthetic theory, the form of short fiction and the essay and other conventions of prose writing will be discussed. The course will culminate in a portfolio. Satisfies departmental Prose requirement.",
ENG,362,Advanced Graphic Narrative Workshop,1,"Any 200-level creative writing course, or permission of instructor",,"Though mainstream comic books were popularized in the 1930s and the term ""graphic novel"" was coined in 1964, it was in the early 2000s that stand-alone graphic narratives of every stripe entered collective and literary consciousness. The concomitant rise of visual digital media has created a culture that is now replete with and attuned to visual forms of imaginative storytelling. In this Advanced Creative Writing Workshop, we will explore the unique ways graphic narratives build stories through layers made up of vivid settings, dialogue, exposition, vignettes, memorable characters, encapsulation, rhythm, and time within panels. You will become versed in graphic storytelling techniques while writing your own fictional stories, cartoons, nonfiction, and comics poetry. We will explore the role of visual imagination in reading and writing, world building, sequential storytelling, the iconographic logic of fictional universes, the interdependence of art and text, hybridized genres, and more. You will consider orientation and style, draft ideas, write scripts, make mockups, experiment with ink and color, and work seriously on revising your work. We will, of course, be studying the form by reading the work of great graphic writer/artists such as Brian K. Vaughan, Fiona Staples, Jaime Hernandez, Marjane Satrapi, Chris Ware, Ander Nilsen, Lynda Barry, Charles Burns, Adrian Tomine, Jul Maroh, Charles M. Schulz, Alison Bechdel, Richard McGuire, Leah Hayes, Matt Kish, Yasmine Surovec, Alan Moore, and Art Spiegelman. While we will be drawing, you do not need to have any special talent at drawing to take this course as there are many ways to tell stories with pictures. Satisfies Departmental Prose and Transmedia requirements.",
ENG,364,Advanced Screenwriting Workshop,1,ENG 226 - Introduction to Screenwriting or permission of instructor.,,"Students will conceptualize, outline, and write a feature-length screenplay, focusing on story structure, character development, conflict, dialogue, and resolution. Writers will comment on each other's work in a workshop setting. Students should start conceptualizing their ideas well in advance of the start of the semester. Satisfies departmental Drama/Transmedia requirement.",
ENG,"365, 366",Contemporary Poetry,1,,,"The American poets and poetry of now - its roots, its various directions, transformations of previous work, and its diverse nature from the last decades of the twentieth century to the present. Satisfies departmental Social Justice and Poetry requirements.",
ENG,370,Living Writers Workshop,1,ENG 293 - Living Writers or any 200-level creative writing class.,,"An advanced workshop in writing. Students will read the work of, participate in Q & A sessions with, and attend readings by the writers in our Living Writers Reading series. In class, student writers will comment on each other's work in a workshop setting and commit to the process of drafting, active de-familiarization, imaginative play, development, and serious revision. The course will culminate in the submission of a portfolio.",
ENG,"373, 374",The Literary Marketplace,1,,,"This course examines literary texts as a form of mass media and considers their circulation in the marketplace. We will trace how and why fiction was commodified in the nineteenth century and book publishing exploded in profitability and prestige in the twentieth. Lastly, we will look at the exciting (and terrifying) developments of the twenty-first century, which are continuing to unfold every day. Will the book as we know it survive?",
ENG,375,"Literary Publishing - Editing, Book Reviews, & Broadsides",1,Any English course,,"This course is an experiential learning course with industry professionals as guest speakers and hands-on submission reading and editing, as well as author engagement, publicity, and design. This course is meant for those interested in working in literary publishing, including editing, book reviewing, magazine operations, contest operations, etc. You will gain working knowledge of the fundamentals of editing, layout, and publishing, while considering multiple contexts, modalities, and audiences. And you will apply your creative writing and reading skills to meaningful civic engagement within the sphere of literary culture by working on a national broadside contest. Literary publishing jobs can be wonderful for someone who loves language/books and wants to keep engaged in the world of writers as they pursue their own writing. Toni Morrison, arguably one of the greatest writers of the 20th century, for example, worked in publishing until she published her first novel in her 40s. This course can count as an upper level CW course OR an upper level Lit course.",
ENG,378,Holocaust Literature,1,,,"Approximately twenty years after the Holocaust, literature by survivors began appearing in multitudes. Today, there are countless texts on the genocide, including memoirs, fiction, and poetry by survivors and by authors unaffiliated with the Holocaust. Almost every genre and category of authors has come under intense scrutiny, leading to questions such as: Can the violence of the Holocaust -- and genocidal, racialized violence more broadly -- be represented? If so, who can represent it? What is the relationship between trauma and memory? What about the relationship between literature and trauma? Does literature possess unique capabilities for producing empathy? What are the ethical questions involved in interviewing Holocaust and genocide survivors to produce literature? How does one write about collective trauma? In this course, we will examine these questions and others as we study a range of Holocaust memoirs and fiction about the Holocaust and put these primary texts in conversation with theories of Holocaust and Genocide Studies, Comparative Genocide Studies, Gender and Sexuality Studies, and Comparative Race and Ethnicity Studies. Throughout the semester, we will also watch and read interviews with Holocaust survivors, including some of our authors. Additionally, we will consider the relationship between race and memorialization; the under-examined role of sexual assault in the Holocaust; the under-discussed murders of the Roma, Black, disabled, and queer communities in the Holocaust; the relationship between the Holocaust, other genocides, and other forms of racialized violence; and the urgent importance of Holocaust literature in our current moment. Satisfies departmental Underrepresented Traditions and Prose requirements.",
ENG,"391, 392",Decadence: The Literature of the 1890s,1,,,"England in the 1890s was a place of great anxiety about a number of explosive issues. The power of the old imperial regime - and the stability of the Victorian ethos - were increasingly threatened by colonial insurrections; advancements in science, technology, and psychology; the collapse of a puritanical sexual order and the emergence of new sexualities; the political and social empowerment of women; various social and economic uncertainties; and the radically new aesthetic politics of the ""art for art's sake"" movement. The course will focus on cultural texts such as Max Nordau's Degeneration and various tracts about the ""New Woman,"" popular novels like Grant Allen's The Woman Who Did , as well as more canonical literature like Conrad's Heart of Darkness ; Robert Louis Stevenson's The Strange Case of Dr. Jekyll and Mr. Hyde ; H. G. Wells' The War of the Worlds ; and Oscar Wilde's The Picture of Dorian Gray and Salomé . Satisfies departmental Poetry or Prose requirement.",
ENG,"393, 394",Literary Remix,1,,,"It is perhaps ironic that so many of our contemporary ideas about ""intellectual property"" were developed by ""landscape"" poets like Wordsworth, who argued that the descendants of a poet should be able to live off his ""intellectual property"" just as the heirs to a landed gentleman could derive a living from his ""estate."" Today, issues of copyright and intellectual property are in radical flux as IP regimes tighten even as ""the remix""- the adaptation, transformation, or other use of culture is used to make new culture-becomes perhaps the defining art form of the twenty-first century. While most discussion of remix culture tends to focus on mass media-music mashups, video remix, YouTube and Napster, etc-remix culture, like intellectual property, has its roots in the literary. This course will examine the nineteenth-century emergence of intellectual property regimes in the arts and consider the ways in which the historical transformation and adaptation of stories is in conflict with increasingly rigid IP regimes. Texts will change radically from term to term, but might include such adaptations as West Side Story, Wicked, The League of Extraordinary Gentlemen, Ahab's Wife, March, The Wind Done Gone, Shylock, Lo's Diary, Moulin Rouge, and other adapted works. Satisfies departmental Drama/Transmedia requirement.",
ENG,400-449,CUE: Seminar in English,1,,,English Department seminars are offered once or twice a semester by different members of the department on a rotating basis. They are required of all senior English majors and may also be taken by juniors with instructor permission.,
ENG,451,Reading for Writers: Aesthetic Theory,1,,,"In this course, we will study books from a range of genres up against essays on writing and reading, interrogating our ways of reading, our aesthetic proclivities and biases, and the relationship between our apprehension of texts and our own world-building through writing. Where do politics and poetics collide, inform, or undermine each other in our reading and writing practices? How do we decide what good writing is? What does it do to us and what do we feel like it should contribute to our lives? We will consider the life of the author/ artist in context and conversation with their work, and examine the role of a creative writer in society. We will interrogate the imaginative, critical, and formal processes involved in creative writing and the nature of aesthetics (in both others' work and our own); what do we mean, for example, when we experience a text as compelling or beautiful? How does the way we approach or analyze a text influence its effect on us? In addition to critic-creative responses, students will create a sustained creative piece of their own, and learn to approach their writing with enhanced purpose. Finally, we will learn—from great contemporary writers—various ways of meaning-making and widen our writing practice by attempting both to diagnose our own skills and desires, and to experiment more wildly with style, form, and content. Satisfies Departmental Poetry or Prose requirements, and Underrepresented Traditions Requirements.",
ENG,453,Masterclass in Creative Writing,1,"Minimum of 6 creative writing classes, one of which is ENG 451 Reading for Writers: Aesthetic Theory and another is an independent study where the shape and scope of the Masterclass in Creative Writing is first explored. Instructor permission required.",,"The Masterclass in Creative Writing is designed for students of demonstrated exceptional ability and commitment. Students enrolled in the Masterclass in Creative Writing will spend a semester working closely with a creative writing faculty mentor on a cohesive collection of poems, short stories, essays or a two-act play, screenplay or novella, totaling between 60-85 pages, depending on the genre. At the end of the semester, students will give a reading to the public and also have a formal defense with 3 creative writing faculty (their mentor, the Director of the Creative Writing Program, plus 1-2 other creative writing faculty members); this defense will focus on the student's artistic manifesto, an argument for an aesthetic, and writing process. Interested students must complete an application proposal, which requires the signatures of both the creative writing faculty mentor and Director of the Creative Writing Program. This course is only open to Creative Writing Minor students. It is only offered during the Spring semester.",
ENG,903,Creative Nonfiction Tutorial,1,Instructor permission required.,,This course is a creative nonfiction writing workshop course for students who have already taken ENG 303 Advanced Creative Nonfiction Workshop.,
ENG,905,Fiction Tutorial,1,Instructor permission required.,,This course is a fiction writing workshop course for students who have already taken ENG 305 Advanced Fiction Workshop.,
ENG,907,Playwriting Tutorial,1,Instructor permission required.,,This is a playwriting workshop course for students who have already taken ENG 307 Advanced Playwriting Workshop.,
ENG,909,Poetry Tutorial,1,Instructor permission required.,,This is a poetry workshop course for students who have already taken ENG 309 Advanced Poetry Workshop.,
ENG,960,Internship in Writing,,,,"Each internship is to be designed in consultation with a faculty sponsor and an on-site supervisor, and will include an academic project to be defined by and submitted to the faculty sponsor for evaluation. Graded Pass/Fail only.",
ENG,961,Internship: Muhlenberg Academic Review,0.5,Instructor Permission,,"Students in MAR will learn the various roles of journal publishing and each student will take responsibility for one part of the process: editorial, layout, copyediting, web design, social media, corresponding with authors, etc. Students will meet weekly and Editors in Chief will also take on a supervisory role and learn to manage a team.",
ENG,962,Internship: Editorial Team,0.5,Instructor Permission,,"Students who are interested in writing, editing, digital publishing, teaching, and related fields are invited to join the Editorial Team, which will work on a number of new online academic publications being developed at Muhlenberg, including Wings of Fire (English) and Muhlenberg Visions (Film and Media studies). Students will learn to move manuscripts through production, including editing, formatting, corresponding with authors, and learning OJS (Open Journal Software), a professional online publication platform. The team will meet via zoom and much of the work will be assigned and asynchronous.",
ENG,970,English Independent Study/Research,,,,Each independent study/research course is to be designed in consultation with a faculty sponsor.,
ENG,975,Writing in the Prisons,0.5,,,"Students in this course will help facilitate a creative writing class in a minimum security unit at Lehigh Valley County Corrections Center or Northampton County Prison, both in Bethlehem. In addition to facilitating weekly workshop sessions, students meet periodically with the professor to discuss assigned readings and discuss drafts of a required writing project. At the end of the semester, students will also be required to edit an anthology of the prisoner's work and help organize a public reading for the inmates at Muhlenberg College. Signature of professor required. Satisfies departmental Prose requirement.",
ENG,976,Writing in the Schools,0.5,,,"Students in this course will learn - in practice - how to facilitate a creative writing class within the community, in this case at a local Allentown elementary or middle school: Jefferson Elementary, Roosevelt Elementary, or South Mountain Middle School. In addition to designing lesson plans, considering the pedagogical needs of the students, and facilitating weekly workshop sessions, students meet periodically with the professor to discuss assigned readings and required writing and to plot the direction of the course for the community students. At the end of the semester, students will be required to create and anthology of the student's work and submit a portfolio of lesson plans geared to the appropriate age group. Signature of the professor is required. Satisfies departmental Prose or Poetry requirement.",
ESC,101,Exploring Geology,1,,,"This course is an introduction to the science of geology for non-science majors. Students will learn how the scientific method is used by geologists in their study of materials, structures, and physical features of the earth. Specific topics of interest include: the scientific method and the development of geology as a science; the formation and properties of minerals and rocks; plate tectonics and continental drift; the origins and consequences of natural hazards such as earthquakes, volcanic eruptions, landslides, and flooding; factors affecting water movement and availability; how humans affect and are affected by earth's physical environments, including how geology is used in land-use planning; and, the history of the earth. Students cannot earn credit for both ESC 101 and ESC 201 .",
ESC,111,Topics in Environmental Science,1,,,"Environmental science is an interdisciplinary subject area that draws on biology, chemistry, geology, and ecology to study the earth's natural systems. Students learn how science is conducted and study the earth's natural environments, interactions of organisms with each other as well as their physical surroundings, and the sources and effects of environmental stress.",
ESC,150,Introduction to Environmental Science,1,,,"ESC 150 introduces the multi-disciplinary study of environmental science both in the classroom and through laboratory and field experiences. In this course, we will consider the fundamental principles and problems in environmental science: how humans are influenced by and how we alter the environment. We will explore natural environmental phenomena (e.g., ecology, cycling of chemical elements and other materials) as well as ways the growing human population impacts our planet through crop production, water and energy use, and waste management. Problems of water, soil, and air pollution, including climate change, will be addressed. The weekly laboratory serves as an introduction to applied and experiential environmental science. Students will be introduced to data-gathering techniques that are common in field work and be asked to develop hypotheses and experimental designs based on the assigned tasks. Critical thinking and practical problem-solving goals relating to field sampling and data analysis will be developed. Additionally, students will have the opportunity to visit professionals in industry, NGOs, and government agencies whose careers are connected to the discipline of environmental science.",
ESC,201,Environmental Geology,1,,,"Organisms are inextricably bound to their physical environments. An understanding of the interactions between the earth's geology and biology is therefore fundamental to a study of environmental science. This course examines earth's physical environments as they relate to environmental science. Topics will include the basic principles of geology, natural hazards such as volcanoes, earthquakes, mass wasting, flooding, and the global hydrologic cycle. Global water resources will be examined with an emphasis placed on groundwater supply, movement, and pollution.",
ESC,301,Environmental Microbiology,1,BIO 160 Foundations of Biological Inquiry or CHM 103 General Chemistry I,,"This course is a study of the functions and activities of microorganisms in natural and artificial environments. Microbial diversity and ecology will be discussed as a basis for understanding the interactions among microbial species in soil, air, and water. The effects of environmental stressors on the growth and distribution of microorganisms, interactions among microorganisms and multicellular organisms (e.g., plants and animals), and applications of microbiology to industrial, agricultural, environmental, and medical practices will also be described.",
ESC,309,Environmental Pollution Science,1,CHM 104 General Chemistry II,,"The behavior of chemical pollutants in earth's natural systems is critical to a study of environmental science. This course will examine the chemistry of soil, air, and water; the interactions and cycles of elements among them; and the pollutants that can adversely affect these important resources. Topics will include an overview of the physical chemistry of soil's reactions and fates of pollutants in soil, reactions and movement of pollutants in water, wastewater treatment, and chemical reactions in the atmosphere, including the mechanisms of smog production, ozone depletion, and global warming.",
ESC,310,CUE: Environmental Pollution Science,1,CHM 104 - General Chemistry II or permission of the instructor.,,"The behavior of chemical pollutants in earth's natural systems is critical to a study of environmental science. This course will examine the chemistry of soil, air, and water; the interactions and cycles of elements among them; and the pollutants that can adversely affect these important resources. Topics will include an overview of the physical chemistry of soil's reactions and fates of pollutants in soil, reactions and movement of pollutants in water, wastewater treatment, and chemical reactions in the atmosphere, including the mechanisms of smog production, ozone depletion, and global warming. The chemistry of power generation involving fossil fuels, radioactive isotopes, solar energy, fuel cells, and other resources will also be considered.",
ESC,311,Toxicology,1,,,"Toxicology is in broad terms the science of poisons. This course will provide an overview of the many branches of toxicology and examine the effects of poisons or toxins on individual organisms and ecosystems. Of specific interest will be the uptake (ingestion), metabolism, storage, and excretion of toxins and the adverse effects experienced by organisms exposed to toxic substances. The mechanisms by which substances induce cancer, birth defects, and nervous and immune system damage will be studied. Additionally, fundamental principles of toxicology, such as dose-response and selective toxicity, will be described. The sources, chemical properties, environmental fates, and regulation of toxins will be addressed.",
ESC,312,CUE: Toxicology,1,BIO 165 From Ecosystems to Organisms is required. CHM 104 General Chemistry II and CHM 201 Organic Chemistry: Structure and Reactivity are recommended.,,"Toxicology is in broad terms the science of poisons. This course will provide an overview of the many branches of toxicology and examine the effects of poisons or toxins on individual organisms and ecosystems. Of specific interest will be the uptake (ingestion), metabolism, storage, and excretion of toxins and the adverse effects experienced by organisms exposed to toxic substances. The mechanisms by which substances induce cancer, birth defects, and nervous and immune system damage will be studied. Additionally, fundamental principles of toxicology, such as dose-response and selective toxicity, will be described. The sources, chemical properties, environmental fates, and regulation of toxins will be addressed.",
ESC,960,Environmental Science Internship,1,,,,
ESC,970,Environmental Science Independent Study/Research,,,,Each independent study/research course is to be designed in consultation with a faculty sponsor.,
FIN,105,Family Finance I,0.5,,,"This course will explore several broad areas of family finance: taxes, banking, money management, credit, personal loans, home mortgages, home equity loans, and insurance. Specific topics will include the Federal income tax return, checking accounts, electronic banking, money market funds, CDs, debit and credit cards, car leases, fixed rate vs. adjustable rate mortgages, refinancing, auto and homeowner's insurance, HMOs and PPOs, disability insurance, term vs. whole life insurance, and reading the financial press. Students will develop a subject mastery through assigned readings, class discussion, and completion of assigned exercises.",
FIN,106,Family Finance II,0.5,,,"This course will explore several broad areas of family finance: saving and investment, retirement planning, and estate planning. Specific topics will include risk preferences and tolerances, risk-return tradeoffs, the stock market, bonds and their features, diversification, mutual funds, open-end and closed-end funds, load vs. no-load funds, index funds, asset allocation, pension plans and vesting, the defined benefit plan, the defined contribution plan, the 401(k), traditional IRAs, Roth IRAs, wills, trusts, and gifts. Students will develop subject mastery through assigned readings, class discussion, completion of assigned exercises, and participation in workshop-style presentations.",
FIN,144,Introduction to Portfolio Management,0.5,,,"The course offers students the opportunity to participate in the active management of a portfolio of assets which was originally funded by a loan from the College. Students will study current financial markets, lead discussions, arrange for speakers, and monitor and analyze current portfolio holdings. The primary goals are to learn how to manage a portfolio and to promote an understanding of financial assets and markets.",
FIN,237,Corporation Finance,1,"ECN 101 - Principles of Macroeconomics and ECN 102 - Principles of Microeconomics, or INE 201 New Venture Creation; and STA 119 - Statistical Analysis.",,"This course develops the major propositions of modern financial theory and the guidance that they provide to the corporate financial manager. The focus is primarily on two major decision making areas: the investment decision and the financing decision. The exposition of these two areas requires that the following topics be covered: time value of money, valuation, portfolio theory, the Capital Asset Pricing Model, capital budgeting, and the cost of capital. The use of EXCEL is emphasized.",
FIN,241,Current Topics in Financial Markets: Investment Strategies,1,FIN 237 Corporation Finance.,,"This seminar course will explore the role of financial intermediaries, e.g. the Federal Reserve, institutional investors, hedge funds, private equity partners, and investment banks in domestic and foreign markets. Based on anticipated actions of these intermediaries, various investment strategies will be formulated.",
FIN,311,Mathematics for Financial Analysis,1,FIN 237 Corporation Finance and MTH 121 - Calculus I.,,"The study and application of the mathematical tools needed for making financial decisions. Present value and future value are reviewed in preparation for more advanced topics, including mortgages, bond valuation, yields, duration, and convexity. Bond immunization strategies are covered. Other topics include foreign currency futures, the optimal hedge ratio, gap analysis, interest rate swaps, pension funding, and advanced issues in capital budgeting. Teamwork is emphasized through a team research project and team presentations. The use of Excel is integrated throughout the course.",
FIN,313,Financial Analytics,1,FIN 237 Corporation Finance and MTH 121 Calculus I,,"This course introduces the basics of the modern financial engineering framework. Financial engineering is where modern finance meets the global economy. This approach to finance involves the creation of synthetic financial instruments and the use of innovative computational approaches supporting valuation and risk management. The course is an applied course, taking the perspective of a market practitioner. The course will develop general methods of creating synthetics and other structured products within the context of global economic and financial markets. Overall, the course is designed to provide a conceptual, computational-directed approach to the financial engineering framework.",
FIN,330,"Money, Banking, & Financial Markets",1,ECN 101 - Principles of Macroeconomics and ECN 102 - Principles of Microeconomics and STA 119 Statistical Analysis.,,A course intended to examine the nature and functions of money and the factors determining its exchange value. Emphasis is placed on the structure of the financial system and the effect of monetary policies in light of Keynesian and Post Keynesian developments.,
FIN,344,Investments & Portfolios,1,FIN 237 Corporation Finance and MTH 121 Calculus I.,,"This course studies the role of domestic and foreign bonds and stocks in constructing portfolios. Much of the course analyzes the statistical and financial properties of assets and portfolios. Topics include the dividend discount model, efficient portfolios, the mutual fund separation theorem, efficient markets, and violations of the efficient market hypothesis.",
FIN,365,Mergers & Acquisitions,1,FIN 237 - Corporation Finance.,,"A seminar course covering selected financial topics, focusing on acquisition, mergers, and business combinations facing senior business managers. The course will review and build upon materials presented in prior courses. Numerous readings, class discussion, presentations, and case analyses will be required.",
FIN,367,Derivative Markets,1,FIN 237 - Corporation Finance.,,"This course will explore the economic rationale for and benefits of the derivative markets. Coverage will include stock options, commodity, financial and foreign exchange futures, as well as the investment strategies that make use of these instruments. The roles of hedgers, speculators, and arbitragers will be examined, along with risk management, portfolio insurance, program trading, the regulatory setting, and other related topics. Special emphasis will be given to issues of interest to the corporate financial manager.",
FIN,490,CUE: Advanced Topics in Financial Management,1,"FIN 330 Money, Banking, & Financial Markets, a 300-level FIN elective, and senior standing.",,"The practical aspects of financial management are stressed. The course is a blend of applications, case studies, and theory. Topics include the bond refunding question, capital budgeting under conditions of uncertainty, the theory of capital structure, dividend policy, leasing, mergers and corporate restructuring, bankruptcy, pension funding, and international financial management.",
FIN,960,Finance Internship,1,,,"Under faculty supervision, students will be placed in internship positions with local business and other related organizations in order to gain experience in the application of the theories and concepts learned in the classroom. Students will be required to document their experiences in a written journal, to share their experiences with others in a classroom setting, and to prepare a significant term paper or project report.",Open to juniors and seniors only.
FIN,970,Finance Independent Study/Research,,,,Each independent study/research course is to be designed in consultation with a faculty sponsor.,
FLM,201,Film History I: 1895-1950,1,,,"An exploration of the international history of film from its invention through the silent era, the rise of Hollywood, and the development of sound to 1950. The course focuses on major directors, technological developments, and the surrounding social, cultural, and commercial contexts from which film emerged. Screenings will include works from Hollywood, international cinema, documentary, and the avant-garde.",
FLM,"202, 204",Film History II: 1950-Present,1,FLM 201 - Film History I: 1895-1950 or permission of the instructor.,,"An exploration of the international history of film from the end of the War through important European developments (for example, the French New Wave, Italian Neo-Realism, and New German Cinema) and dramatic changes in production and viewing in the United States (through the Sixties and Seventies), as well as the recent emergence of strong national and regional cinemas in countries all over the world. The course focuses on major directors, technological developments, and the surrounding social, cultural, and commercial contexts within which film continues to flourish. Screenings will include works from Hollywood, international cinema, and the avant-garde. In addition to the historical survey, the course provides further training in film and textual analysis with an emphasis on writing and an introduction to film theory.",
FLM,225,The Western Film,1,,,"This course will examine the Western as the American film genre par excellence. Numerous theoretical approaches will be used to study the rise and fall of the Western's popularity, its role in shaping popular myths about the United States, and its representation of masculine identity. By going chronologically from early classical to more contemporary films, students will learn how ideology and socio-historical conditions lead to the making of certain films at certain times. In addition to looking at the classical Western, the course will analyze how the so-called spaghetti Western and political events such as the Vietnam War have transformed the genre. Students will learn how to read and discuss films by analyzing the various cinematic codes (lighting, editing, camera angles, sets, music, the three gazes, etc.), the significance of the star system, and theories of spectatorship and scopophilia.",
FLM,227,Melodrama,1,,,"Melodrama is a form of popular storytelling that puts its characters in dramatic situations in which the stakes are nothing less than the victory of good over evil. This course will investigage the central role of melodrama in American film, with particular attention to issues of gender and race. It focuses on films that are often classified as ""women's films"" and ""social problem films,"" but also includes ""male melodramas."" The course considers how these topics are represented through melodrama's aesthetics, such as music, dramatic editing, and symbolic use of setting.",
FLM,229,Travel & Cultural Encounters in Film,1,,,"This course looks at narrative and experimental films that thematize the act of travel as a trigger for cultural encounters, which often result in conflicts, power differentials, and individual senses of displacement or disorientation. The cultural encounters depicted include those in colonial Africa, India, and the Americas, as well as post-colonial encounters in new relationship configurations such as migration and tourism. The course also considers as a sub-theme the ""road movie"" in American culture and what it says about the relationship of dominant American culture to the land and the indigenous inhabitants. As a theoretical lens, students will consider the cinematic medium as a vehicle for virtual travel and read accounts of film spectatorship that consider particular travel experiences.",
FLM,231,Directing and Performance for Film,1,,,"This is an introductory-level course in directing and acting for camera, focusing on philosophies of screen acting, the ability to work within the technical requirements of screen media, and the development of productive and respectful working relationships on set. Students will both direct and act in this course, but no previous directing or acting experience is required.",
FLM,320,Writing the TV Series,1,,,"Students will create a pilot script and ""show bible"" for an original TV series. Projects like this are now a standard piece of application material for jobs in the TV industry. The class will focus on narrative structure and development, creative potential, and market analysis, with the goal of creating a professional-level project. A previous course in screenwriting is recommended but not required.",
FLM,325,French New Wave Cinema,1,,,"This course explores the very rich period in French Cinema during the 1950s and 1960s that is known as the French New Wave (La Nouvelle Vague ). Spearheaded by a group of young directors who also wrote their own screenplays (Truffaut, Godard, Malle, Chabrol, Resnais, among others), this movement gave rise to ""Le cinema d'auteur "" as an innovative and influential way to produce films. To understand this very important film movement, we will study the uses of script, image, and sound in the films themselves with special emphasis on storyline, subplot, and character. We will also pay considerable attention to the cultural and economic contexts in which the films were produced and the biographies of the directors themselves.",
FLM,334,Bollywood: Indian Popular Cinema,1,,,"India's Bombay/Mumbai-based cinema is one of the world's few challenges to the influence of American film. This course examines the world's largest film industry with the aim of understanding the place of popular cinema outside of the Hollywood model. We will consider the role of popular film in the development of Indian nationhood, its influence on notions of gender and caste, and its function as a binding influence on the Indian Diaspora.",
FLM,336,African American Cinema,1,,,"This course surveys African American filmmaking from the silent era to the present, along with a few films that represent the broader African Diaspora. In addition, readings put all the films in the context of theoretical discussions concerning what constitutes ""Black,"" ""African,"" or ""Third Cinema,"" politically and aesthetically. As the course proceeds chronologically, it briefly demonstrates images of African Americans in mainstream Hollywood films but focuses primarily on how filmmakers of African descent have sought to respond to mainstream representations and create their own narratives and styles.",
FLM,348,Cinema's Altered States,1,,,"From the avant-garde to Hollywood blockbusters like The Matrix and Inception , the cinema provides a fertile ground for playing at the edge of narrative and for testing credibility by constructing alternate logic. When films provide the rules of their own reality, spectators and their surrogate characters grope for a foothold of understanding and sanity. This course explores the phenomenon of film experience within the experience of film's poetic manipulation of ""reality"".",
FLM,349,Film and Arts Reviewing,1,,,"This writing-intensive course focuses on the art of reviewing films for both popular and scholarly outlets. Students will write reviews of classic and contemporary films in a variety of lengths and formats, for different intended audiences. The course will also include extensive practice in editing and re-writing and include weekend trips to local cinemas to review films on short deadlines. Students will create an online archive of all finished work and learn about ways to develop and market their own critical voice.",
FLM,356,Cinematography,1,,"COM 251 Introduction to Moviemaking, COM 351, 352 Intermediate Moviemaking, or COM 467 Advanced Moviemaking","A hands-on advanced production workshop that aims at deconstructing the technical, perceptual, and theoretical elements behind the use of the motion picture camera as a tool to communicate ideas. The class will cover aspects of cinematography such as lighting, color theory, shot progression, continuity, pre-visualization, scene analysis, lens choice, camera movement, framing, and on-set protocol, as well as some basic color grading and correction. This class is built as a creative and collaborative laboratory in order to conceive and shoot exercises in preparation for the shooting of a short film at the end of the semester.",
FLM,360,Major Filmmakers,1,,,"This course focuses on one or two major filmmakers and considers repeated and/or developing themes in his or her body of work. While the filmmakers under consideration vary, the course deals with similar questions each time: the validity of the auteur theory as a way of understanding film, the relationships between filmmakers and their art, and the nature of our ideas about art and artistic production.",
FLM,970,Film Studies Independent Study/Research,,,,Each independent study/research course is to be designed in consultation with a faculty sponsor.,
FRC,101,Elementary French I,1,,,"An introduction to basic grammar and vocabulary as well as communication skills in French within its cultural contexts. Students will use a variety of authentic texts and media resources to acquire and enhance linguistic skills. The first semester is designed for students with no knowledge of or with a weak background in French, the second for students with limited but residual previous exposure to French. Assignment by placement test.",
FRC,102,Elementary French II,1,,,"An introduction to basic grammar and vocabulary as well as communication skills in French within its cultural contexts. Students will use a variety of authentic texts and media resources to acquire and enhance linguistic skills. The first semester is designed for students with no knowledge of or with a weak background in French, the second for students with limited but residual previous exposure to French. Assignment by placement test.",
FRC,203,Intermediate French I,1,,,"An accelerated review of basic French grammar through speaking, reading, writing, and other linguistically appropriate activities. The introduction of more advanced grammatical structures and a variety of authentic texts and multimedia resources will enhance the students' linguistic skills and sociocultural awareness of the French speaking world. The development of functional skills and communicative ability is emphasized. Students also acquire the linguistic tools needed to continue learning French as it pertains to their fields of interest. Assignment by placement test.",
FRC,204,Intermediate French II,1,,,"An accelerated review of basic French grammar through speaking, reading, writing, and other linguistically appropriate activities. The introduction of more advanced grammatical structures and a variety of authentic texts and multimedia resources will enhance the students' linguistic skills and sociocultural awareness of the French speaking world. The development of functional skills and communicative ability is emphasized. Students also acquire the linguistic tools needed to continue learning French as it pertains to their fields of interest. Assignment by placement test.",
FRC,305,Topics in French and Francophone Studies: North and Sub-Saharan Africa,1,FRC 204 Intermediate French II or by placement test,,"This course offers students an in-depth review of French language while introducing them to the histories and cultures of the French-speaking North and Sub-Saharan Africa. In particular, this course allows students to refine their knowledge of the French language while gaining insight into the social structures, politics, literatures, arts, and economies of the francophone West and Central Africa and the Maghreb (Algeria, Morocco, Tunisia). Taught in French.",
FRC,306,Topics in French and Francophone Studies: The Black Diaspora,1,FRC 204 Intermediate French II or by placement test,,"This course offers students an in-depth review of French language while introducing them to the histories and cultures of the French-speaking Black diaspora. In particular, this course allows students to refine their knowledge of the French language while gaining insight into the social structures, politics, literatures, arts, and economies of the French Caribbean, Haiti, francophone Europe, and North America. Offered in Fall. Taught in French.",
FRC,307,Topics in French and Francophone Studies: Understanding France,1,FRC 204 Intermediate French II or by placement test,,"This course offers students an in-depth review of French language while introducing them to French history and culture. In particular, this course allows students to deepen their knowledge of the French language while gaining insight into France's social structures, politics, literature, arts, and economy. Offered in Fall. Taught in French.",
FRC,308,Topics in French and Francophone Studies: Francophone North America,1,FRC 204 Intermediate French II,,"This course offers students an in-depth review of French language while introducing them to the histories and cultures of different French-speaking communities in North America: Quebec and French Canada, Acadia, New England, and Louisiana. In particular, this course allows students to refine their knowledge of the French language while gaining insight into the social structures, politics, literatures, arts, and economies of specific French-speaking communities on the North American continent. Offered in Fall. Taught in French.",
FRC,310,French for the Professions,1,FRC 204 Intermediate French II or by placement test,,"Using applications from the real world, this course introduces students to professional uses of French in France and the francophone world. Contacts with local professionals, both inside and outside of the classroom, allow students to explore the numerous possibilities of using their French linguistic and cultural knowledge beyond the academic arena (such as working for companies with international offices, working with global agencies, providing translation services, working in international law, and so forth). This course focuses on acquiring the proper writing, analytical, and oral presentational skills necessary to succeed in a career using French. Taught in French.",
FRN,333,France & Asia,1,,,"In this course, we will focus on cultural encounters between France and Asia. In particular, we will study French and Francophone authors, directors, musicians, manga artists, etc., who have explored in their work the complex relationship between France and Asian countries such as India, China, Japan, and Vietnam from a cultural and political perspective. We will address questions of colonialism, identity formation, gender, and language and will try to situate Franco-Asian cultural exchanges within the larger context of the colonial, postcolonial, and transnational conditions. Taught in English .",
FRN,335,The Francophone Arab World,1,,,"In this course, we will study the cultures, histories, religions, and arts of the francophone Arab world. We will study the history of both the Maghreb (Algeria, Morocco, Tunisia) and the francophone Mashreq (Lebanon) before, during, and after colonization. Our focus will be on cultural production in the French language and the questions it raises about the multilingual and multicultural realities of the francophone Arab world today. We will build our discussions around the following themes: negotiating plural identities (linguistic, religious, political, and other); situating one's self within the economic and political complexities of a globalized world; redefining the francophone Arab countries' relationship with France; war and terrorism; and the Arab Spring. Course taught in French.",
FRN,341,French & Francophone Cinema,1,FRC 204 Intermediate French II or by placement test,,"In this course, we will explore cinema as an artistic expression of international culture. As we trace the history of French film, arriving at current French and Francophone cinema, we will analyze the historical and cultural context of these films while examining the formal and stylistic elements of this visual art - in other words, we will be exploring content and form. We will view films (subtitled in English) from France, Africa, North America, and Western Europe, presenting new voices and perspectives of the Francophone world through film. All film viewings will take place outside of class. No previous training in Film studies is required. Taught in French.",
FRN,343,"Family, Sexuality, & Gender in the Francophone World",1,FRC 204 Intermediate French II or by placement test,,"This course will trace the evolution of family formations in France, Québec, francophone Africa, and the French Caribbean from the 1950s to the present day through the study of French-language films. In particular, we will be looking at the definition of what a family is as intricately linked to the larger socio-historical context within which distinct gender and sexual identities are articulated and performed. We will be reading a number of authentic cultural documents (newspaper articles, excerpts from memoirs, interviews, poetry, narrative, essays, etc.) that will help us better contextualize our understanding of the films viewed. Taught in French.",
FRN,490,CUE: French Research Project,0.5,,,"In their senior year, students majoring in French must complete a CUE (culminating experience) project in a 400-level class in the major. The CUE experience will include a research paper and a formal presentation. The research project should bridge the content from at least two upper-level courses in French. Students prepare a project proposal to be approved by a CUE faculty advisor and receive 0.5 credits for successful completion of their research projects.",
FRN,970,French Independent Study/Research,,,,Each independent study/research course is to be designed in consultation with a faculty sponsor.,
GBS,201,Global Storytelling: An Introduction,1,,,"Global Storytelling: An Introduction is an overview of the field of comparative literature. It introduces students to the history of comparative literature as an academic discipline, the prevalent methodological approaches in the field, and the dominant theories of cultural analysis that comparatists use to interrogate the cultural ecosystems human societies create around the globe. The course then invites students to imagine the future of this ever-evolving discipline: Why and how is comparative literature relevant in the age of globalization? How can the discipline help us negotiate the increasing global social, economic, and political inequalities that are further intensified by our current climate crisis? To what extent can the study of comparative literature provide insights into the resiliency and creativity that we will need as we enter ever-changing natural and artificial environments through our advancements in science and technology?",
GBS,"210, 211",Books Without Borders: Arab Women Writers,1,,,"In this course, we will study contemporary texts by Arab women writing in the Middle East, North Africa, Europe and North America. In particular, we will examine how these women construct their often multicultural and multilingual identities in specific socio-historical contexts while negotiating questions of gender, war, patriarchy, immigration, exile, culture, religion and language. For a more thorough understanding of the characters, themes, and issues presented in these works, additional short readings in postcolonial theory, criticism, history, religious studies, current events, and comparative cultural studies will be necessary. All texts taught in English.",
GBS,212,Books Without Borders: Reading the Body: Medical Literature & the Female Body,,,,"Doctors (who have, historically, been mostly men) and healers (who have, also historically, often been women) have played a special –but by no means all-knowing—role in explaining how the body functions. Medical texts offer not only snapshots of scientific understandings specific to a time and place, but also a glimpse at the creative processes that inform the healers. 
 
 Literary texts can also reveal the science and technology of their contexts, from a range of times and places. More important, literature introduces an element of ambiguity that complements the apparent certainty of scientific evidence and invites a reader to engage with the multifaceted and often messy reality of the human –and in particular, the female-- condition. 
 
 This course will present texts from a variety of historical, cultural, and linguistic sources, in English translation, and will explore evolving notions of the body, distinctive gender- and culture-based impressions of illness and pain, and the representation of specific conditions and diseases. The practice of medicine –which may or may not be among the goals of students in the class—will provide a framework for the texts we read and the projects we do. All texts taught in English.",
GBS,213,Books Without Borders: Travel Literature,1,,,"In this course we will explore travel literature from ancient times to the present day, between oceans, continents, and borders. We will study to what extent the historical context determines the characteristics of the itinerary, paying special attention to the purpose of travel and the traveler's objectives, as these determine the way we perceive the ""unknown,"" and the strategies chosen to represent it. We will also explore the influence travel literature has had on the spread of wars, the evolution of imperialism, the development of international trade, the emergence of national identities, the necessity for human rights, the cultivation of an environmental consciousness, and globalization. Throughout the course we will inquire why travel writing has fascinated humankind since the beginning of literature itself, and we will understand why there is an explosion of books, articles, guides, documentaries and blogs surrounding travel in a world we thought we already knew. This course also counts toward the English major, and satisfies Departmental ""Social Justice"" and ""Prose"" requirements.",
GBS,214,Books Without Borders: The Image of the Jew in Drama,1,,,"""I am a Jew. Hath not a Jew eyes? Hath not a Jew hands, organs, dimensions, senses, affections, passions?... If you prick us, do we not bleed? If you tickle us, do we not laugh? If you poison us, do we not die?"" This monologue by Shylock, in Shakespeare's The Merchant of Venice , will accompany us in the course as we set out to explore the figure of the Jew in 20th century theatre. Students will examine plays written by Jewish and non-Jewish playwrights and in multiple languages, including works written in English or provided in English translation. We will consider Jewish faith, community life, antisemitism, American-Jewish culture, the Holocaust, and Zionism. Readings will include The Merchant of Venice as the starting point, as well as S. Ansky's The Dybbuk , Sholom Aleichem's Fiddler on the Roof , Jennifer Maisel's The Last Seder , Juan Mayorga's Way to Heaven , Yehoshua Sobol's Ghetto , Edna Mazya's The Rebels , and Ghassan Kanafani's Returning to Haifa . The extent to which these works support or contradict our notions of being Jewish in various cultural and historical contexts will be our main topic of discussion throughout the term. Taught in English.",
GBS,215,Books Without Borders: Women Rewriting History and Myth,1,,,"Many of the most well-known heroines in theater—Medea, Antigone, and Iphigenia—were canonized through the works of male playwrights. But what happens when women writers reclaim these figures or challenge historical narratives from their own perspectives? This course explores how Latin American and Latinx playwrights adapt classical myths and historical events to critique gender, race, and colonialism. By analyzing plays and other cultural productions, we will examine how these works use mythology and history to question dominant narratives, reclaim marginalized voices, and reimagine the past through a feminist and decolonial lens. The course will consider how adaptation and historical revision function as acts of resistance, allowing playwrights, directors, and performers to challenge traditional modes of storytelling. We will explore their aesthetic and political choices, paying special attention to the role of media in performance as a critical tool for self-representation. The course will also engage with scholarship on adaptation, gender, and performance, and include opportunities for creative projects.",
GEO,"101, 102",World Geography,1,,,"This course offers an introduction to human geography and strives to broaden understanding of our world through consideration of some of the processes that shape it. These processes include, but are not limited to, colonialism, industrialization and globalization. In order to do this, the course questions thoughts and experiences with and of geographic understandings. The course intentionally integrates investigation of educational systems and geographic curriculum into geographic inquiry. In addition, the course touches on the basics of physical and cultural geography; including climate, vegetation, landforms, language, economy, and religions from various regions of the earth.",
GRC,101,Elementary German I,1,,,"An introduction to basic grammar and vocabulary as well as communication skills in German within its cultural contexts. Students will use a variety of authentic text and media resources to acquire and enhance linguistic skills. The first semester is designed for students with no knowledge of or with a weak background in German, the second for students with limited but residual previous exposure to German. Assignment by placement test.",
GRC,102,Elementary German II,1,,,"An introduction to basic grammar and vocabulary as well as communication skills in German within its cultural contexts. Students will use a variety of authentic text and media resources to acquire and enhance linguistic skills. The first semester is designed for students with no knowledge of or with a weak background in German, the second for students with limited but residual previous exposure to German. Assignment by placement test.",
GRC,203,Intermediate German I,1,,,"An accelerated review of basic German grammar through speaking, reading, writing, and other linguistically appropriate activities. The introduction of more advanced grammatical structures and a variety of authentic text and multimedia resources will enhance the students' linguistic skills and sociocultural awareness of the German speaking world. The development of functional skills and communicative ability is emphasized. Students also acquire the linguistic tools needed to continue learning German as it pertains to their fields of interest. Assignment by placement test.",
GRC,204,Intermediate German II,1,,,"An accelerated review of basic German grammar through speaking, reading, writing, and other linguistically appropriate activities. The introduction of more advanced grammatical structures and a variety of authentic text and multimedia resources will enhance the students' linguistic skills and sociocultural awareness of the German speaking world. The development of functional skills and communicative ability is emphasized. Students also acquire the linguistic tools needed to continue learning German as it pertains to their fields of interest. Assignment by placement test.",
HBC,101,Elementary Hebrew I,1,,,An introduction to basic grammar and vocabulary as well as communication skills in Hebrew within its cultural contexts. Students will use a variety of authentic text and media resources to acquire and enhance linguistic skills. The first semester is designed for students with no knowledge of or with a weak background in Hebrew; the second is for students with limited but residual previous exposure to Hebrew. Assignment by placement test.,
HBC,102,Elementary Hebrew II,1,,,An introduction to basic grammar and vocabulary as well as communication skills in Hebrew within its cultural contexts. Students will use a variety of authentic text and media resources to acquire and enhance linguistic skills. The first semester is designed for students with no knowledge of or with a weak background in Hebrew; the second is for students with limited but residual previous exposure to Hebrew. Assignment by placement test.,
HBC,203,Intermediate Hebrew I,1,,,"An accelerated review of basic Hebrew grammar through speaking, reading, writing, and other linguistically appropriate activities. The introduction of more advanced grammatical structures and a variety of authentic text and multimedia resources will enhance the students' linguistic skills and sociocultural awareness of the Hebrew speaking world. The development of functional skills and communicative ability is emphasized. Students also acquire the linguistic tools needed to continue learning Hebrew as it pertains to their fields of interest. Assignment by placement test.",
HBC,204,Intermediate Hebrew II,1,,,"An accelerated review of basic Hebrew grammar through speaking, reading, writing, and other linguistically appropriate activities. The introduction of more advanced grammatical structures and a variety of authentic text and multimedia resources will enhance the students' linguistic skills and sociocultural awareness of the Hebrew speaking world. The development of functional skills and communicative ability is emphasized. Students also acquire the linguistic tools needed to continue learning Hebrew as it pertains to their fields of interest. Assignment by placement test.",
HBW,970,Hebrew Independent Study/Research,,,,Each independent study/research course is to be designed in consultation with a faculty sponsor.,
HST,100-149,Introduction to History,1,,,"Using a topical approach, this course will introduce the student to the study of history. The course will develop critical, analytical, and writing skills using historical data and methods. Each course will consider historical developments in time, introduce the student to different modes of historical study, familiarize the student with appropriate primary and secondary sources, and encourage an appreciation of the diversity of the historical past. Topics will be announced and described in the course information each semester.",
HST,104,Reformers & Radicals in U.S. History,1,,,"This course will examine Americans who, individually and in groups, offered radical alternatives to accepted patterns of social and political thought and behavior from early America to the twentieth century. Key questions will include: What have been the achievements and limitations of different approaches to effecting change in American culture and society? How have reformers and radicals been portrayed in works of art from fiction to film? Why has American culture valorized some radicals and vilified others? What can the ideas and actions of activists tell us about the broader contours of American history? About race, gender, and class in America? About social change? About justice?",
HST,105,Modern European History,1,,,"This course offers a one-semester introduction to the History of Europe and the development of European Civilization from the late Middle Ages to the present. It will focus on issues and problems in European history and try to explore major trends in the development of European thought and society and the growth of the modern state. After a two-week introductory section examining some ideas of 'history' as a discipline of study, the course will spend roughly two weeks on each century from the fifteenth to the twentieth. In the process, we will focus on the Hundred Years War, the Bubonic Plagues and Great Schism of the late Middle Ages, and the concurrent rise of 'national monarchies'; the Renaissance and Humanism; Luther, Calvin, and the Protestant Reformation; the growth of the modern state and the Scientific Revolution of the seventeenth century; the Enlightenment and political and social revolutions of the eighteenth century; the industrialization of Europe and development of nationalistic and revolutionary ideologies in the nineteenth century; and the world wars of the twentieth century.",
HST,107,China's Magical Creatures (and Where to Find Them),1,,,"A cultural history of the strange in pre-modern China. How did the Chinese people explain the existence of ghosts, demons, immortals, fox spirits, unicorns and many other strange creatures? What do the encounters between humans and these creatures tell us about the pre-modern Chinese worldview, and how much of that tradition is still alive in China now?",
HST,109,Gender & Jim Crow,1,,,"This course explores the advent of Jim Crow in the American South when southern politicians took away the right to vote from African American men and imposed the stringent racial and social code of segregation in southern society. In our study of the period, we will ask: ""Why did Jim Crow emerge?"" and ""How did southern men and women exercise power of participation in southern society in that framework?"" We take a particularly close look at how rhetorical strategies and ideas about womanhood and manhood shaped the transition. Frequent writing assignments inclusive of analytical essays and analyses of primary sources will help you to develop your own perspectives on the development of Jim Crow as well as evaluations of the utility of gender as a category of analysis for interpreting political transformations.",
HST,111,Holocaust in Cinema,1,,,"Film is one of the primary means by which people across the world come to think about the Holocaust. And the cinematic representation of the Holocaust is deeply inscribed by historians' and popular conceptions of the Holocaust contemporary to each film. Our study of Holocaust film, therefore, is necessarily a study of the history of the Holocaust, the history of its changing representation, and the great debates on its origins, development, and impacts. Students will devote most of the semester to examination of films on the Shoah from six countries. The films of the United States, Great Britain, Italy, France, Germany, and Poland will allow us to compare and contrast different nation's memories of these events and to explore the surprising controversies that surround popular representation of the Holocaust.",
HST,113,The Birds & The Bees,1,,,"This course offers an introduction to the history of reproduction in the United States from the colonial period to the present. Topics include histories of birth control, fertility, sex education, pregnancy, maternal and fetal health, gynecology, and childbirth. We will explore tensions between individuals, community groups, the medical profession, and government agencies regarding sexual and reproductive health in the United States. We will also examine how medical and public health knowledge and practice have changed over time. An important part of this course will be to question how religious, socio-economic, and racial status influenced the reproductive lives of men and women throughout American history.",
HST,117,Mediterranean Encounters,1,,,"The Mediterranean Sea has long been the arena for interactions between the peoples and cultures of Europe, Africa, and the Middle East. This course will explore the changing diplomatic, military, economic, and cultural relationships in the Mediterranean during the Early Modern period. Particular focus will be on the encounters between the Ottoman Empire and its European counterparts. Readings will emphasize the experiences of both European and Ottoman travelers, merchants, captives, soldiers, and diplomats.",
HST,119,Frontiers in History,1,,,"This course uses the frontier as an excellent perspective from which to study history -- an approach that is particularly useful when placed in a comparative context. The course will first examine the theoretical and historiographic study of frontiers, including Frederick Jackson Turner's 'Frontier Thesis' of American history and its critics, attempts to apply Turner's ideas to other parts of the world, Owen Lattimore's work on Inner Asia, and recent anthropological studies of frontiers and colonial expansion. This will be followed by an analysis of specific problems and cases from a variety of cultures and historic periods, including frontiers in ancient Rome; frontier conflicts in medieval Spain and England; the interactions between the Ottoman and Habsburg Empires in the early modern period; European expansion in North America and Southern Africa; ethnicity and identity among frontier populations; and depictions of frontiers in literature and film.",
HST,121,Global Migration and the Making of Modern Asia,1,,,"How did the movement of people, goods, and ideas shape modern Asia? This course explores the transformative power of migration in East, Southeast, and South Asia from the early 19th century to the present. From laborers in colonial plantations, itinerant merchants in the South China Sea, to Southeast Asian diasporas who reshaped the global economy, we'll study how migration built empires, remade societies, and forged connections across borders. Through engaging case studies, historical documents, films, novels, and multimedia resources, students will be introduced to a rich history of mobility, spanning wide-ranging themes such as imperialism, war, displacement, urbanization, commercial interactions and the evolution of various transnational networks that continue to define Asia today.",
HST,124,Gender and Women in Chinese History,1,,,"This course explores the power dynamics of gender relations in Chinese history from late imperial time to contemporary society. Central themes include the shifting notions of gender and sexuality across various Chinese cultural, political, and religious contexts; the evolution of inequalities in the patriarchal family structure and broader society; the intersection of labor and reproductive politics as linked to emerging discourses on women and gender in revolutionary times; contemporary challenges in a reform and globalizing China since the 1980s.",
HST,126,Coming to America,1,,,"It is a cliché, but also true, that the U.S. is a nation of immigrants. In this course, we will use the words of immigrants themselves, alongside the voices of scholars, to consider the ways that immigrants' choices and experiences were shaped by, and in turn shaped, the social, cultural, political, and legal climate of American life from the 17th through the 20th centuries. Central questions for the semester will include: what drew immigrants to America? How did their ideas of the U.S. measure up against the reality of their experiences? How have immigrants been received in American life? What has motivated the major political and legal debates about immigration, and how have those debates changed (or not) over time?",
HST,128,Medicine & Power in African History,1,,,"This course offers an introduction to the history of medicine, healing, and disease in Africa from the precolonial period to the present. We will explore how Africans have innovated, struggled, and adapted in efforts to create healthy communities in the face of changing social, political and environmental contexts. We will also study the role of medicine in European colonization in Africa and the advent of global health campaigns on the continent. Through these topics, we will ask how different groups' claiming of the power to heal has shaped African societies over time. A major theme of this course will be the dynamic interactions of various forms of healing, both ""traditional"" medicine and ""biomedicine,"" in African history. A second major theme will be connections between medicine and political authority in African societies over time.",
HST,131,World War Two and Memory,1,,,"The course examines the memory and commemoration of the two world wars, with an emphasis on European memories. Students will study the political, social, and cultural construction of both personal and national memories during and after the wars. We will read about and discuss the fierce debates regarding major political decisions, personal initiatives, the experience of war, and issues of personal and national guilt and responsibility for war crimes.",
HST,135,Latin American History Through Women's Eyes,1,,,"This course will examine women's ways of telling history through a comparative study of memoirs and fiction and political and economic histories of Latin America written by and about women. This approach will take into account religious, racial, class, and ethnic differences and reflect on the hybridization of cultures born out of native, European, and African cultures. The course will begin with an examination of broader issues of women's history such as alternative subjects, sources, and periodizations.",
HST,136,The Nazi in the Popular Imagination,1,,,"The course examines the Nazi in popular novels and films and assesses these images in light of past and recent historical scholarship. Students will analyze how war, foreign policy, domestic conflicts, the Holocaust, national guile, national pride, and popular culture shaped different countries' representations of the Nazi.",
HST,137,People and their Stuff in Chinese History,1,,,"From fine paintings and calligraphy in imperial collections to everyday household items like chopsticks and tea cups, and from the Great Wall to the small needle of the magnetic compass, objects and the way people interacted with them tell us much about China's past. This course explores the historical context of some of the most iconic objects of Chinese history, and traces the link between China's traditional material culture and the present. We also look at how attitudes towards objects and their historical significance have changed through the centuries.",
HST,139,Visual Culture in Latin America,1,,,"This course explores how Latin American personal and national identities are formed and expressed through visual mediums, such as film, caricatures, sketches, paintings, photography, and the written word from the point of European contact to the present. Through selected images and text, we will explore how images are transmitted, consider how people in Latin America project and receive images of themselves, and trace change over time. Materials for the course include primary and secondary materials from and about Latin America and the Caribbean. Identifying what images and texts reveal (and obscure), this course considers the creation of nations through race, ethnicity, gender, and politics.",
HST,146,Sexuality in U.S. History,1,,,"This course is based on the central idea that sexuality is a social category that is historically specific and changes over time and place. To this end, this course examines sexuality in history from the period of early colonization to contemporary America. Broadly, the course includes four main objectives: to read primary and secondary sources that reflect a variety of ways in which sexuality has been discussed in education, religion, law, government, medicine, science and popular culture; to consider popular attitudes and responses to these discussions and their relationship to other social relations and forms of social difference such as race, gender, and class; to obtain a basic understanding of the processes of historical change that create different conceptions of sexuality; to gain greater insight into the relationship between past and present meanings of sexuality.",
HST,147,Popular Culture in Latin America,1,,,"Examining the culture ""of the people"" of Modern Latin America and the Caribbean, this course explores a wide spectrum of popular practices located outside the realm of ""high culture,"" including dance, music, folk culture, performance art, and telenovelas . By underscoring broad and diverse cultural production, this course demonstrates how popular culture facilitated mobilization of the people and shaped national identities. It also explores the interplay among race, gender, politics and culture, and focuses on Latine popular culture in the United States.",
HST,149,Remembering the American Revolution,1,,,"This course will examine the history of the American Revolution and its lasting resonances in American culture and politics. We will begin by briefly examining the Revolution itself and the ways that it changed - and failed to change - American politics, culture, and society. Then, we will look at some ways that the story of the Revolution was remembered, retold, fictionalized, and even spoofed during the first century after its conclusion. Using sources ranging from newspapers to novels, we will look at the war as moral lesson, as myth, as farce, and as powerful touchstone for a number of social and political movements from anti-slavery and women's rights to labor activism and partisan politics.",
HST,151,African Independence & Liberation,1,,,"This course will examine the long struggle for African liberation from the impact of colonial rule, an intellectual and political movement spanning the twentieth century into the present day. In the early 1960s, the map of Africa transformed. After decades of European colonial rule, newly independent African nations raised national flags, elected independent governments, and launched a new era. Despite the gaining of political independence across much of Africa, however, many questions remained for Africans about how to confront the ongoing impact of colonialism on their societies. Even after independence, European countries continued to exert significant political and economic power in African countries, and African communities continued to live with the racialized global inequities that colonialism produced. In recent decades, Africans have been asserting the ongoing need for ""decolonization"" or liberation in areas spanning African literature, international political economy, museums, global public health, and the university. This course will explore how African intellectuals, artists, political figures, and everyday people shaped the formation of independent African nations-states, debated the meaning of independence from colonial rule, and continued to struggle for liberation in all facets of society. Examining this topic through a variety of angles including politics, economics, gender, and language, this course will provide students with an interdisciplinary introduction to major themes in modern African history.",
HST,204,Africa Before 1800,1,,,"This course will introduce students to the immensely diverse African societies across the continent from the earliest human origins up to 1800. Major themes of the course will include the politics of centralized and decentralized societies, gender and production, artistic expression, and religion. Through topics such as the development of Indian Ocean networks and the rise of the Atlantic slave system, students will build knowledge about Africa's history in a global context. This course will also focus on the intellectual and political stakes of studying African history before European colonization, foregrounding the work of African intellectuals and societies to sustain and rejuvenate understandings of the deep African past.
 Meets Department pre-Modern Requirement.",
HST,"205, 206",Orthodox Christianity: A Root of Russia,1,,,"This course is a study of the history, doctrine, theology, and life of the Russian Orthodox Church and other Eastern Orthodox communities. Attention will be given to the interaction of religion and culture in these societies, the Orthodox Church, and other Eastern Orthodox communities.",
HST,208,The Inquisition,1,,,"This course explores the origins of the Inquisition, its place in the Spanish Reconquista, and its role in Colonial Spanish and Portuguese America. The institutional dynamics influenced religious, economic, political, and socio-cultural organization - particularly in the New World - and we will trace the diverse investigations of Jews, Africans, Spanish, Portuguese, mestizos, and women. The course relies heavily on inquisitorial records and unearths the prosecution of indigenous idolatry, the persecution of Jews, and the roles of race and gender in tribunal sentencing.",
HST,"209, 210",Modern Africa,1,,,"This course is a survey of processes of historical change in sub-Saharan Africa from the nineteenth century to the present. We will explore the final decades of the Atlantic slave trade, the rise of colonial rule, the fraught process of decolonization, neo-colonialism and the Cold War, and historicize contemporary issues in Africa. Students will analyze how Africans participate in discussions about race, gender, sexuality, politics, and change on local, regional, and global levels. By examining key historical texts in the field, music, art, and literature, this course will introduce students to the diversity of experiences that define the rich and complex history of Africa.",
HST,211,"Sex, Beauty, and the Body in Brazil and the Caribbean",1,,,"This course examines Brazilian and Caribbean conceptualizations of sex, beauty and the body during the twentieth and twenty-first centuries. Beginning with the theoretical underpinnings of colonialism and the legacies of slavery, we will then examine how contemporary democracies and globalization have formed Afro-Brazilian and Afro-Caribbean identities, particularly among women. Major themes include sex work and sex tourism, plastic surgery and constructions of beauty, and the ways in which recent returns to democracy have shaped these actions and decisions.",
HST,"213, 214",Seventeenth Century Europe,1,,,"A detailed treatment of political, social, cultural, and intellectual developments in Europe from 1598 to 1715. The principal focus will be on Western Europe. Themes shall include the evolution of the dynastic monarchies, the ""cultural crisis"" and the Scientific Revolution, and the emergence of a European state system in the Age of Louis XIV.",
HST,"217, 218",Revolution & the Birth of Modern Europe (c. 1787-1900),1,,,"A comparative overview of an era of violently dramatic change, one marked by an unprecedented incidence of revolution and reaction across the European continent. Monarchs were overthrown and restored, then overthrown again. Republics were founded and unmade. Liberalism and Socialism posed new challenges to the Old Order, but Conservatives found new means to preserve their political and social dominion. Millions lost their lives in these struggles. A new mass society was forming, seemingly founded on the twin pillars of growing economic prosperity for most and new respect for the rule of law, founded on political pluralism. Yet at the height of its apparent progress, Europe stood on the brink of its self-destruction.",
HST,220,Arab-Israeli Conflict,1,,,"The struggles in Palestine and Israel are difficult, divisive, and long-lived. This course will examine the origins and development of these conflicts. We will discuss a range of topics, including the emergence of Zionism, pan-Arabism, and Palestinian nationalisms, the war between Israel and the surrounding Arab states, the rise of paramilitary nationalist groups, the role of the world community and particularly the United States, and continuing efforts to find a peaceful settlement to the region's problems. Particular emphasis will be placed on the diversity of perspectives regarding the region, its history, and potential solutions.",
HST,221,Colonial America,1,,,"An examination of the peoples, places, and regions of early America from 1492 to 1763. Specifically, this course focuses on the interactions of Indigenous, European, and African peoples over the first three centuries of their collisions on the North American continent. We will begin with the conflicts, goals, and experiences of competing European (Spanish, British, French, Dutch) and Native empires and then consider the development of culture and society in the mainland North American English colonies through the 17th and 18th centuries, including the rise of the slave system; changes in family life, religion, and economics; and political developments.",
HST,223,Revolutionary America,1,,,"An examination of society, culture, and politics in British North America and the new United States in the era of the American Revolution, 1763-1800. We will consider the origins and outcomes of the military conflict that defined the era, the broader social and cultural contexts in which it occurred, and the political settlements that followed in the Confederation and Constitution eras. Key questions for the semester will include: how revolutionary was the Revolution, and for whom? And what did liberty mean for people of differing identities and experiences—male and female; white, Black, and Indigenous; wealthy and poor; rebel and loyalist? Meets Department pre-modern requirement.",
HST,225,Eliza Hamilton's America,1,,,"Fans of Hamilton: An American Musical know that Eliza Schuyler Hamilton lived another fifty years after her husband Alexander Hamilton's death in a duel with Aaron Burr. This course examines American history from 1800 to 1850, the five decades roughly corresponding to Eliza's widowhood, and a period that included the extension of slavery into the west, Indian removal, the development of new ideas about marriage and families, early industrialization, religious revival, and contentious political contests. Most importantly, they were decades in which race-based enslavement shaped every facet of politics, economics, society, and culture. We will consider the connections between slavery and changes in religion, work, youth, leisure, and family roles, as well as abolition and other reform movements, as America grew larger, more urban, and more divided over these decades. While we will pay attention to politics and economics, our focus will be on the lived experiences of ordinary people of all races, genders, and classes.",
HST,231,The American West,1,,,"This course explores the history of the American West, focusing on the period since 1850. We start in an era of consolidation and incorporation, when the U.S. surveyed a West that had only recently become American in name, and worked to make it a West that was American in fact. This process had political, economic, military, social, and cultural dimensions, and it was one that westerners resisted as often as they welcomed it. By the end of the nineteenth century, the West had emerged as an identifiable region of the U.S., with regional economic features, unique ties to the federal government, distinctive patterns of race relations, and a unique place in U.S. cultural memory. Throughout, we will attend to the aspirations of a variety of western peoples: people of all genders; workers and captains of industry; sexual majorities and sexual minorities; people of North American, Latin American, European, African, and Asian origin or descent. We look at how the varied aspirations of such peoples both clashed and coalesced, sometimes producing dissension and violence, and other times producing new social movements. Using films, monographs, memoirs, letters, academic articles and literary fiction, we will explore the struggle for land, resources, identity, and power, all of which have characterized ""The West"" and its role in the history of the United States.",
HST,"235, 237",American Civil War & Reconstruction,1,,,"Writer and poet Robert Penn Warren once declared that the Civil War was ""the greatest single event of our history"". The dramatic political, social, and cultural events surrounding the war, the end of slavery, and the reconfiguration of American society afterward continue to define us to this day. Why does the war remain a touchstone in our political culture? How did the Civil War change American society? What issues remain unresolved? These guiding questions underlie our exploration of the Civil War era. Topics to be covered include the role of slavery in American politics, sectional conflict in the 1850s, women's war efforts, the experience of battle for both soldiers and civilians, Native Americans and the war in the West, and the rise of white supremacy and Jim Crow in the post-war South.",
HST,238,Disability History in the United States,1,,,"This course is a thematic exploration of the history of disability in the United States, and is designed to give students a deeper, more nuanced understanding of the lived experiences of people with disabilities or mental illness. We will consider the experience of disability in the United States across time, space, and theme, from the colonial foundation of asylums, to the diverse experiences of disabled people of color, to the discrimination against disabled immigrants. We will consider the changing needs and treatment of disabled veterans, as well as the federal government's response to the demands of disabled citizens. The course will culminate in the successes and challenges posed during the twentieth century, such as deinstitutionalization, the rise of the disability rights movement in the twentieth century, and the passage of the Americans with Disabilities Act in 1990.",
HST,240,History of Public Health in America,1,,,"This course will explore the history of public health in America from the late seventeenth century to the present. It will examine the history of medical crises that evoked a public health response, including the development of formal institutions of public health and the environmental, industrial, and social aspects of public health in the contexts of the changing medical, political, and social environments of the United States. Topics to be considered include epidemic diseases, environmental problems, industrial medicine, social issues such as smoking, and development of departments of public health on local, state, and national levels.",
HST,"247, 248","Civil War, Holocaust, Crisis: Europe 1900-1945",1,,,"Though the twentieth century began with great promise for a peaceful and prosperous future for more and more Europeans, its first fifty years were instead decades of tragedy and slaughter: an era dominated by two world wars and the Holocaust. The course will examine the political, social, economic, intellectual, and cultural history of Europe from 1900-1945. Students will pay particular attention to the great conflict of ideas (Communism, Fascism, Democracy, Capitalism) that created what many Europeans consider to be a European-wide civil war stretching across the period.",
HST,"249, 250",From Cold War to Unification: Europe 1945-Present,1,,,"After World War II, Europe emerged a divided continent, a series of weak states allied to two rival superpowers. The course examines the political and ideological struggle that divided Europe and the social and economic forces at work beneath the surface that brought Europeans together in the wake of the Second World War. Drawing heavily on the use of European cinema, students will pay particular attention to the development of European culture and the cultural construction of social experience.",
HST,"251, 252",Foundations of the British Peoples to c. 1485,1,,,"This course surveys the prehistory and early history of Great Britain and Ireland. It focuses on the formation of the English and Scottish monarchies and on the interactions of the English, Irish, Scottish, and Welsh peoples from early times until the early modern period. Some emphasis will be placed on the development of government and law in England during this period.",
HST,"253, 254",From England to the United Kingdom: c. 1399-c. 1800,1,,,"This course emphasizes the consolidation of national monarchies in England and Scotland, as contrasted with the politically subordinate position of Ireland, and the often conflicted interactions of their peoples. The effects of the Reformation, seventeenth century constitutional conflicts stemming from the Anglo-Scottish dynastic union of 1603, the growth of an English/British Empire, and the subordination of Scotland (1707) and Ireland (1800) to England are all principal themes, as is the impact of the American and French Revolutions.",
HST,"255, 256","The British Empire/Commonwealth: Rise & Decline, c. 1760-c. 2000",1,,,"This course focuses on Britain's period of imperial hegemony, roughly from the Napoleonic Wars to the aftermath of World War II. In addition to Britain's changing international role and influence, the course treats the reforms of the 1820s and 1830s which created the governing institutions of modern Britain and looks at the slow unraveling of the ""United"" Kingdom in the twentieth century and its ambivalent relationship in recent decades with the European Union.",
HST,259,Korean History,,,,"This course surveys the history of Korea from the earliest times to the present. With a focus on primary sources (in translation) this course explores changes in Korea's long history in society, politics, economy, culture, literature and arts. Topics will include origin myths, the spread of Buddhism, the complex relations with China and Japan through the centuries, as well as the Korean war and the split between North and South Korea, and the globalization of Korean pop culture. Appropriate for students with no prior college level history.",
HST,265,Soviet Russia,1,,,This course covers the Russian Revolution and the development of the Soviet State and its decline and fall.,
HST,267,Introduction to Traditional Japan,1,,,"This course surveys the traditional culture and history of Japan down to the beginning of modernization. Major topics are the court culture, the samurai, and the culture of the townspeople. Appropriate for students with no prior college level history.",
HST,269,Introduction to Traditional China,1,,,"Introduction to Traditional China surveys the culture, society, and political institutions of China before the onset of modernization. Pre-imperial China, traditional Chinese ways of thought, the development of the imperial structure of state, and the introduction of Buddhism will be covered in the course.",
HST,271,Modern China,1,,,"China's last imperial dynasty, the increasing impact of Western influence, China's collapse, and the development of the Communist state will be examined through lectures, readings, and discussion.",
HST,273,Modern Japan,1,,,"The Tokugawa period, the Meiji Restoration, Japan's emergence as a major power in East Asia, World War II, and Japan's postwar transformation will be examined through lectures, readings, and discussion.",
HST,275,Rise of Islam,1,,,"This course will explore the period of Middle Eastern History [600-1800 CE] which witnessed the emergence of Islam as a religion, political system, and cultural tradition. Topics include the life and career of Muhammad, the basic tenets of Islam, the Arab Conquests and rise of a unitary Islamic Empire, the Umayyad and Abbasid caliphates, the development of a high Islamic culture, the Mongol invasions and the states that grew in the aftermath of those invasions, the Mamluks of Egypt and Syria, the Ottoman Empire, and the Safavid.",
HST,276,Modern East Asia,1,,,"This course introduces students of all levels to major historical developments in China, Japan, Korea and Vietnam from 1600 to the present. Topics to be covered include reforms and modernization, encounters with the West, nationalism, communism, imperialism and colonialism, social and political revolutions, democratic movements, and postwar developmental trends. The course will investigate the notion of ""East Asia"" as a geographical, cultural and political construct through a variety of materials including textbooks, historical scholarship, novels, and films.",
HST,277,Modern Middle Eastern History,1,,,"A history of the Middle East in the nineteenth and twentieth centuries. Topics covered include attempts at reform in the Ottoman Empire and Iran, the impact of developing nationalisms and European imperialism, the impact of World War I and World War II, the emergence of new states, and the Arab/Israeli conflict.",
HST,291,Colonial Latin America & the Caribbean,1,,,"Colonial Latin American History begins with the study of Original Empires across the Atlantic, and concludes with the movements of Independence from Portugal, France, and Spain. Course materials introduce students to major themes emerging from Spanish and Portuguese Colonialism in Latin America and the Caribbean, and encourage students to reflect upon the interplay of systems of power with human experience. Topical areas of study include racial and caste systems, sex and gender, religion and spiritual beliefs, slavery and coerced labor, and rebellion and revolution.",
HST,"293, 294",Modern Latin America & the Caribbean,1,,,"This course presents a broad, chronological study of the region known as Latin America and the Caribbean from the nineteenth century to the present day. We will investigate some of the profound transformations and continuities throughout the Americas beginning with Independence, and reflect on some of the challenges that Latin America currently faces. This course analyzes patterns of continuity and change around the region, including social and political transformations, and economic growth and decline. Course materials encourage reflection on the interplay of economics and politics with race, gender, and ethnicity throughout the region. We will focus on the important roles played by individuals and communities in resisting structures and creating change during turbulent times.",
HST,"295, 296",Revolutions in the Middle East,1,,,"""Down with the ruler! Power to the people!"" Throughout the twentieth century these calls echoed across the Middle East as Iran, the Ottoman Empire, and Egypt experienced revolutions that sought to remove repressive governments and led to great political, cultural, and social change. While all these revolutionary movements called for greater democracy and often produced constitutional governments, most ended with autocratic rulers who were possibly worse than the kings they overthrew. This course will investigate the history of revolutions in the Middle East, focusing on Iran's 1905 Constitutional Revolution, the Young Turk Revolution of 1908, Egypt's anti-British revolution of 1919 and Nasser's anti-monarch 1952 revolution there, and the 1979 Iranian Revolution which led to the rise of the Islamic Republic.",
HST,297,Palestine Before Israel,1,,,"Palestine witnessed many transformations in the half century before the 1948 independence declaration of the State of Israel: a constitutional revolution, a World War, transfer from Ottoman to British imperial rule, waves of settlement, and the emergence of two competing nationalist projects. In this course we will examine these many transformations, investigating topics from the policies of empires to the lived experience of Christians, Jews, and Muslims in a land that all viewed as ""holy.""",
HST,304,Africa and World War II,1,,,"Africa and Africans greatly shaped and were shaped by World War II, and yet narratives of the worldwide conflict largely erase Africa. Historians of Africa have recently begun to address this issue anew, showing the importance of understanding the role of the approximately one million sub-Saharan African soldiers in the war as well as the vital role that Africans played in supplying materials and production for the Allied war effort. Africans performed this work as colonial subjects to European powers and their participation also raised vital questions about the ideals of self-determination and the defeat of tyranny for which the Allied effort fought. Moreover, the experience of the war brought great change in African societies, catalyzing new arrangements of economies, gender relations, political aspirations, and anti-colonial activism. This course examines these themes by drawing on new scholarship by historians, as well as primary sources and films. We will explore the question of how a focus on Africa can enhance historical understanding of World War II and, in turn, how a focus on World War II can enhance our historical understanding of Africa.",
HST,305,The Mongol Legacy,1,,,"The Mongol invasions changed the societies of Eastern Europe, the Middle East, and East Asia. The Mongol armies swept away long-established states and introduced new political arrangements and ideologies. This course will investigate the rise and fall of the Mongol world empire with special emphasis on how these developments affected the states and peoples of the Middle East. The conquests of Genghis Khan in the thirteenth century followed a pattern established by earlier Eurasian steppe empires. We will also study the social, cultural, economic, and political aspects of the nomadic invasions. The period of study is bracketed by the rise of the Mongol world empire at one end and the conquests of Tamerlaine at the other.",
HST,309,"Sultans, Harems, & Slaves: The Ottoman Empire",1,,,"This course will examine the history of the Ottoman Empire from its rise in the mid-fourteenth century to its demise in the early twentieth century. We will trace the development of the Ottoman state from a small warrior principality on the frontiers of Byzantium to a multi-ethnic, multi-religious world empire ruling the Middle East, Southeast Europe, and the Mediterranean. We will consider Ottoman state institutions; relations with other states, Muslim and Christian; minority rights and communal conflict; the impact of the rise of the European Great Powers; the development of nationalisms; and the emergence of national successor states in all regions of the former empire.",
HST,311,Women in the Middle East,1,,,"This course surveys the history of women in the Middle East from the advent of Islam in the seventh century to the present. We will investigate the role of women in Islam as a religion and examine the range of women's experience in different periods and places in the Islamic Middle East. Topics may include the role of women in pre-Islamic Arabia, family law in Islam, the status of women in Islamic societies, Muslim women, and the effects of secularism, nationalism, socialism, and fundamentalism in the modern period.",
HST,"313, 314",Europe in the Age of Enlightenment,1,,,"A detailed treatment of political, social, cultural, and intellectual developments in Europe from 1715 to 1795. The principal focus will be on Western Europe. Themes shall include the political and social structure of ancient regime Europe, the diplomacy of the European state system, the Enlightenment, and the transition from despotism to revolution.",
HST,"315, 316",Renaissance,1,,,"The course concentrates on the Italian Renaissance of the fourteenth and fifteenth centuries and the Northern Renaissance of the fifteenth and sixteenth centuries. Particular emphasis is given to the cultural, intellectual, and religious developments of that epoch.",
HST,"317, 318",Reformation,1,,,Both the Protestant and Catholic Reformations are studied from primary sources. The course progresses from an examination of the origins and causes of the Reformation to a consideration of the various types of Reformation which occurred in sixteenth century Europe. It concludes with an examination of the impact of the Reformation upon European states and societies down to 1600.,
HST,319,The French Revolution & Napoleon,1,,,"The French Revolution is perhaps the most important and most studied event in European history. It has been identified as the cause of the modern era's deepest troubles and greatest triumphs, the root of Europe's best and worst ideals. This course examines the figures and events of the revolution, particularly its origins, radicalization, and defeat. It explores the relationships between social and political conflict and foreign and domestic policy. Finally, by studying Romantic Nationalist, Marxist, New Social, Revisionist, and more recent interpretations of the Revolution and Napoleon, students will understand historians' differing interpretations of its most critical turning points and the meaning of historical interpretation.",
HST,323,Constitutional History of the United States,1,,,"This course examines the history of the development of the United States Constitution and of its interpretation since 1789. In particular, we will pay attention to the contradictions built into the document, to changing ideas about how to understand the Constitution and apply its principles, and to the effects of notable Supreme Court decisions on the lives of ordinary people. In the first half of the semester, our focus will be on the framing, ratification, and first conflicts over the document itself, and then on the application of Constitutional principles to the problem of slavery. In the second half, we will concentrate on the relationship between the federal government and its citizens in the wake of Reconstruction and over the course of the twentieth century, with particular emphasis on questions of race and sex.",
HST,"327, 328",Women's America,1,,,"Women, whether as daughters, wives, mothers, workers, scholars, or political activists, have played pivotal roles in American history. This course, an overview of American women's history from colonial times to the present, examines the variety of women's experiences through time by analyzing the myriad roles they played in the family, society, economy, and national politics. Specifically, using gender as its primary lens of analysis, this course seeks to uncover the broader contexts of American women's experience by examining the dynamic interplay of women and men, values and culture, and discussing how structures of power linked especially to gender, but also to class and race, shaped women's lives and mediated their experiences in the private and public worlds of America.",
HST,"330, 331",Books & Their Readers,1,,,"This writing-intensive class will explore the history and meanings of print from Johannes Gutenberg's invention of the movable-type printing press to the advent of e-readers in the twenty-first century. Focusing primarily on the U.S. context, we will ask how, why, and what people have read, and what the meanings and consequences of reading have been for individuals, groups, and society at large. We will talk about the politics of literacy and censorship, the history of libraries, and the aesthetics of print. We will also think about books as objects, and about the history of their production, circulation, and consumption. The course includes hands-on work in Trexler Library Special Collections",
HST,332,History of Alternative Medicine,1,,,"Wellness culture has become a central feature of American politics, consumer culture, and everyday life, shaping how individuals understand health, risk, and responsibility. This course traces the evolution of alternative medicine in the United States from the eighteenth century to the present, examining how cultural, social, economic, and political forces have influenced health practices over time. Topics include health consumerism and the business of medicine, patent medicines and government regulation, diet and exercise movements, and conflicts between mainstream physicians and alternative practitioners. The course also explores the historical roots of modern wellness culture and health-related conspiracy theories, with particular attention to how race, gender, and class have shaped access to and authority within medical markets.",
HST,333,American Military History,1,,,"This course will explore the role that military combat has played in American history. Its primary focus will be on the American Revolution, the Civil War, World War I and II, and Vietnam. Students will discuss the causes of America's wars, the primary military operations involved in each, and the impact each had on American society. Extensive reading and writing, independent thinking, and wide-open class discussions will be the highlights of the course.",
HST,335,Modern Italy,1,,,"In 1848 most people in what is now known as Italy were subjects of differing principalities, divided by different political and cultural traditions, speaking different languages. The political unification of Italy would take more than two decades and its cultural unification would take more than a century. The course examines the forces that unified and divided Italians throughout its development as a modern state, society, and culture. Students will develop an understanding of the diverse array of social groups in Italy, paying special attention to the condition of peasants in the South, industrial workers in the North, and the middle classes of Italy's great cities. Students will become familiar with the Conservative forces of Italy's pre-unification regimes, the tug between these and Liberal forces in the Constitutional Monarchy, the rise of Fascism, the horrors of two World Wars, and the emergence of the Italian Republic. They will come to understand the hopes, disappointments, and accomplishments of Italians from Unification to the end of the twentieth century.",
HST,337,"France from Napoleon to the Great War, 1814-1914",1,,,"In the century between 1814 and 1914, France transformed itself from a land dominated by diverse agrarian traditions to Europe's most modern and unified nation. At the same time, France lost its Napoleonic mastery of Europe, declined as a great power, and sought a new future along two different paths: Imperialism and democracy. Students will examine the fall of old France: the decline of its monarchy, the frustration of its aristocracy, and the end of peasants' rural isolation. The course gives particular attention to the rise of a new industrial France: a nation of deepening class divisions and tensions that exploded in four great revolutions.",
HST,339,"Popular Protests: Parades, Riots, & Mass Movements in U.S. History",1,,,"While American life has always had its critics and reformers, certain movements have gained mass appeal, sweeping large numbers of citizens into action (and into the streets). This course examines such social movements in order to think about both the issues that have stirred Americans and various modes of popular protest from speeches and parades to riots to marching on Washington. We will consider not just what Americans of various eras sought from their government and their fellow citizens, but also the language of protest and what it might tell us about citizenship, public space, community, belonging, and power. We will examine the contexts that have given rise to mass action and continuities across protest movements over time. Specific examples will be drawn from at least three periods of American history and may include abolitionism, women's suffrage, labor movements, the Civil Rights and modern feminist movements, and others.",
HST,341,Environmental History of the United States,1,,,"An environmental history of the United States from the English settlement to the present. An examination of the ideas and attitudes that shaped human impact on and interaction with the land and the environment. The course will also explore the influence of legislation, judicial decisions, and governmental policy upon the environment. In addition, it will examine land-use patterns and their significant changes over the past 400 years. The readings will emphasize relevant primary writings and recent scholarship.",
HST,345,Disease & Medicine in American History,1,,,"This course focuses on the complex interplay of disease and medicine in the context of American culture and society over the last two centuries. It will examine the changing concepts of disease, the increasing success with which medicine has healed the body, and the development of the medical professions from the late eighteenth century to the present. It will also explore the ways in which Americans have employed diseases as social and cultural metaphors.",
HST,352,World War One and Remembrance,1,,,"World War One began for the few who caused it as a gamble to expand vast world empires or to solve a looming crisis within their state. Most of the world entered the war with the expectation that it would be brief and its destruction limited. Instead, Europe unleashed devastation on an unimaginable scale. World War One altered the direction of European and World History. It shattered the myth of Western Civilization by destroying Europeans' own confidence in their society and culture and exposing the weaknesses of the West to the world. The war also begat huge social, ideological, and political shifts that determined much of the course of the 20th century. But how would those who lived through these events remember them? How would subsequent generations remember this war? The course examines both the history of World War One and its remembrance.",
HST,"365, 366",The African American Experience I: to 1896,1,,,"This course examines the history of African Americans from colonial times until 1896, the year the Supreme Court sanctioned the notion of ""separate but equal."" Specifically, it uses the writings of African Americans and other primary sources critical to their history to examine how events (such as the rise of slavery, the push for abolition, the Civil War, the start of Jim Crow) and cultural influences (such as race, class, gender, the law, Christianity, and family life) shaped African American lives and experiences until the end of the nineteenth century.",
HST,"367, 368",The African American Experience II: since 1896,1,,,"This course examines the history of African Americans from 1896, the year the Supreme Court sanctioned the notion of ""separate but equal,"" to the present. Specifically, it uses the writings of African Americans and other primary and secondary sources to examine how events (such as the rural exodus to urban centers after Plessy vs. Ferguson ; the origins, progress, protest, and organizations of the modern civil and human rights movements; and urban renewal programs) and cultural influences (such as race, class, gender, the arts, the law, and the Church) shaped African American lives and experiences in the twentieth century.",
HST,"369, 370",Jewish Latin America & the Caribbean,1,,,"This course studies the movement of Jewish people from Spain and Portugal to Latin America and the Caribbean, traces the adaptation of Jews and their descendants to multiple environments, and reflects upon the diversity of Jewish communities and traditions across the region. Major themes include Diaspora, Ethnicity, Race, Gender, and Memory. Topics include consolidation of Catholic Spain in 1492, expulsion of Jews from Spain and Portugal, and the Inquisition; the effect of Jews on modern Latin American national identities; and the surge of twentieth century anti-Semitism in political and cultural realms.",
HST,373,Environmental History of Latin America,1,,,"Pillaging, disease, deforestation, and poverty: Is Latin America a victim of colonialism, imperialism, and neoliberalism? This course seeks to unearth the numerous approaches to studying globalization, sustainability, public health, and social justice from the perspective of Latin America & the Caribbean. With readings from history, anthropology, and sociology, students will develop a better understanding of the linkages among economics, public health, politics, and social institutions, and will examine Latin America & the Caribbean through the lenses of sex, gender, race, and ethnicity.",
HST,"375, 376","Race, Ethnicity & Gender in Latin America & the Caribbean",1,,,"This course examines race and ethnicity within the context of the African Diaspora, Indo-American populations, European Colonialism, and the resulting cultural hybridity of Latin America and the Caribbean. Major themes include the classification of races and ethnicities during the colonial period; forms of labor (enslaved, forced, and coerced) and their relationship to these constructions; resistance to colonialism and debates over abolition; and discourses on race, ethnicity, gender, and class in Modern and Revolutionary Latin America and the Caribbean.",
HST,"377, 378",Gender & Sex in European History,1,,,"Over the past six hundred years, definitions of what it means to be male and female have changed remarkably. This course explores the changing nature of men's and women's identities, conditions, social status, and thought, as well as the development of their political, social, and cultural powers from the fifteenth century to our day. Special emphasis is placed on the history of gender in France, Germany, Great Britain, Italy, and Russia. The course examines gender as an analytical category, distinguishes gender from sex, and raises our consciousness of gender's variability. It exposes the forces - cultural, social, economic, and political - that have altered gender in history.",
HST,400-449,Historical Research,1,Any two history courses.,,A reading seminar devoted to an in depth examination of an historical topic or era. Topics of seminars will vary and will be announced prior to registration. Required of all history majors and minors. Students must register for the corresponding research seminar in the following semester to satisfy the requirements for the history major or minor.,History Majors and Minors ONLY
HST,450-499,Historical Writing,1,Successful completion of the HST 400-449 Historical Research paired with Historical Writing.,,"A research and writing seminar, paired with a HST 400-449 Historical Research, that provides students with the opportunity to engage in significant independent research on an aspect of the readings seminar topic. This seminar will also address different approaches to history, the nature and types of historical sources, bibliographic aids in research, general research skills, the authenticity and reliability of sources, and the techniques and processes of various types of historical writing. Required of all history majors and minors.",History Majors and Minors ONLY
HST,960,History Internship,1,,,"Students in History have the option of pursuing one credit internships overseen by a member of the History Department. Internships cannot count toward the geographic or pre-modern/modern requirement or the CUE, and only one internship can count toward the course of study.",
HST,970,History Independent Study/Research,,,,Each independent study/research course is to be designed in consultation with a faculty sponsor.,
INE,"101, 102",Introduction to Innovation & Entrepreneurship,1,,,"Students explore the basic concepts in the continuing processes of creativity, innovation, and entrepreneurship. Students will explore how entrepreneurs identify opportunities in the market and validate their ideas with customers using the business model canvas and lean methodologies. The course explores what it means to be an entrepreneur and how to develop the ""entrepreneurial mindset"" In the context of the entrepreneurial enterprise, some fundamental concepts from economics, accounting, budgeting, management, marketing, finance, and operations will be introduced. Students will also explore the role of teams and networks in venture creation. The course may include readings, speakers, videos, and case studies.",
INE,110,Introduction to Makerspace & Applied Innovation,1,,,"Introduction to Makerspace likely offers hands-on learning in their Makerspace, covering equipment like 3D printers, laser cutters, and tools for digital fabrication, focusing on creative prototyping, design thinking, and practical skills for interdisciplinary projects, though exact syllabus details require checking current course listings.",
INE,201,New Venture Creation,1,"INE 101, 102 Introduction to Innovation & Entrepreneurship",,"Student teams will identify an entrepreneurial opportunity, select a concept and develop it through the creation of a real business and formal business plan. Students will investigate the competitive environment, conduct marketing analysis and surveys, develop requirements and/or prototypes, and consider the components of successful strategies for marketing, production, finance, publicity, distribution, etc. As a result of the business planning project, students will gain a better understanding of team building and management.",
INE,220,Entrepreneurship in the Alternative Energy Sector,1,,,"In this course students will learn how to develop a global energy consciousness and shift their perceptions in order to examine the roles culture, diversity, politics and economics play in the phenomenon of globalization in the context of renewable and sustainable energy innovation and entrepreneurship. Students will consider the complexity of a ""spaceship earth"" powered by renewable energy and identify opportunities for entrepreneurial ventures in a global world. The review will include known available renewable energy of today.",
INE,350,The Practice of Entreprenuership,1,Completion of all other courses for the Innovation & Entrepreneurship minor,,"As juniors or seniors, students will apply their knowledge and experience to fully develop a plan for a scalable venture opportunity. Topics covered will include advanced pitching, equity and ownership, legal structures and contracts, intellectual property, strategy and tactics, and financial statements and projections. Through the process of developing their venture plan students will subject their venture ideas to scrutiny and rigor to see if the business has a market and a niche, explore what short-, medium-, and long term prospects for the business might be, discover, identify and contact appropriate allies and partners for the business' success, and develop channels and customer development processes necessary for the success of the venture. Students will prepare a final portfolio showcasing their learning and plans for their venture.",
INE,960,Innovation & Entrepreneurship Internship,1,,,,
INE,970,Innovation and Entrepreneurship Independent Study/Research,,,,Each independent study/research course is to be designed in consultation with a faculty sponsor.,
IST,101,Introduction to International Studies,1,,,"This course introduces students to international studies, an interdisciplinary field of study that explores important issues worldwide, including globalism and economic development, environmental concerns and public health, international conflict, state formation, human rights, and other dilemmas facing the international community as a whole. Naturally, this course familiarizes students to the various approaches to international studies through multiple disciplines, including history, sociology, political science, economics, and philosophy. No prior knowledge of international studies is presumed. This is the core required course for the International Studies Program at Muhlenberg College.",
IST,960,International Studies Internship,1,,,,
IST,970,International Studies Independent Study/Research,,,,Each independent study/research course is to be designed in consultation with a faculty sponsor.,
ITC,101,Elementary Italian I,1,,,"ITC 101 provides an interactive introduction to the language and culture of contemporary Italy. In ITC 101 we use a unique curriculum designed specifically for Muhlenberg students and based on ""Spunti,"" a free, online textbook authored by Muhlenberg faculty. You will learn to speak, understand, read and write Italian through a dynamic, student-centered approach, progressing through communication. Will you be fluent in Italian upon completion of this class? Of course not, but you will be able to communicate at a basic level in an Italian-speaking setting. This course is intended for students with little to no knowledge of Italian.",
ITC,102,Elementary Italian II,1,,,"This course begins with a brief review of the topics covered in ITC 101, and then builds upon that foundation to expand and strengthen students' language skills and knowledge of contemporary Italian culture. Like ITC 101, this course provides an interactive introduction to the language and culture of contemporary Italy. We use a unique curriculum designed specifically for Muhlenberg students and based on Spunti , a free, online textbook authored by Muhlenberg faculty. Grammar and vocabulary are taught through a dynamic, student-centered approach, enabling students to learn through communication. Class is conducted almost entirely in Italian. ITC 102 is intended for students with a limited knowledge of Italian. Assignment by placement test.",
ITC,203,Intermediate Italian I,1,,,"ITC 203 provides interactive instruction in the language and culture of contemporary Italy, and equips students to successfully communicate in an Italian-speaking setting. In ITC 203 we use a unique curriculum designed specifically for Muhlenberg students and based on ""Spunti,"" a free, online textbook authored by Muhlenberg faculty. This class includes an accelerated review of basic Italian grammar, the introduction of more advanced grammatical structures, and a variety of authentic texts and multimedia resources which will enhance your linguistic skills and sociocultural awareness of Italy. You will improve and refine your ability to speak, understand, read and write Italian through a dynamic, student-centered approach, progressing through communication. This class is intended for students with a strong foundation in elementary Italian. Assignment by placement test or upon completion of ITC 102.",
ITC,204,Intermediate Italian II,1,,,"This course is the second semester of the Intermediate Italian language sequence. Students continue to deepen and refine their knowledge and command of Italian language and culture. In lieu of a standard textbook, language is taught through Spunti , a complete program of Italian instruction designed by the Muhlenberg Italian faculty. Italian 204 uses authentic examples of Italian cultural production, such as films, songs, commercials, and literary excerpts, as the starting points (or spunti ) for analysis of grammar and exploration of contemporary Italian culture, society, and history. Each spunto provides varied activities for the improvement of students' linguistic and cultural competence in a dynamic and communicative environment. This class is designed for students with a strong foundation in basic Italian and some facility with more complex grammatical structures. Assignment by placement test.",
ITC,305,Advanced Italian: The Power of Language,1,,ITC 204 Intermediate Italian II,"Ever since Dante, writers and thinkers have utilized and shaped the Italian language as a vehicle to investigate and contemplate every aspect of experience. This course ushers students into that ""bella scola"" of the Italian literary, artistic and scientific tradition, where they will explore topics of universal human importance, while deepening their knowledge of Italian history, art and culture, and refining their Italian language skills (reading, writing, speaking, and listening). The course is organized into three thematic units (past topics have included: Nature & Human Nature, Organized Crime & Corruption, Rome, Sacred Spaces, Young Adulthood in Italy, Immigration & Community, etc.). The primary focus of study are 20th- and 21st-century works of literature and art that examine these themes in a wide range of genres, including novellas, short stories, poems, essays, visual art and music. Study of advanced grammar and stylistics takes place within the context of reading, viewing and discussing these works and discussing the topics they treat. Students hone their linguistic and analytical skills through the study of these texts, as well as the artistic, social and historical environments that gave rise to them. Emphasis is placed on classroom discussion and analytical writing. This course is taught entirely in Italian. Prerequisite: ITL 204 or equivalent.",
ITL,"219, 220","Italian Americans, Race, Politics and Culture",1,,,"This course examines the hierarchies of race and power in the United States by examining the way that one group of European immigrants and their descendants, Italian Americans, have learned, reproduced, and at times challenged white supremacy. Focusing on their particular history of migration, settlement, and incorporation into the U. S., the course provides a distinctive lens through which to view the complex and contradictory experiences that Italians have had with race and racism in the U.S., both as victims of racial discrimination and beneficiaries of the privileges of whiteness. Among the topics covered: the racialization of southern Italians as inferior ""others"" in 19th and early 20th century Italy and U.S.; the pseudo-scientific racial ideologies that informed immigration policies restricting Italians, among others, and justifying the political repression of Italian American radicals in the early 20th century; the ethnic discrimination that limited opportunities for Italian Americans in urban ""Little Italies"" while simultaneously heightening the urgency of claiming whiteness as the ""price of the ticket"" (James Baldwin's term) for full inclusion in American society; the cultural politics of midcentury Italian American entertainers that reinforced white supremacy through ethnic erasure (Frank Capra) or sought to cross and question it through ethnic assertion (Frank Sinatra, Louis Prima); the use of race and racism in representations of the Mafia, both as a means of marginalizing Italian Americans and a mechanism for reinforcing broader social prejudices; the racial confrontations between Italian Americans and African Americans over jobs, status, and resources in urban America (represented in Spike Lee's Do the Right Thing); and the current crisis of Italian American identity that is split between a conservatism embracing white identity politics and, contrastingly, efforts to deploy Italian American ethnicity toward antiracist practices and coalitions.",
ITL,313,Italian Theatre,1,,,"From the piazza to the opera house, from the puppets of Sicily to the Carnival masks of Venice, from the noble courts of the Renaissance to the sound stages of Italian State Television, the social life of Italy has been characterized by spectacle. In this course we will explore the history and variety of Italian theatre defined broadly to include public processions, court spectacles, erudite comedy, opera, modern drama, cinema, television, and more. We will delve deep into some of the most important texts of the Italian tradition by authors such as Machiavelli, Pirandello, and Pasolini, and learn much not only about Italian literature, culture, and politics, but also about the possibilities and the limits of the stage itself. We will pay special attention to the concept of spectacle and examine its many forms and functions in Italian life. This course is taught in English and no knowledge of Italian language is necessary.",
ITL,315,Eatalians: An Exploration of Italian Culinary Culture,1,,,"Food is an intrinsic element in the shaping of cultural identities—both individual and communal—as it is interwoven throughout all aspects of culture. This course delves into the history of Italian food and the representations of food in Italian cultural production from the Middle Ages to the present, examining its historical, social, economic, political, artistic, and symbolic values. Among other things, we will read texts by authors such as Dante, Boccaccio, Goldoni, Manzoni, Verga, Fenoglio and Levi; explore the diet of famous Italians such as Leonardo da Vinci, Michelangelo, and Casanova; examine the presence of food in important paintings from the Renaissance and Mannerist periods; analyze the role of food in films and advertisements, and read news pertaining to our topics. Throughout, the course highlights the diverse roles and functions of food (or lack thereof), and examines the perceptions and realities of Italian food as conceived by foreigners as well as Italians. We will, in particular, consider staples of the Italian and Mediterranean diet—such as bread, pasta, pizza, wine, extra-virgin olive oil, and cheese—as lenses through which to learn about the people who consume them, and as sources of sustenance, pleasure, and troubles.",
ITL,321,Italian Cities in Italian Cinema,1,,,"The title of this course recalls the name of the Italian national film studio, Cinecittà, which translates literally as ""Cinema City."" Taking its cue from this compound neologism, the course will pursue a double objective: we will explore Italian cinema by watching, studying and analyzing major works of Italian film culture from the post-war period to the present from a wide variety of genres and styles; and we will examine the astounding transformation of Italian society, politics, and culture from 1945 to the present, as embodied in the country's urban landscapes. In so doing, we will learn to read and interpret Italian films on their own turf, so to speak, and with attention to their particular systems of code (cinematic and architectural); and we will learn to read and interpret Italian cities, not as the shiny, Disneyfied tourist destinations featured in Hollywood movies or tourism websites, but as living organisms, shaped by politics, greed, crime, war, artistic ideals, the daily struggles and joys of residents, and even by cinema itself. This course is taught in English and no knowledge of Italian language is necessary.",
ITL,323,Jewish Italy,1,,,"The Jews of Italy constitute the most ancient uninterrupted Jewish community outside of Israel, dating back at least to the first century B.C.E. Over the course of the last 2100 years, the Jewish minority in Italy has experienced periods of freedom and cultural brilliance, as well as moments of repression and violent persecution. This course explores the history, culture, literature, and art of Italian Jews, beginning with their ancient origins, through the Renaissance, the ghetto period, political emancipation, Fascist persecution, the Shoah, the post-war return, and the present day. We will discover the multifaceted nature of this long-lived group, and the many ways in which the Jews of Italy have sought to adapt to changing political and social conditions in order to survive. This course is taught in English and no knowledge of Italian language is necessary.",
ITL,970,Italian Independent Study/Research,,,,Each independent study/research course is to be designed in consultation with a faculty sponsor.,
JST,"109, 111",Jewish Experience in a Secular Age,1,,,"This course will explore secular Jewish experiences in the modern west. We will examine how traditional Jewish society has been transformed by new ideas and new social realities by exploring the many and multifaceted ways that Jews have constructed modern, secular identities in the wake of those transformations. Using a variety of primary and secondary sources, as well as film and literature, this course will consider the ways in which Jewish identity has been defined and redefined in the modern period across Europe and the United States. Particular attention will be paid to questions of gender and the ways that men and women each experienced processes of modernization and secularization.",
JST,"201, 202",Jewish Allentown: American Jewish History in Local Experience,1,,,"This course uses the Jewish community of Allentown and the broader Lehigh Valley as a case study for exploring American Jewish history and life. Students will explore Jewish history and experience in Allentown through research, site visits, conversations with clergy and community members, and more. We will learn about Jewish communal structures and organizations, community and personal histories, immigration patterns, the effects of suburbanization, and major industries with Jewish connections, among other topics. This course is interdisciplinary and multimodal, meaning that students will have the opportunity to work with different media and to create digital humanities/public history projects.",
JST,"203, 204",From Zion to Zionism: History of Jewish Nationalism,1,,,"The very words Zion and Zionist have become powerful political signifiers both within and without Jewish communities, as well as in international discourse. Why are these words so hotly contested, and what do they signify? This course examines the historical evolution of modern Zionism. It considers the different religious, political, and cultural forms that Jewish nationalist thought has taken over the course of the nineteenth and twentieth centuries and situates these ideas within their historic and geographic contexts. Students will read the works of Jewish nationalist thinkers like Theodore Herzi, Max Nordau, Ahad Ha'am, Yitzchak Baer, Simon Dubnow, and Louis Brandeis and analyze their competing visions of Jewish nationhood and the specific historical concerns that fuel the emergence of different nationalist ideologies.",
JST,205,Antisemitism Past and Present,1,,,"Jews have long served as a foil for western, and particularly western Christian identities, in ways that continue to resonate in the modern world and in contemporary contexts. This course will consider the role that anti-Judaism and anti-Semitism have played in western culture from the ancient period to the present day. It will pay particular attention to representation of Jews in the West, to both shifting and long-lasting fears and suspicions about Jews, and to the impact of anti-Judaism and anti-Semitism on conceptions of race and difference in western societies.",
JST,207,Jewish Women's History,1,,,"This course explores Jewish women's history and constructions of gender in Jewish societies from antiquity to the modern era. It considers gender and power relations in the family and society and in organized religion; it examines women's economic and communal functions, literacy, feminism; the construction and expression of ""maleness"" in traditional and modernizing Jewish societies. It uses a variety of sources to explore how gender shaped the expectations and experiences of Jewish men and women, and considers how historians have integrated gender into their analyses. It asks how ""Jewish history"" can be conceptualized differently when women's experience is foregrounded in our studies.",
JST,340,"Imagining ""Israels""",1,,,"Drawing on critical theory related to the construction of national and ethnic identities, this course will examine different ways in which groups have ""imagined communities"" linked to the name ""Israel"" in the past and the present. Readings will cover textual, artistic, and biological imaginings of various ""Israels,"" and raise questions concerning the multiple ways in which particular religious and cultural communities have conceived of their own identities and those others linked to that name. Students will explore these topics in a structured ""flipped"" classroom environment dedicated to discussion and critical engagement with particular texts.",
JST,450-469,CUE: Jewish Studies Capstone Culminating Undergraduate Experience Seminar,1,,,"This course will provide an integrative learning experience for majors and interested minors who have completed, or are in the process of completing, their Jewish Studies coursework. Faculty and students will work together to explore a topic in-depth, focusing on both theoretical and methodological questions and approaches. Students will work on a research project that draws on their knowledge of Jewish Studies and helps them to develop a more sophisticated understanding of the field and its intersections with other academic disciplines. Students will be expected to keep a journal about their work as it advances, and to participate in regular discussions about their research with the class. The semester will culminate in a final research project.",
JST,470,Honors Thesis in Jewish Studies,1,,,"The Honors Program is open to Jewish Studies majors who have demonstrated a high level of interest in the field and have proven to be consistently excellent students. It offers students the opportunity to pursue a self-designed research project, demonstrating familiarity with some of the central issues in the field of Jewish Studies and mastery of the research subject. All students will work in close consultation with a faculty thesis advisor, as well as with at least two other faculty members who will form a thesis committee. All questions about the Honors Thesis should be directed to the Program director.",
JST,970,Jewish Studies Independent Study/Research,,,,Each independent study/research course is to be designed in consultation with a faculty sponsor.,
LLC,215,Contemporary Latin American & Latinx Drama,1,,,"This course is an introduction to theatre and culture politics in the Spanish Americas from the late 1950s until the present. We will explore plays written by Latin American as well as Latinx authors. All plays will be read in English or Spanglish, inviting us to consider the role of translation and code-switching. In this course we will focus on how the texts reflect Latin American cultural character and world views by studying the historical background that shaped the writing of each play. We will also discuss how identity is performed and how the different authors confront and deal with issues of identity. Main topics of focus may include political theatre, relations to European theatre traditions, experimentation, revolution, dictatorship, terror and violence, censorship and self-censorship, trauma and memory, gender, and borders.",
LLC,310,Bloody Spanish Drama,1,,,"This course uses dramatic texts from seventeenth-century Spain and its colonies as a lens to analyze enduring questions of meaning, existence, and value. Through the framework of translation, reading and performance, we will investigate (1) how dramatic Spanish texts and their interpretations inform and are informed by systems of racial, gender, and class identity; and (2) how these historical power structures resonate with contemporary audiences and influence individual and communal decisions and practices. Beyond literary analysis, students will engage in dramatic readings and performance to explore how these philosophical concepts are physically embodied and adapted for new contexts. This work will allow us to investigate the complex interplay between textual tradition, cultural translation, historical understanding, and living, creative interpretation.",
LLC,320,"Performing the Real, Writing the Body",1,,,"In ""Performing the Real, Writing the Body,"" students will explore how 'the real' is represented through various artistic and cultural mediums, mainly theater and performance art. The works of women and BIPOC artists will be privileged. We will also examine how these artistic practices allow us to understand history, coloniality, and the consequences of racism through the bodies of artists, witnesses, participants, and audiences. The course will challenge students to consider the body not just as a biological entity but as a site of cultural, political, and theoretical expression that can be ""written"" or constructed through text, performance, and visual arts. Throughout the course, we will analyze the values and pitfalls at the intersection of documentary theater practices and the lived experiences of diverse communities across the Americas.",
LLC,410,Spanish Drama in Translation,1,,,"Since the Spanish Renaissance, theater has been a mechanism for denunciation and no small amount of public controversy. Cervantes, in his Interludes , urges the public to re-think society using lenses of irony and laughter, while other mayor playwrights during the Golden Age such as Lope de Vega, Tirso de Molina, Calderón de la Barca or Sor Juana Inés de la Cruz, denounce a society blinded by its own honor code and deadly obsessions with purity of blood. Drawing upon this background as context, this course cultivates a global understanding of the literary and the socio-historical evolution of peninsular drama from the early XVI to the end of the XVII century. By deeply analyzing controversial Spanish dramatic masterpieces we will explore the problem of Spanish national identity through its emerging imperial processes of political and cultural exclusion.",
MAA,503,Introduction to Analytics,1,,,"This course introduces students to the process of using data to answer real-world questions in a business setting. Students will learn to clean data sets to prepare them for further analysis. The course provides an overview of the implementation, interpretation, and application of exploratory data analysis and statistical inference as key components of the data-analytics project lifecycle. Throughout the course, students use the statistical software R/RStudio to explore data both visually and numerically.",
MAA,507,Analytics & Modeling,1,MAA 503 Introduction to Analytics,,"Students will have hands-on experience analyzing business data for business intelligence and improved business decision making. This course will introduce students to three types of statistical models used for making decisions in analytics: Regression, Classification, and Clustering. This course uses statistical software R to select, fit, visualize, and assess model results.",
MAA,512,Introduction to Programming,1,,,"Managing the underlying data for analytics can require specific languages for programming and development. This course will be an overview of programming concepts, including hands-on learning with the programming language Python and an introduction to SQL. This course provides students with the practical understanding and skills required to manage data and data structures at the field level and understand how they are applied to business.",
MAA,513,Data Management,1,MAA 512 Introduction to Programming,,"This course explores how data can be stored, accessed, and transformed through the use of databases and associated tools. Key concepts include statements to retrieve, clean, merge, summarize, and analyze data. Students will use tools such as R, Python, SQL, and Git for tasks such as scraping data, sharing data, and writing reproducible code. Students will also be introduced to the use of cloud services for answering data-centric questions.",
MAA,514,Data Visualization,1,Required: MAA 503 Introduction to Analytics. Recommended prerequisites: MAA 512 Introduction to Programming and MAA 513 Data Management,,"In the world of big data, there is a need to ""tell the story"" clearly and efficiently with the goal of influencing decisions. The ability to organize and present data in an understandable, visual, and coherent manner is an essential skill required in today's world. This course teaches the student to explore innovative techniques to display data in effective and compelling analysis of past performance, current state, and project future trends. Students will learn effective visual communication methods for representing data.",
MAA,608,Topics in Advanced Modeling,1,,MAA 507 Analytics & Modeling,"This course explores a variety of statistical techniques and models useful in making predictions about uncertain events with applications to the field of business. The course will cover the use of statistical software to process data, fit statistical models, and assess the models' performance. Examples of techniques that may be covered include time series analysis, survival analysis, random forests, dimension reduction, and regularization.",
MAA,610,Introduction to Cloud Computing,1,,,"This course on cloud computing and the concepts of ""Big Data"" is an introduction to the concepts underlying the systems and infrastructure required to manage large data sets. As organizations across many industries seek to house and analyze large amounts of data quickly and accurately, it will be important for the student to learn and understand the need to manage data methodically even when the data are from disparate sources and types. The student will learn about current technological tools and applications. The student will also learn aspects of data and server management, virtualization, and standard data solutions offered by Amazon, Google, Microsoft, and IBM. Students will have hands-on experience with tools such as SQL, NoSQL, and Hadoop.",
MAA,612,Introduction to Data-Driven User Experience Design,1,,,"Companies such as Apple and Netflix use data collected at their sites to understand the user's experience and whether or not their marketing efforts are working. Amazon uses its data to present to buyers other items that might be of interest. Companies know that data is most useful when it can help them further their mission and vision. Data can help companies optimize their customers' web experience, understand which elements capture attention and which do not, and also customize to specific users' experiences. Students will be able to understand how to measure and report actionable data that help to improve the user experience.",
MAA,614,Artificial Intelligence & Machine Learning Concepts,1,,,"We have come to rely on the benefits of artificial intelligence and machine learning at an ever-increasing rate. The algorithms underlying this technology have touched our lives with smartphones, smart-speakers, social media feeds, video and music streaming, video games, travel, and security. The course provides students the underlying principles of artificial intelligence such as machine learning, natural language processing, game theory, algorithms, and discrete structures. Topics may include intelligent agents, searching, learning, planning, and classifying.",
MAA,616,Stochastic Modeling for Analytics,1,,,"How do companies and organizations use data to forecast what may lie ahead? Students will learn in this course the importance of stochastic methods and how probability and randomness are keys to simulation modeling. Applications of stochastic processes include the analysis of stock market results and trends, vital medical information, seismology, and weather research. Students will learn via real-life case studies and methods such as the Markov chain. Students will learn how to use historical data to understand the likelihood of what may happen in the future using robust stochastic models.",
MAA,618,Business Intelligence,1,,,"In today's highly-competitive business landscape, it is crucial that an organization makes sense of the sea of data in which it operates. Raw transactional data acquired from both structured and unstructured sources must be vetted, categorized, enhanced, stored, secured and ultimately transformed into organizational knowledge. This is only accomplished if the integrity of the information is ensured and that the information is properly used. This course provides an overview of the concepts, processes, and technologies necessary to provide decision-makers with actionable intelligence to make good decisions and understand the drivers of their Key Performance Indicators (KPI's). Consideration will be given to both tactical and strategic intelligence with special emphasis on environmental requirements including data governance, regulatory compliance, and ethics.",
MAA,640,Ethical Leadership & Communications,1,,,"The misuse of available, accessible data can have ramifications for companies and millions of their customers. The ownership of personal information has been in the public conscience for the past few years due to data breaches, identity theft, and misuse of data. As quickly as a company brand, people recognize company names recently scandalized such as Enron, Wells-Fargo, Facebook, and Cambridge Analytica. Just because data can be accessed, queried, and analyzed to understand a customer's private details or a company's buying trends does not mean it should be. This course will cover the ethical standards in place for those in the data analytics industry and the state, federal, and international regulatory rules in place to mitigate misuse.",
MAA,690,Capstone,1,,,"The individual/small team will utilize knowledge gained from the previous course modules to provide actionable information for decision makers to enhance an organization's effectiveness. The topic chosen may be an ""existing real"" topic from an outside organization or use data sets from open source data repositories. The process will scope the project, formalize a question, locate data sources, determine the method of analysis, implement analytical procedures, visualize and communicate the results of the organizational issue. This process will allow students to integrate their learning over the entirety of the program.",
MBA,510,Financial Statement Valuation & Corporate Finance Decision-Making,1,,,"This course focuses on the tools and frameworks needed to critically evaluate financial statements and extract actionable insights for corporate decision-making. Students will learn to interpret balance sheets, income statements, and cash flow statements, and will explore techniques such as ratio analysis, trend analysis, and benchmarking against industry standards. Building on these fundamentals, the course emphasizes the application of time value of money concepts, models of risk and return, cost of capital, and capital budgeting techniques to guide sound corporate investment decision-making. Through real-world case studies and hands-on exercises, students will develop analytical skills applying financial data in valuation, strategic planning, and effective communication with stakeholders.",
MBA,520,Global Strategic Marketing,1,,,"Students will analyze how to adapt marketing mix strategies across diverse cultural, economic, and political/legal environments. The curriculum covers critical topics including complex trade issues and protectionist policies, international market entry strategies, global brand and product management, and culture-based consumer behavior. Projects, presentations, and real-world case studies will develop students' skills in market research and segmentation, global distribution, pricing strategies, and integrated marketing communications, including the use of artificial intelligence and digital technologies to effectively convey pertinent marketing mix information to consumers.",
MBA,530,Enterprise Risk Management and Compliance,1,,,"This course provides students with a comprehensive framework for identifying, assessing, and managing enterprise-wide risks. Students will examine the principles and practices of risk management and regulatory compliance as integral elements of organizational strategy and governance. Students will explore frameworks for identifying, assessing, and mitigating financial, operational, legal and reputational risks within domestic and global contexts. Particular attention is given to technological vulnerabilities and emerging challenges of cybersecurity and data protection. Case studies and applied analysis help students acquire skills for evaluating risk exposure, implementing compliance structures, and building resilient organizations within an increasingly complex risk environment.",
MBA,540,Managerial Accounting For Decision Making,1,,,"This course focuses on developing advanced managerial accounting skills essential for strategic decision-making in multinational organizations operating across diverse economic, regulatory, and cultural environments. Core topics will include cost analysis, budgeting, performance measurement, and capital allocation techniques while addressing the complexities of currency fluctuations, transfer pricing, tax optimization, tariffs, and varying accounting standards across jurisdictions. Real-world case studies from multinational corporations will enable students to navigate the challenges of decision-making and the associated risks.",
MBA,550,Global Supply Chain Management,1,,,"This course examines the strategic design, management, and optimization of global supply networks in today's interconnected business environment. Students will analyze key challenges, including supplier relationship management, logistics coordination, risk mitigation, and sustainability considerations across international markets. The curriculum covers advanced topics such as demand forecasting, inventory optimization, the impact of geopolitical factors on global trade flows, and the use of blockchain to improve supply chain efficiency. Through case studies and simulations, participants will develop frameworks for making strategic sourcing decisions, managing supply chain disruptions, and leveraging technology to create competitive advantages. Upon completion, students will acquire strategic and operational skills for managing global supply chain initiatives in diverse industries.",
MBA,560,Strategic Management,1,,,"Strategic thinking requires organization leaders to combine perspectives and tools from multiple disciplines and value systems. This course develops students' abilities to integrate finance, operations, management, and marketing into comprehensive strategies that are on the boundary between organizations' past and future, internal and external forces, and their various stakeholders. Strategic management activities in the course include setting the firm's mission and vision, selecting markets, and determining how a firm can operate and succeed in those markets. Business policy aspects of the course examine the many facets of strategic decision making for all industries and markets, including capital and operating finances, ethical considerations, environmental responsiveness, and human resource practices.",
MBA,610,"Business Ethics, Law, and Corporate Governance",1,,,"This course investigates ethical issues that arise in the conduct of business and examines the policies, laws, and regulations that define business's broader role in society. Through a study of real-world controversies and applied case studies, students grapple with moral dilemmas in the workplace, understand the factors that facilitate or hinder ethical and legal behavior in organizations, and examine the role of ethical leadership in shaping organizational culture. Attention is also paid to the broader social responsibilities of business as well as the legal obligations of firms, boards, employees, and managers. Topics include fiduciary responsibility, corporate ethics programs and legal compliance, conflicts of interest, whistleblowing, employees' rights, consumer protection, environmental stewardship, and the global responsibilities of multinational firms, among others. Using normative frameworks, critical analysis, and personal reflection, students learn to diagnose moral conflicts, construct and evaluate alternative courses of action, and integrate ethical reasoning into strategic and operational decision making.",
MBA,620,Managing People in Global Organizations,1,,,"This course provides students with the leadership and management skills necessary to effectively lead diverse, multicultural teams across global business environments. Students will explore cross-cultural communication strategies, international human resource management practices, and the complexities of managing virtual and geographically dispersed teams. The curriculum addresses critical challenges, including cultural intelligence development, global talent acquisition and retention, performance management across different cultural contexts, and navigating varying labor laws and employment practices worldwide. Students will develop competencies in conflict resolution, change management, and building inclusive organizational cultures that leverage diversity as a competitive advantage.",
MBA,630,Innovation & Disruption in the 21st Century,1,,,"This course provides students with strategic frameworks for creating, managing, and responding to disruptive innovation from technological advancement and shifting consumer behaviors. Students will analyze the dynamics of digital transformation, platform economics, and emerging technology-focused business models while developing skills to identify opportunities for breakthrough innovation and assess threats from disruptive competitors. Topics covered include design thinking methodologies, product portfolio management, technology corporate venturing and intrapreneurship, and strategies to compete against technology-driven challengers. The course will incorporate case studies of successful and failed responses to innovative initiatives and market disrupters.",
MBA,640,Managerial Economics & Business Strategy,1,,,"This course examines the economic principles that guide effective business strategies and decision-making in competitive and uncertain environments. It will primarily utilize microeconomic theories and tools from industrial organization, game theory, labor economics, and international trade to analyze complex, real-world business problems and strategic interactions. Topics will include demand forecasting, strategic pricing decisions, cost analysis, industry/market composition analysis, and domestic and global economic policy implications on business decisions. Through case studies and quantitative analysis, students will learn how to apply economic concepts and trends to real business challenges and will be equipped with a framework for strategic thinking and decision-making.",
MBA,690,Capstone,1,,,,
MBA,691,Global Immersion Capstone,1,,,"The Global Immersion Capstone is the culminating project of the MBA program that combines rigorous classroom learning with a one-week abroad, hands-on international experience. Students will choose one company from the selected geographic region (determined by the Dean of Graduate Studies) and will work on real-world business projects in partnership with companies, cultural institutions, and government entities. It's a signature experiential learning element designed to develop global business acumen and intercultural leadership, and it is a direct application of the MBA curriculum. The deliverables include a presentation, reports, and strategic recommendations.",
MBS,100-199,Scholars First-Year Seminar,1,,,"The Muhlenberg Scholars First Year Seminar is a one-unit course taken in the first semester. This is a small, discussion-oriented course that introduces students to what it means to think deeply and to talk, read and write critically about ideas. Offered by faculty members from departments throughout the College, the seminars share an emphasis on closer reading and thinking critically about the values and assumptions underlying various approaches to knowledge.",
MBS,250,Foundations of Scholarship,0.5,"MBS 100-199 Scholars First-Year Seminar, or permission of the instructor.",,"This is a half-unit course in which students complete an individually chosen academic project developed in stages over the term. Projects are self-designed and tailored to the student's intellectual interests and passions. Students participate in monthly workshops, building core scholarship and information literacy skills used widely across disciplines (e.g., the ability to construct a literature review and annotated bibliography, analyze and integrate multiple sources of evidence, engage competing perspectives, etc).",
MBS,350,Integrative Seminar,1,MBS 100-199 Scholars First-Year Seminar and MBS 250 Foundations of Scholarship,,"This is a one-unit course in which students engage in collaborative, interdisciplinary learning on the semester's main theme, controversy, or topic. After jointly studying some foundational work in the seminar's main subject area, students form integrative research teams and explore diverse sub-areas of the seminar's theme. Teams lead discussions, complete a group project, and present their findings to other classmates.",
MBS,450,Muhlenberg Senior Scholars Capstone Seminar,1,,,The Muhlenberg Senior Scholars Capstone Seminar is the bookend to the Muhlenberg Scholars FYS. This is a one-unit course that explores issues of enduring human significance and attempts to arrive at a deeper understanding of seminar issues by integrating the findings of various disciplines into a coherent whole.,
MOL,510,Human Resource Leadership Strategy,1,,,"The people of an organization are very often its strongest and best source of performance and competitive advantage. This course emphasizes the strategic importance of human resources in organizational action, with an overview of the objectives, requirements, economics, opportunities, and processes of creating the best workforce for long phases of an organization's life. With an emphasis on the leader's role in an organization's HR management and the strategic opportunities and challenges that HR management present to leaders, course methods include on-site learning and studies using current data on organizational performance and the student's reflection on leadership development.",
MOL,512,"Talent Management, Rewards, & Relations",1,,,"Successful organizations and their leaders realize the importance of sustaining workers over the different phases of their careers, and this course aligns understanding of adult development with organizations' ongoing needs for leaders and managers. This course fuses key concepts from organizational behavior and industrial organization psychology and applies them to leadership practice building strong relationships and engaged workers. Students study a wide range of intrinsic and extrinsic rewards and motivation methods, their theoretical foundations, and how leaders can apply them in different organizational settings and to a diverse workforce.",
MOL,514,Employment Law,1,,,"An overview of various federal and state employment laws arising in the workplace, including basic rights and protections for employers and employees. Topics include the employment relationship and exceptions to at will employment, employment discrimination laws (Title VII, ADA, ADEA), Family and Medical Leave (FMLA), wage and hour laws, independent contractors, workers' compensation, and unemployment compensation. Together we examine what labor laws means for leaders, beyond compliance, the implications at different levels, and for organizational strategy. This course is essential for anyone who wishes to be an effective employer, manager, HR professional, or anyone looking for an understanding of the laws that drive employment policies.",
MOL,524,Internal Communications,1,,,"Organization leaders routinely must convey important information to internal audiences and stakeholders including coworkers, executives, and governance officials. These audiences require distinct communications methods and techniques. This course explores the various roles of internal communication in times of organizational stability and change. Students use research to inform effective internal communication strategies and develop successful plans. The course focuses on development of internal communications strategies, message development methods and techniques to implement those strategies, and a culture of interpersonal transparency and clarity in communications.",
MOL,530,Nonprofit Leadership and Governance,1,,,"This course addresses the evolving roles of nonprofit organizations in society, showing their historic origins, and underlying theoretical frameworks and rationales. Students examine the challenges confronting nonprofit entrepreneurs and leaders, using a holistic leadership approach to consider areas of strategic management, Board governance practice and responsibility, including financial oversight, strategic planning, executive oversight, and public accountability. The course shows how overall strategy integrates programmatic, marketing, and financial management requirements of nonprofit action. 
 
 Course Learning Outcomes 
 
 
 Describe nonprofits' social, economic, policy, historical, and theoretical contexts 
 Recognize the central elements of nonprofit performance and accountability 
 Analyze strategy, governance, leadership, and management in nonprofits 
 Customize leadership learning to specific and general nonprofit service contexts",
MOL,532,"Nonprofit Marketing, Philanthropy, and Public Engagement",1,,,"Nonprofit organizations need favorable public messaging and communication and contributed income to support their operations. Successful marketing, fundraising, relationship building, and public presence are important areas of nonprofit leadership responsibility. Marketing activities show the public face of nonprofits and help them achieve their revenue and outreach goals. This course addresses the strategies and methods nonprofits use to reach customers, volunteers, and donors with targeted and supportive information. A second major focus is raising revenue from contributions from private and public sources, including grant writing, planned giving, and annual fundraising, and advocacy. The course shows how marketing and fundraising activities support overall strategy and program service delivery. 
 
 Course Learning Outcomes 
 
 
 Describe theories and strategies of nonprofit public engagement 
 Explore methods of resource development with an emphasis on leadership responsibilities 
 Explore methods of public advocacy with an emphasis on leadership responsibilities 
 Customize leadership learning to specific and general nonprofit service contexts",
MOL,534,"Program Management, Design, and Evaluation",1,,,"Across the range of nonprofit services, nonprofit organizations offer program activities to achieve their missions. Across all nonprofit service areas, leaders share the challenge of designing activities and methods of evaluating their success. This course addresses common themes of program design including needs assessment, articulating a theory of change, a logic model that links resources to impact through activities, outputs and outcomes. Program design includes planning for staff, volunteers, and capital. Program results may be evaluated with experimental and quasi-experimental methods. Leaders' abilities in these areas help at all stages of nonprofit development from the earliest idea to the routine programmatic reporting. 
 
 Course Learning Outcomes 
 
 
 Explore methods for assessing community and population assets and needs 
 Articulate a theory of change for how nonprofit action can address the need 
 Design a program of nonprofit action to respond to the need 
 Analyze program results using appropriate methods 
 Customize leadership learning to specific and general nonprofit service contexts",
MOL,536,"Nonprofit Economics, Accounting, and Finance",1,,,"Nonprofit organizations make up a substantial portion of regional and national economic activity, in the major areas of health care and education, as well as in arts, human service, social justice, environmental, animal rights, and many other service areas. This course addresses nonprofit leadership through the lens of financial management. Leaders should be familiar with underlying supply and demand for the service areas where nonprofits operate and the competitive economics of the service area. Financial and business planning techniques are vital elements of ongoing management, and also contribute to reporting and regulatory compliance. Leaders' skills in this area complement their learning of strategy, external relations, and program management. 
 
 Course Learning Outcomes 
 
 
 Analyze the competitive environment for nonprofit service areas 
 Integrate budgeting and business planning with leadership practice 
 Adapt financial management to program, marketing, and strategic management 
 Customize leadership learning to specific and general nonprofit service contexts",
MOL,620,Multidisciplinary Leadership,1,,,"Leadership studies are influenced by underlying disciplines of psychology, sociology, history, strategy, philosophy, military studies, and religion studies. This course prepares leaders by offering them a broad conceptual base for understanding leadership behaviors and effectiveness, contextualized in Muhlenberg's interdisciplinary liberal arts teaching mission. The course features presentations by faculty from across Muhlenberg's disciplines, using case studies, relevant literature, and critical writing and analysis to explore servant leadership, visionary leadership, and transformational leadership processes.",
MOL,624,Leadership as Personal Journey,1,,,"Organizational leadership training necessarily requires the leader's personal development and growth in a personal capacity. This course supports students of leadership by emphasizing their individual growth and change through the reading of theories on change management and research, self-reflective study and analysis, and interpersonal learning with other leaders-in-training. Students assess their own leadership strengths and weaknesses and create a plan for their personal development in critical areas, including emotional intelligence, empathy, and vision.",
MOL,628,Intercultural Leadership,1,,,"In an organization, a diverse population of colleagues will have varying views and experiences of leadership's role and practice. Leaders need to inspire and manage diverse teams of individuals with different identities and backgrounds. This multifaceted course provides a framework for examining the effects of culture on the leadership process, including consideration of personal identity and ethical issues relating to culture in leadership situations. Students in this course analyze the opportunities that diversity brings to the workplace -- including related issues of ethnocentrism and prejudice -- and prepare to succeed in diverse settings using reflection, simulations, and community practice.",
MOL,632,Organizational Change Management,1,,,"Organizations are in constant flux, and leaders need to prepare for change in the organization in response to market, political, economic, social, and other forces, both internal and external. Students use a systems view to examine what drives people to change, how change methods affect people and desired outcomes, misconceptions about change methods, the financial impact of change methods, and common elements across methods. Students consider theories for creating sustainable change efforts and issues associated with the diffusion of innovation. The course prepares leaders for organizational change efforts with simulations, case studies, and examination of the underlying psychological, sociological, and economic characteristics of organizational change.",
MOL,636,Ethical Leadership & Governance,1,,,"Organizational leaders work in complex societal roles, with internal and external accountability for ethical behavior. Most leadership decision-making has legal and ethical consequences, and executive leadership requires an understanding of organizational governance theory and practice. This multifaceted course presents a broad set of ethical viewpoints to address governance and the ethical and social responsibilities of contemporary organizations. It examines decision-making where legal, reputational, and ethical consequences are especially pronounced. Studying ethical leadership considers leaders' conduct and leaders' character using case studies, simulations, and critical writing and analysis.",
MOL,640,Strategic Thinking,1,,,"Organizational leadership involves setting and implementing organization-level strategies to accomplish goals and build capacity in dynamic environments. Students focus on the leaders' role in creating a compelling vision of the future for themselves, their team and the organization. Students will analyze competitive market and larger social, economic, legal, and technology trends using systematic tools for scenario planning to prepare for strategic choice of markets or sectors. Students study strategic management through the long term planning cycle of the organization. Teaching methods include case studies, market analysis, and critical analysis of scenarios and forecast methods.",
MOL,644,Leading in a Global Environment,1,,,"In an increasingly globalized world, organization leaders must be prepared at any time for changes from around the world affecting organizational outcomes and the requirements that leaders must meet. Global leaders need global awareness, with sufficient cultural knowledge to adapt global strategies to local contexts. This course builds expertise in understanding international trade, security, transportation, human resources, and cultural issues, along with tactics and methods that leaders can use to manage these issues in their organizations. Teaching methods include case studies, close analysis of particular national and cultural settings, and studies of leadership in different global settings.",
MOL,690,Culminating Leadership Activity,1,,,"The CLA serves as a culminating activity for each individual graduating leader. A variety of projects and outcomes may be suitable, including a thesis, or achievement and documentation of a significant leadership accomplishment, such as an action research project, a significant service, or the creation of a notably complex and rigorous program of guidance and training of colleagues and fellow students.",
MTH,101,Topics in Mathematics,1,,,"Topics selected from various areas of mathematics such as discrete mathematics, logic, number systems, geometry, probability, and graph theory. Designed to give the student an appreciation of mathematics as an integral part of our culture, this course includes applications to various other disciplines. Intended for students with no prior college-level mathematical experience. Not open to students who have completed STA 119 Statistical Analysis or any higher-numbered mathematics course.",
MTH,105,Mathematics for Social Justice,1,,,"In this course, students will use a variety of mathematical techniques to analyze and critique social situations that challenge the ideas of fairness and equity within and around their communities. Mathematical content includes algorithm design, graph theory, weighted voting systems, exploratory statistics, basic modeling and simulation. Social justice topics explored will include justice in the age of big data, voting and social choice, fair division, educational access, income inequality, living wages and housing, and public health and biometric data in the public sphere. Students eligible to roster MTH-101 also have placement to take this course.",
MTH,114,Fundamentals of Mathematics,1,,,"A study of fundamental mathematical principles underlying the concepts of number and shape. Topics include number systems, number theory, measurement systems, geometry, and functions with emphasis on applications and problem solving.",
MTH,116,Symmetry & Shape: Introduction to Geometry,1,,,"An introduction to the geometric concepts underlying elementary mathematics: properties of circles, polygons and polyhedra, measurement systems and indirect measure, scale and proportion, symmetry, congruence, informal Euclidean geometry, geometric constructions, and transformational geometry. Applications feature mathematical patterns found in art and nature: the golden ratio, Platonic solids, tessellations in the plane, frieze and wallpaper patterns, scale drawings, 3-D drawing, one- and two-point perspective, and viewing point.",
MTH,120,Discrete Mathematics,1,,,"This course covers the mathematical concepts that underpin how technology works in modern society through the computing sciences. Topics include symbolic logic, set theory, combinatorics, number theory, information theory, graph theory, algebraic structures and a wide array of societal applications.",
MTH,121,Calculus I,1,3.5 years of high school mathematics.,,"Differentiation of algebraic and transcendental functions, application of the derivative to related rates, max-min problems, L'Hôpital's Rule, and graphing. Introduction to integration, the Fundamental Theorem of Calculus.",
MTH,122,Calculus II,1,MTH 121 Calculus I.,,"A continuation of MTH 121. Applications of the integral, integration techniques, numerical integration, infinite sequences and series, Taylor Series, and improper integrals.",
MTH,223,Calculus III,1,MTH 122 Calculus II.,,"Focuses on extending techniques from one-dimensional calculus to multivariable calculus - including limits, continuity, derivatives, finding maxima and minima, integrals, and finding volumes. Topics include parametric equations, vectors, vector-valued functions, curves and surfaces in space, line integrals, vector fields, divergence, curl, the fundamental theorem of line integrals, Green's theorem, and the Divergence theorem.",
MTH,226,Linear Algebra,1,MTH 120 Discrete Mathematics or MTH 122 Calculus II.,,"Matrices and systems of linear equations, determinants, real vector spaces and inner product spaces, linear transformations, eigenvalue problems, and applications.",
MTH,227,Differential Equations,1,MTH 122 Calculus II.,,"A study of the theory, methods of solution, and applications of differential equations and systems of differential equations. Topics will include the Laplace Transform, some numerical methods, and applications from the physical sciences and geometry.",
MTH,240,Transition to Abstract Mathematics,1,MTH 122 Calculus II.,,"An introduction to abstract mathematical thought with emphasis on understanding and applying definitions, writing arguments to prove valid statements, and providing counterexamples to disprove invalid ones. Topics may include logic, introductory set theory, and elementary number theory, but the focus is on the process of reasoning rather than any particular subject or subdiscipline. It is strongly recommended that mathematics majors complete this course by the end of the sophomore year.",
MTH,314,Applied Mathematics & Modeling,1,Any 200-level MTH course,,"Models describing physical and economic conditions will be constructed, analyzed, and tested. The computer will be used in model verification.",
MTH,318,Operations Research,1,MTH 226 Linear Algebra.,,"Linear programming, the transportation model, dynamic programming, decision analysis, game theory, and inventory and queuing models.",
MTH,326,Abstract Algebra,1,MTH 226 Linear Algebra and MTH 240 Transition to Abstract Mathematics.,,"A study of the algebraic structures of groups, rings, fields, and integral domains.",
MTH,328,Codes & Ciphers,1,Any 200-level MTH course.,,"This course is an introduction to the classical and modern methods for encoding secret messages (cryptography) and the science of breaking codes and ciphers (cryptanalysis). It blends the history of secret writing, the art of creating codes, and the mathematics underlying the theory and practice of encryption and decryption. Topics include substitution and transposition ciphers, applications of number theory to cryptanalysis, Vigenere and Hill ciphers, statistical methods in cryptanalysis, RSA encryption, and other public-key ciphers.",
MTH,337,Real Analysis,1,MTH 240 Transition to Abstract Mathematics.,,"Rigorous treatment of the real number system, sequence and function limits, continuity, differentiability, intermediate and mean value theorems, uniform continuity, the Riemann integral, and the Fundamental Theorem of Calculus.",
MTH,340,CUE: The Matrix Revisited,1,MTH 226 Linear Algebra,,"This course is a follow-up course to MTH 226 Linear Algebra focusing on applications, particularly involving large data sets. The course is structured to emphasize ""mathematics in action"" and will have many project-based components. Topics include image and sound compression and manipulation, least squares, non-symmetric Eigenvalue problems, symmetric Eigenvalues and singular value decomposition, principal component analysis, and iterative methods. These are all techniques/topics used in applied business, science, and industry.",
MTH,342,Advanced Geometry,1,MTH 240 Transition to Abstract Mathematics.,,"An axiomatic approach to Euclidean geometry. The exploration of non-Euclidean geometries, including hyperbolic geometry. The study of transformational geometries.",
MTH,345,Combinatorics & Graph Theory,1,MTH 240 Transition to Abstract Mathematics.,,"An advanced course in discrete mathematics emphasizing counting and finite structures. Topics include fundamental laws of counting, generating functions, recursion, partitions, existence and optimization problems, graphs and digraphs, networks, the relationships between graphical invariants, lattices, Latin squares, design and coding theory, and Ramsey Theory.",
MTH,347,Number Theory,1,MTH 240 Transition to Abstract Mathematics,,"Selected classic topics in elementary number theory will be covered, including divisibility of integers, modular arithmetic, linear congruences, quadratic reciprocity, continued fractions, and, if time permits, basic theory of elliptic curves. A computational point of view is emphasized.",
MTH,353,CUE: Landmarks of Mathematics,1,MTH 240 Transition to Abstract Mathematics.,,"This course examines major developments in mathematics of historical importance from ancient through modern times. Concepts from geometry, algebra, calculus, analysis, number theory, and modern mathematics are analyzed in historical and cultural contexts, including the ancient Mesopotamian, Chinese, Egyptian, Greek and Indian civilizations, the medieval Islamic caliphate, and modern Europe and the Americas.",
MTH,355,CUE: Complex Analysis,1,MTH 223 Calculus III and MTH 240 Transition to Abstract Mathematics,,"Throughout their mathematical education, students are taught that they can't take the square root of a negative number, as this would lead to a non-real ""imaginary"" number. However, one can theoretically build the square roots of negative numbers into a number system called the complex numbers. Studying the properties of complex numbers and functions of a complex variable leads to many mathematically beautiful results which are arguably more elegant and natural than their real counterparts. Moreover, the results of complex analysis can be applied not only to other mathematical fields such as Number Theory and Differential Equations, but also to practical problems in engineering and the physical sciences. In this course, we will explore the algebraic properties of complex numbers, extensions of exponential and trigonometric functions to a complex variable, differentiable functions of a complex variable and their properties, complex line integrals, and some classical results such as the Maximum-Modulus principle, Taylor and Laurent series, Residue Calculus, and the Fundamental Theorem of Algebra.",
MTH,970,Mathematics Independent Study/Research,,,,Each independent study/research course is to be designed in consultation with a faculty sponsor.,
MTH,975,CUE: Directed Research,1,"MTH 240 Transition to Abstract Mathematics, departmental and instructor approval.",,"Students will design, execute, and complete a mathematical research project which involves at most two students. This project will be supervised by a department faculty member. A project can involve original research initiated at Muhlenberg or it may be a follow-up independent study to extend summer work completed during a Research Experience for Undergraduates. A CUE project must be formally proposed by the student(s) and approved by the department by the end of spring semester of the junior year. Project requirements will include a paper detailing the mathematical work completed and a presentation at an appropriate local/regional/national mathematics' meeting outside of Muhlenberg, as well as any additional requirements imposed by the faculty supervisor. Open only to mathematics majors who are completing their last two semesters in which they registered for classes on campus.",
MTH/STA,331,Probability,1,MTH 122 Calculus II.,,"This course is a thorough introduction to discrete and continuous probability distributions, laws of expectation and variance, and functions of variables. It also explores relationships between multiple random variables through joint distribution functions, independence, and covariance. The course provides a firm foundation for deriving the central limit theorem and commonly-used distributions in statistical inference. The topics covered in this course mirror those found on the actuarial Exam P.",
MTH/STA,332,Mathematical Statistics,1,STA 119 Statistical Analysis and MTH/STA 331 Probability.,,"This course examines the mathematics underpinning statistical distributions, how confidence intervals are formed, and the foundations of hypothesis tests. Computer simulations of distributions, such as bootstrap distributions and null distributions, are used in conjunction with mathematical theory employing tools from probability and statistical analysis.",
MUS,101,Introduction to Music,1,,,"In this course, students will develop the listening skills and musical vocabulary that will equip them to think, and write, about music from analytical and critical perspectives. Students will explore topics such as musical form, improvisation, and the intersection of music with race, gender, and culture. A diverse listening repertoire for this course will be drawn from the folk, popular, and art music traditions of Africa, the Americas, Asia, and Europe. No musical background is needed. May not be counted towards the music major or minor.",
MUS,102,Fundamentals of Music,1,,,"An introductory engagement with the main aspects of music theory and practice, including rhythm, intervals, scales and keys, melody, harmony, and form. Includes listening, music reading, and expressing musical ideas in sound through improvisation and written notation. Primarily for students without little or no musical training. This course can be used as preparation for Engaging with Music I.",
MUS,104,"Pop, Rock, & Soul",1,,,"In this course students will explore the vital role of popular music in U.S. society, gaining a deeper understanding of this music's relationship to politics, the marketplace, technology, and racial, sexual, and class identities. Students will develop music analytical skills to help them identify key stylistic features of pop music's various genres, including rhythm & blues, rockabilly, doo-wop, soul, folk rock, psychedelia, progressive rock, funk, disco, new wave, and hip hop. Throughout the semester, we will investigate these styles by studying a repertory of hits by performers and producers including Elvis Presley, The Beatles, Phil Spector, The Supremes, Bob Dylan, Jimi Hendrix, Led Zeppelin, James Brown, The Clash, and Public Enemy. In discussions, listening exercises, and writing assignments, students will engage with recent scholarship from the fields of musicology, ethnomusicology, history, sociology, and popular culture studies.",
MUS,140,Music and Technology,1,,,"This course will consider contemporary and historical classical, popular, and experimental genres of music that use twentieth and twenty-first century mechanical, analog, and digital technologies - from the player piano to the laptop orchestra. It will invite students to ask ethical questions about using recorded samples; grapple with philosophies of technology and notation; and explore changing definitions of sound and music. Students will also create original works using the program Ableton Live. Projects will include designing an original ringtone, constructing a soundscape, and an individual final project that, depending on individual interests, might take any of the following forms: writing an EDM song or hip hop track, recording a multi-track solo a cappella recording, building an electronic instrument, or constructing a sound walk.",
MUS,150,Engaging with Music I,1,Ability to read music and match pitch or MUS 102 Fundamentals of Music,,"What will musicians in the 21st century need to know and be able to do? How will we engage with musics from non-Western cultures, vernacular traditions, and Western European concert repertoires? Engaging with Music I will introduce and develop technical, analytical, and aural skills through hands-on music making exploring global conceptions of pitch, rhythm, timbre, texture, and formal structures through performance. We will engage written and oral traditions which may include Hindustani ragas, jazz, Western European tonal music, hip hop, Arabic maqāmāt, madrigals, and the blues. These activities will be framed by a critical examination of structures of power, privilege and function across issues of race, ethnicity, religion, gender and class.",
MUS,151,Engaging with Music II,1,Ability to read music and match pitch or MUS 102 Fundamentals of Music,,"Engaging with Music II will build on the skills, knowledge and conceptual framework of Engaging with Music I. We will continue our study of musics from non-Western cultures, vernacular traditions, and Western European concert traditions taking a recursive approach in which we circle back upon previously-studied musics and cultures developing higher-level skills grounded in greater depth of understanding and positionality. These abilities will, in turn, be extended through engagement with further musics and cultures in non-Western, vernacular, and Western European concert traditions.",
MUS,217,"""One Nation Under a Groove""?: American Music",1,,,"What makes ""American"" music? What are the stakes in defining ""American Music""? Who decides what is ""American""? These are the questions that guide us as we study music from a variety of traditions that may include iconically American genres—jazz, blues, folk musics, popular styles and American ""experimental"" music—as well as traditions of immigrant and migrant communities with transnational ties and connections, including salsa , Cantonese opera, and klezmer traditions in their U.S.-American manifestations.",
MUS,219,Opera as Global Musical Theatre,1,Ability to read music or permission of the instructor.,,"Operatic performance is at once a historical and a living tradition. Accordingly, we will examine operas as historically embedded works, shaped by the economic and political circumstances, cultural contexts, and aesthetic expectations of particular composers and audiences at particular times. Yet because opera realizes historical works in the present context, we will also study operatic performance itself as a text, examining the ways that the very pliability of the operatic tradition allows contemporary directors and audiences to question, probe, or revise standard interpretations of a given work.",
MUS,221,Western Music History I: Medieval to 1750,1,Ability to read music or permission of the instructor.,,"This course concerns the history of music from the early Christian period through the mid-eighteenth century and addresses current debates in historical musicology. Readings, score analysis, listening, and writing assignments trace the development of composition and performance practices and their relationship to cultural and intellectual perspectives. In these ways, students will consider music as a way of knowing our world and the composers, performers, patrons, and listeners who made this music possible. Topics may include Gregorian chant, the development of polyphony, sacred and secular vocal music during the Renaissance, the rise of national styles, the music of the Lutheran Baroque, ending with the High Baroque, and music by Johann Sebastian Bach and George Fredric Handel.",
MUS,222,Western Music History II: 1750 to the Present,1,Ability to read music or permission of the instructor.,,"This course concerns the history of music from the mid-eighteenth century through the present and addresses current debates in historical musicology. Readings, score analysis, listening, and writing assignments trace the development of composition and performance practices and their relationship to cultural and intellectual perspectives. In these ways, students will consider music as a way of knowing our world and the composers, performers, patrons, and listeners who made this music possible. Topics may include mid-eighteenth century musical styles and schools, the Viennese classicists (Haydn and Mozart), Beethoven and the Romantic expansion of form and technique, opera, the beginnings of modernism (Debussy, Stravinsky), and more recent developments since World War II extending into the twenty-first century.",
MUS,223,Jazz Theory & Improvisation,1,MUS 151 Engaging with Music II.,,A study of improvisational techniques from the jazz tradition. Readings and listening assignments; analysis and performance projects.,
MUS,229,World Music,1,Ability to read music or permission of the instructor.,,"A study of the role of music and musical-theoretical systems in non-Western cultures. Class discussions based on primary and secondary source readings and writing assignments are balanced with music practicums to insure musical-theoretical, historical, and cultural issues are grounded in musical performance. Issues of authenticity, power, and cultural confluences are examined through a variety of methodological approaches to develop analytical and creative thinking skills. A culminating research paper and aural presentation provide students with an opportunity to explore an area of their own interest in greater depth, refine their written and aural communication skills, and increase breadth of knowledge for the entire class.",
MUS,235,History of Jazz,1,Ability to read music or permission of the instructor.,,"History of Jazz will trace the roots and origins of Jazz from the late nineteenth century to recent innovations in the twenty-first century. Swing, the big band, bebop, modal jazz, free jazz, and ""modern"" jazz will be explored applying three methodological approaches: musical-theoretical, ethnomusicological, and historical. The musical-theoretical approach will focus on structural and technical aspects of the music from a compositional and performance perspective. Ethnomusicological approaches will be used to examine issues of race, power, and identity from social, political, and economic perspectives through primary and secondary ""texts"" including books, articles, films, and interviews. Finally, historiographic readings of musical-theoretical and ethnomusicological methodologies will be considered to evaluate the ways in which methodological theories and practices evolve over time.",
MUS,"238, 239","Empire, Madness and Decadence in Fin-de-Siècle Vienna",1,,,"In this course, we examine music in Vienna (and beyond, to the broader Hapsburg empire) alongside broader shifts in Viennese culture from the time of Beethoven's Ninth Symphony to the early post-WWI era. By focusing on this relatively narrow temporal and geographical span, we will examine the interconnections among the arts in Vienna in late romanticism and early modernism. Questions that will shape our discussions include ""How are political trends—Viennese liberalism and the reaction against it—reflected in the arts and discourse about them,"" ""What consequences did the revolutions in thought about psychoanalysis, gender, and sexuality have for in the arts, and how did artistic works in turn shape the ways these ideas were understood?,"" ""How did the mythology around Beethoven shape not only music of the romantic era but romantic art more broadly?"" and ""What role did artists play in shaping ideas about identity in a multi-racial, multi-ethnic state like the Hapsburg empire?"" Texts studied may include texts by Freud, Schnitzler, Hofmaansthal, art by Gustav Klimt, Egon Schiele, and Oskar Kokoschka, architecture by Otto Wagner, Gottfried Semper, and Adolph Loos, and music by Beethoven, Hugo Wolf, Gustav and Alma Mahler, and Johann and Richard Strauss.",
MUS,244,Music & Gender,1,,,"In the last thirty years, work in musicology and ethnomusicology has dramatically altered the ways that we understand gender and its role in shaping the way music is created, performed, produced, consumed, and understood. This class builds upon the foundations of that scholarship. In it, we will think both historically and comparatively about the ways that ideas about the meanings of gender and its role in shaping ideas about and roles within particular musical practices. Reading may include selections from feminist theory, queer theory, musicology, and ethnomusicology, and listening examples may include examples of concert music by women composers (from Hildegard to Tania Leon), Western and Chinese operas, popular and traditional music from around the globe, blues and jazz.",
MUS,246,Musics of Brazil,1,,,"This course examines Brazilian musics in the folk, popular, and concert traditions attending particularly to the way Brazilian musics articulate ideas about ethnic, racial, regional, and national identities in a globalized world. We consider the ways Brazilian music takes shape within and against the country's tumultuous political history, examining moments of political and cultural critique and collaboration. Texts for the class are drawn from both secondary sources-articles and books written by scholars-and primary sources, including movement manifestos, song texts, and first-person accounts by performers and composers. Many of the traditions that we will discuss are aurally and orally transmitted, and we will perform them in order to develop a visceral understanding of the music's organization.",
MUS,248,Music & Race,1,,,"This class uses music as a lens to interrogate the ways race and racial hierarchies are constructed, reified, or challenged in transnational contexts. Traditions studied in the course may include Afro-diasporic traditions associated with resistance to racism and colonialism in both national and global contexts (jazz, soul, funk, hip-hop, maracatu , reggae ), works and styles that cross and problematize racially-coded generic boundaries (""symphonic jazz,"" Peking-Western opera fusions like Tan Dun's The First Emperor , Babatunde Akinboboye's ""hip-hopera""), and the works of minoritized composers within Western concert music.",
MUS,251,Theory & Practice in Western Tonal Music,1,MUS 151 Engaging with Music II or permission of the instructor.,,"Focused development of skills and concepts from Engaging with Music I and II, engaging with harmonic syntax, phrase structures, melodic embellishment, tonicization, modulation, borrowed beat divisions, syncopation, swing rhythm, and improvisation.",
MUS,313,Form & Analysis,1,MUS 251 Theory & Practice in Western Tonal Music.,,"A survey of musical forms from the smallest units of structure (motive, phrase) through binary, ternary, rondo, and sonata forms, as well as fugal practices. Constant analysis of music of all periods embodying various structural principles. Reading and listening assignments; semester project.",
MUS,317,Counterpoint,1,MUS 251 Theory & Practice in Western Tonal Music,,A study of counterpoint focusing on the contrapuntal practices of the Renaissance and Baroque periods. Analysis and written exercises leading to several composition projects. Readings from historical treatises; secondary source readings and listening assignments.,
MUS,328,Methodologies & Epistemologies in Music,1,MUS 151 Engaging with Music II or permission of the instructor,,"What does it mean to study music? How do we understand music's meanings? What are the methods and approaches we use to do so? In this course, students will reflect on how we construct knowledge in music by practicing the ethnographic, historical, and analytical methodologies that correspond most commonly with ethnomusicology, musicology, and music theory. Students will also examine approaches to thinking about meaning in music whose influence stretches across these subfields and out towards other disciplines (sound studies, phenomenology, semiotics, etc.). The final project will draw from a combination of these methodologies and approach a subject of the student's own choice.",
MUS,"340, 341",Composition Workshop I & II,0.5,MUS 151 Engaging with Music II or permission of the instructor.,,"Introductory group classes in composition with emphasis on the creation of original work. Students will complete multiple short pieces exploring specific parameters such as pitch, rhythm, texture, form, and text setting, as well as projects based on individual interests. Students will regularly share their works with the class, and organize performances of their music for an endof-semester concert. The class will also study a diverse repertoire of music with the goal of developing compositional technique and an individual expressive voice.",
MUS,350,Orchestration,1,MUS 251 Theory & Practice in Western Tonal Music or permission of the instructor.,,"A systematic study of the capabilities of the instruments of the orchestra in musical composition. A thorough understanding of these capabilities will be mastered through a study of selected works for solo instruments, chamber works, and orchestral literature. Readings and listening assignments; analysis and written exercises; semester project.",
MUS,351,Theory & Practice in Western Chromatic Music,1,MUS 251 Theory & Practice in Western Tonal Music or permission of the instructor.,,"Focused development of skills and concepts of Western chromatic music including: mode mixture and altered scale degrees, enharmonic practices, chromatic sequences, common-tone chords and modulations, chromatic key relationships, as well as the melodic and rhythmic features of concert music, ragtime, jazz, the blues, and popular music, including super-subdivided beats, asymmetric meters, cross rhythms, and improvisation.",
MUS,352,Theory & Practice in Western Post-Tonal Music,1,MUS 251 Theory & Practice in Western Tonal Music or permission of the instructor,,"An exploration of the extraordinary variety of trends that have evolved in Western concert music since 1900. Students will use appropriate analytical methods for understanding these musics, engage with primary and secondary source readings to understand their context, and compose short pieces using the techniques studied. Topics may include minimalism, atonality, serialism, modernism, impressionism, noise, polystylism, chance operations, improvisation, electronic music, and performance art.",
MUS,"440, 441",Composition Workshop III & IV,0.5,"MUS 340, 341 Composition Workshop I & II or permission of the instructor.",,"Individual weekly lessons in advanced music composition. Students will complete substantial self-directed projects leading to performance. Listening and analysis will be assigned as needed. These courses may serve as the CUE in the theory/composition concentration, and may be repeated for credit.",
MUS,900,Class Applied Music,0.5,,,"Class study in voice, piano, conducting, or diction, as available. An extra fee is charged.",
MUS,901,Individual Applied Music - First Area,0.5,,,Individual lessons. An extra fee is charged.,
MUS,911,Individual Applied Music - Additional Area,0.5,,,Individual lessons in another area. An extra fee is charged.,
MUS,920,Techniques Course,0.25,Permission of the instructor.,,Technique development for students involved in the Moravian Music Education Certification Program.,
MUS,931,Applied Music - Senior Recital I,0.5,,,Preparation for a senior recital. An extra fee is charged.,
MUS,932,Applied Music - Senior Recital II,0.5,,,Preparation for a senior recital. An extra fee is charged.,
MUS,"935, 945",College Choir,0 (0.5 units when offered as 945),,,"College Choir is a large mixed chorus, open to all students by audition or permission of the instructor. Previous choral experience and music literacy skills are helpful but not required. Students are introduced to a wide variety of sacred and secular music in various styles and languages. In addition to learning pieces for performance, students also investigate their repertoire in terms of historical context, social significance, religious and philosophical tradition, stylistic interpretation, textual meaning, poetic construction, and music compositional techniques. Singers hone their musicianship skills (hearing, sight-reading, intonation, ensemble awareness), increase their musical vocabulary, expand their stylistic horizons, improve their abilities in diction and text interpretation, and develop a confident and professional stage presence. The College Choir rehearses twice weekly, performs several times each semester, and constitutes the musical core of the annual Candlelight Carols services in December.",
MUS,"936, 946",Chamber Choir,0 (0.5 units when registered as 946),,,"Chamber Choir is a small, select choral ensemble open to all students by audition or permission of the instructor. Advanced musical skills are required. Students are introduced to a wide variety of sacred and secular music in various styles and languages. In addition to learning pieces for performance, students also investigate their repertoire in terms of historical context, social significance, religious and philosophical tradition, stylistic interpretation, textual meaning, poetic construction, and music compositional techniques. Singers hone their musicianship skills (hearing, sight-reading, intonation, ensemble awareness), increase their musical vocabulary, expand their stylistic horizons, improve their abilities in diction and text interpretation, and develop a confident and professional stage presence. The Chamber Choir rehearses twice weekly and performs several times each semester, including the annual Candlelight Carols services in December.",
MUS,"937, 947",Treble Ensemble,0 (0.5 units when registered as 947),,,"A vocal ensemble open to students who sing in the treble range, regardless of gender identity and expression, open by audition or permission of the instructor. Previous choral experience is recommended but not required. The Ensemble meets twice per week. Because there are two to four student-led sectionals each semester, students are expected to spend additional time learning music independently. Treble Ensemble performs concerts of various styles each semester on campus and, occasionally, off-campus.",
MUS,938,Opera Workshop,0.5,,,The Opera Workshop is designed to give advanced vocalists an opportunity to explore and perform operatic solo and ensemble pieces. Members must be concurrently enrolled in Individual Applied Music MUS 901/911 for Voice.,Open to advanced students by instructor permission.
MUS,939,Collegium Musicum,0,,,The Collegium musicum is a select group of vocalists and instrumentalists. The ensemble is dedicated to the performance of late Renaissance and early Baroque music. Vocalists develop their skills singing one voice per part and instrumentalists perform on period instruments. The Collegium musicum performs one concert per semester.,
MUS,"940, 951",Chamber Orchestra,0 (0.5 units when registered as 951),,,"The Chamber Orchestra consists of 20-30 string players plus winds, brass, and percussion, and performs works from the eighteenth, nineteenth, and twentieth centuries. The ensemble performs one concert each semester.",
MUS,941,Musica da Camera,0,,,"This ensemble performs chamber music for winds and strings from the Baroque to the twentieth century. Rehearsals are collaborative, and students take leadership roles. One concert each semester and special events by request.",
MUS,"942, 952",Wind Ensemble,0 (0.5 when registered as 952),,,The Wind Ensemble provides performance opportunities in traditional and contemporary concert music for interested and qualified wind and percussion players.,Open to all students with permission of the director. Rehearsals are held twice weekly. Participation in all performances required.
MUS,"943, 953",Jazz Big Band,0 (0.5 units when registered as 953),,,The Jazz Ensemble is a select group of 20-25 members that performs a wide variety of jazz styles. There is one rehearsal a week and several performances take place during the year.,
MUS,"944, 954",Jazz Improvisation Ensemble,0 (0.5 units when registered as 954),,,"This group is devoted to the study and performance of improvised music. Students participating in the ensemble explore traditional, progressive, and experimental forms of jazz in order to develop a wide range of approaches to improvisation. The ensemble performs one concert each semester.",
MUS,950,Small Ensembles,0,,,"Various types of small groups including flute ensemble, percussion ensemble, chamber music, etc.",
MUS,960,Music Internship,,,,"Each internship is to be designed in consultation with a faculty sponsor and an on-site supervisor, and will include an academic project to be defined by and submitted to the faculty sponsor for evaluation. Graded Pass/Fail only.",
MUS,970,Music Independent Study/Research,,,,Each independent study/research course is to be designed in consultation with a faculty sponsor.,
NSC,201,Mind & Brain,1,,,"The major trajectory of this course is to evaluate the project of neuroscience, and in so doing, assess the possibility that the mind is manifested in and caused by the brain. We will consider neural arguments about various states of mind, including dreaming, language, selfhood, agency, attention, and intention from a variety of disciplinary and interdisciplinary perspectives. Class discussions will center on working definitions of consciousness, experimental approaches to consciousness and self-knowledge, and dysregulations of mind. A laboratory will explore systems of consciousness from a physiological and phenomenological perspective.",
NSC,205,"Sex, Gender & the Brain",1,,,"We will explore the biological and neurobiological basis for sex/gender differences across many species, including humans. We will briefly discuss evolutionary explanations: Why did sex evolve? What evolutionary mechanisms lead to sex differences? We will examine genetic, hormonal, and neural explanations. In many species, adults change sex – how does this happen? Are there sex differences in certain areas of the brain? If so, how are these neural differences related to behavior? How do lived experiences contribute to sex/gender differences? We will explore why neuroscientists often ignore the sex/gender of their study subjects, and we will contemplate the consequences of considering sex/gender as meaningful characteristics within neuroscience.",
NSC,206,Rethinking Drugs & Drug Abuse,1,,,"A foundational study of pharmacology including neuroscientific, chemical, and historical points of reference. We will discuss the pharmacological principles of drug action, including the absorption, distribution, elimination, and dose-behavior relationships of key drug families as well as the putative mechanisms by which these drugs act on targets in biological tissues. Will also examine the biological basis of drug addiction and the ways in which the scientific characterization of pleasure-reinforcing drugs has been shaped by neuroscience data. Key course readings and discussions will frame the myriad beliefs that underpin narratives and stigmas surrounding drug use and science-based drug policy. We will consider the representation of drugs in both science and society and the resulting consequences for drug regulation, research, and education.",
NSC,300,Brain & Behavior,1,PSY 101 Introductory Psychology or permission of the instructor,,"An examination of the biological basis of behavior in humans and other animals at the systems level. Topics will include neuroanatomy, brain-behavior mapping, sensory and motor systems, and other cognitive and behavioral domains, dependent on the specific expertise of the instructor on record. Research methods of behavioral, cognitive and clinical neuroscience will be introduced through class discussions, relevant primary literature, and laboratory investigations.",
NSC,301,Neurons & Networks,1,BIO 175 From Organisms to Molecules or permission of instructor,,"An exploration of the molecular and cellular foundations of nervous system function. Topics discussed will include the ionic and electrical properties of neurons; the biochemistry of synaptic signaling; structure and function of ion channels and neurotransmitter receptors; neuronal and synaptic plasticity; and the functional regulation of basic neuronal circuits. Research methods of cellular and molecular neuroscience will be introduced through class discussions, relevant primary literature, and laboratory investigations.",
NSC,302,States of Consciousness,1,NSC 201 Mind & Brain or permission of the instructor.,,"Critically examines the recent attempts by neuroscience to resolve the neural correlates of various states of consciousness. Our class conversations will broadly center on the philosophical and physiological traditions that guide this work. We will closely study the putative neural underpinnings of several states of consciousness, including sleep/dreaming, pain, meditation, ecstasy, and coma; in parallel, we will discuss how the resolution of neural function shapes and is shaped by social structures and cultural meanings.",
NSC,304,Receptors & Channels,1,NSC 301 Neurons & Networks or BIO 220 Biochemistry or permission of instructor.,,"A critical discussion of the structural and physiological principles of neurotransmitter receptor and ion channel signaling. Course lectures will introduce the foundational theories and methods of molecular pharmacology, biophysics, and structural biology. Topics discussed will include structural determinations of membrane proteins; receptor-ligand interactions; allosteric signaling of receptors; channel kinetics; and protein-protein signaling associations. Relevant primary literature will be introduced through class discussions and independent critical analyses.",
NSC,305,Hormones & Behavior,1,BIO 165 From Ecosystems to Organisms or permission of the instructor,,"In this course, we will examine the bidirectional relationship between the nervous system and the endocrine system - how does the brain regulate hormone secretion? How do hormones alter processes within the brain? We will explore how these interactions regulate physiology and behavior across vertebrates. Focusing on the structure and function of the neuroendocrine system, we will discuss neuroendocrine control of a wide variety of processes, including reproduction, appetite, biological rhythms, aggression, and stress responses Through labs, lectures, and class discussions you will become familiar with the modern behavioral neuroendocrinology ""technical toolkit"" and conversant in the basic elements of experimental design.",
NSC,"308, 309",Embodied Cognition,1,,"Corequisite for 309: PSY 218 Cognitive Processes 
 
 Prerequisite for 308: Has taken any PSY course and any NSC course, or permission of instructor.","Explores an increasingly influential and popular research program in cognitive science in which brain function is investigated in the context of bodily interactions with the material, social, and cultural environment. Class discussions integrate research from neurophysiology, ethology, ecological psychology, computational theory of mind, philosophy of science, phenomenology, cybernetics, and dynamical systems theory. The course also includes experiential and experimental investigations and demonstrations of the embodied and situated nature of cognition.",
NSC,311,Philosophy of Neuroscience,1,"Student has taken any PHL course and any NSC course, or instructor permission.",,"This course investigates the many important connections that exist between neuroscience and philosophy. We will look at how philosophy engages with the discipline of neuroscience from the outside. In this role, philosophers might ask questions like: what constitutes a good scientific explanation in neuroscience and why, what are the theoretical concepts used by neuroscientists, and where do these come from? We will also analyze and look at examples of philosophers working inside the discipline, directly contributing to neuroscientific debates as opposed to analyzing neuroscientific inquiry in a more detached way. Finally, we will spend some time looking in the other direction; What role can neuroscience play in addressing foundational philosophical questions?",
NSC,313,Neuropharmacology & Cell Signaling,1,BIO 175 From Organisms to Molecules or permission of instructor,,"A critical discussion of pharmacology and signal transduction in a broad range of signaling pathways particular to the nervous system. Course lectures will introduce the evolving perspectives and methods of cell and network physiology, signaling mechanisms and their regulation, as well as the actions of drugs on those mechanisms. Students who complete this course will be able to describe, at an integrative level, the chemical signals that underlie behavior as well as the drugs that modulate these
 signals so as to change behavior. Topics discussed will include neurotransmitter systems, the neural substrates of drug action, pharmacokinetics, neuropeptides, and the possible neuropharmacology of neural disorders.",
NSC,401,CUE: Advanced Seminar in Neuroscience,1,Majors will receive permission of the Chair when matriculating as Seniors.,,"This course serves as a graduate-style seminar for the senior neuroscience major and will stress critical reading and discussion of primary texts, as well as independent research writing. All students complete a novel, comprehensive research grant proposal. Course topics are regularly changed based on faculty interest and timely topics within the field. Past topics have included olfaction and insect foraging behavior; numerical cognition; neuropsychiatric disorders; sleep, dreaming, and meditation; stress; cognitive multitasking; and the physiology of flavor.",
NSC,970,Neuroscience Independent Study/Research,,,,Each independent study/research course is to be designed in consultation with a faculty sponsor.,
PBH,"200, 201",Issues in Public Health,1,,,"Using a topical approach, this course is designed to introduce students to the wide variety of disciplines associated with the field of public health. The course will highlight the social and structural determinants of health, examining these factors through historical, biological, economic, psychological, and political lenses. Students will learn to apply the public health problem-solving paradigm and examine key principles of epidemiological research, while investigating the complex relationship between research, policy, and communication in maintaining the health and safety of the public.",
PBH,205,The Ethics of Public Health,1,,,"When is health a public concern? How should the interests of individuals be balanced with protecting the public's health? This course will examine ethical issues associated with public health policy and practice. Students will be introduced to key public health ethics frameworks and concepts, such as autonomy, paternalism, the precautionary principle, and justice. Students will have the opportunity to apply these principles to a wide range of important and often-controversial public health issues, including vaccination policies, pandemic containment measures, disease surveillance and privacy concerns, preventing injuries and diseases associated with personal behaviors, and the regulation of environmental toxins.",
PBH,245,AIDS/HIV in the Lehigh Valley,1,,,"This course is designed as an introduction to science communication and archive studies as they inform public health, focusing on understanding and presenting new narratives of the history of HIV/AIDS in the Lehigh Valley. We will explore how the information scientists produce gets to other scientists, the media, policymakers, and the public at large, with a focus on how this process impacted and impacts the response to HIV/AIDS. Students will examine the history of the field of science communication, challenges with current models of scientific communication, and case studies from the current literature. The course additionally introduces the principles and practices that archivists and records managers apply, including appraisal, arrangement, preservation, and management, within the context of exploring the Lehigh Valley LGBT Community Archive, including the newly acquired archives of Fighting AIDS Continuously Together (FACT). We will work with several community partners to discover and present the story of HIV and AIDS in the Lehigh Valley, as well as using current and archival materials to compare the history of HIV and AIDS in the Lehigh Valley to that of the larger U.S. narrative.",
PBH,250,Fundamentals of Epidemiology,1,"PBH 200, 201 Issues in Public Health and STA 119 Statistical Analysis or PSY 103 Psychological Statistics",,"This course will cover the basic concepts of epidemiology and biostatistics as applied to public health problems, with emphasis on the principles and methods of epidemiologic investigation and appropriate summaries and displays of data. Topics include study design, measures of disease frequency and association, bias, confounding and effect modification, causality, screening and disease surveillance.",
PBH,254,Public Health & the Law,1,,,"This course will examine the way in which the U.S. legal system has dealt with complex issues involving public health and scientific research. The course will introduce students to basic principles of law, the federal and state court systems, rules of evidence, class action certification, and the progress of a lawsuit. Seminal court decisions defining what constitutes scientific reliability will be analyzed, as well as court decisions involving matters as diverse as mandated health care, the ownership of body parts, legal liability for causes of cancers and autism, and copyrighting genomic sequences, plus others. Students will be challenged to analyze majority and dissenting opinions in significant court decisions, as well as opinions and interpretations in secondary sources, and to write responses to issues involved in current public health controversies. Both independent and group work will be emphasized.",
PBH,275,Introduction to Maternal and Child Health,1,,"PBH 200, 201 Issues in Public Health","This course is an introduction to the issues surrounding maternal and child health. A broad range of topics will be introduced to provide students with knowledge about the domestic and global challenges that affect women, infants, children and families. These challenges will be viewed in terms of their adverse health consequences. Additionally, we will focus on examples of evidence-based interventions for protecting health and reducing harm, including policies and practices related to health disparities and inequities.",
PBH,325,Introduction to Global Health,1,"PBH 200, 201 Issues in Public Health",,"This course provides an introduction to global health as a field that addresses public health issues transcending national boundaries, and as an area of study that prioritizes achieving health equity for people worldwide. Topics include defining global health, discussing historical developments that shaped the emergence of the field, and examining principles of global health delivery, health systems strengthening, pandemic response, globalization, and social change.",
PBH,327,Public Health in Panamá,1,SNC 102 - Communication in Spanish I or permission of instructor.,,"The study of public health is rooted in the notion that health is both a human right and the product of multiple and varied factors. In this course we will put that notion to the test, considering the global objectives for good health and the medical, environmental, socioeconomic, and political elements that facilitate -or hinder- achievement of those goals. In particular, we will examine the case of Panamá, preparing research projects over the course of the semester that will then be completed using data and experiences from a two-week visit to Panamá. Areas of focus include access to potable water, control of mosquito breeding areas, women's health issues, language access in areas where other languages or illiteracy dominate, intersections of institutional health and local cultural practices, and funding policies for health centers in marginal and indigenous regions. To consolidate a sustainable relationship with our Panamanian partners, we will also design and complete a service project at a rural hospital. The class is conducted in English with Spanish. The Spanish language component of the course includes an introduction to essential communication for healthcare and public health interviews; more advanced Spanish students will be introduced to the skills of oral interpreting and transcription.",
PBH,350,Environmental Health,1,"PBH 200, 201 Issues in Public Health and PBH 250 Fundamentals of Epidemiology and at least one science course from Group 3 or List A.",,"A study of the impact of environmental quality on the health of populations, this course addresses the societal and environmental factors that increase the likelihood of exposure and disease. Topics include the potential health effects of exposure to hazardous substances in air, water, soil, and food; natural disasters; physical hazards; climate change; the impact of food production on the environment; and the built environment.",
PBH,451,CUE: Infectious Disease Epidemiology,1,"PBH 200, 201 Issues in Public Health, PBH 250 Fundamentals of Epidemiology, and PBH 325 Introduction to Global Health.",,"Zika. Dengue. Ebola. Chikungunya - all words that have become part of the mainstream vernacular in recent years. These infectious diseases and others contribute to a worldwide public health crisis. Globally, they are the cause of millions of deaths and chronic illness among children and adults, especially in developing countries. Infectious Disease Epidemiology (IDE) is a specific area of study within the field of Public Health that involves the study of the prevalence, incidence, and determinants of infections in populations. The goals of this new course are to use infectious disease epidemics as a model for understanding how the social determinants of health such as socioeconomic status, culture, traditions, education levels, employment, and access to health care contribute to global morbidity and mortality rates; to examine how various agencies and non-governmental organizations who respond to and control epidemics on both a domestic and global scale are helped and hindered by politics and economics; and, to examine epidemics throughout history to determine what lessons can be learned from the past to help us deal with future epidemics more effectively.",
PBH,452,CUE: Playing Through It? Sports and Public Health,1,"PBH 200, 201 Issues in Public Health and PBH 250 Fundamentals of Epidemiology",,"Youth sports are often portrayed as the solution to social ills, such as obesity and sedentary lifestyles, as well as the source of public health crises, from traumatic brain injuries to bullying. How to promote the health benefits of sports while minimizing the harms raises myriad historical, ethical, medical, social, and political questions. This course will offer an interdisciplinary look at a range of past and present debates at the intersection of youth sports and health. Athletes' health will be broadly defined, including physical safety, mental and emotional well-being, access to education, and social disparities.",
PBH,960,Public Health Internship,1,,,Majors are eligible for internship programs with the approval of the department.,
PBH,970,Public Health Independent Study/Research,0.5-1,,,Each independent study/research course is to be designed in consultation with a faculty sponsor.,
PBH,975,Public Health Research Explorations,0.5,,,Each research exploration course is to be designed in collaboration with a faculty sponsor. This pass/fail course does not count towards the Public Health major or minor.,
PEP,960,Political Economy Internship,1,,,Internship,
PHL,105,Conduct & Character,1,,,"An introduction to philosophical ethics. Students explore standards of ethical conduct, principles of fairness, moral virtue, and human well-being. Questions examined include: how should we understand and define the notion of right action? What makes a distribution fair or just? What constitutes human well-being? What are the core elements of virtues like compassion, gratitude, empathy, and altruism? How do such virtues support and enhance human flourishing?",
PHL,106,Individual & Society,1,,,"An introduction to the field of philosophy through an exploration of selected problems in socio-political theory with special attention to those that confront us in contemporary social life. These might include the grounds for political authority, the nature of individuals and social groups, our knowledge of the social good, and the comparative roles of reason, power, and wealth in human relations. Specific topics may vary.",
PHL,110,Principles of Reasoning & Argument,1,,,"A study of the principles and methods of correct reasoning. The course is designed to promote the development of skills in recognizing, analyzing, and evaluating arguments. Both deductive and non-deductive inferences will be considered; identification of common fallacies in reasoning will be emphasized.",
PHL,134,Problems of Evil,1,,,"Misfortune, loss, suffering, and sorrow are inescapable facts of life. We don't like to dwell on these facts, and yet, somehow, we can't help it. We shake our heads as we spontaneously think: ""How can this be?"" ""Why did this happen?"" ""How can a person do that?"" In this class we will use a wide lens to examine the ways people have taken up, thought about, and tried to answer these questions. In addition, we will consider our options to responding to evil. Among other subjects, we will discuss responsibility, forgiveness, and making amends. No previous experience in philosophy is required.",
PHL,211,Formal Logic,1,,,"The formal analysis and assessment of deductive arguments using modern symbolic logic, including propositional and predicate logic.",
PHL,221,Ancient Greek Philosophy,1,,,"This course examines the beginnings of Western philosophy by studying the enduring philosophical issues in the works of Plato and Aristotle, with brief attention to their origins in pre-Socratic writings. We will focus on theories of poetry and art; soul/mind (psuche); love, friendship, and emotion; ethics and politics. We will read works such as Plato's Apology, Symposium, Republic and Timaeus ; and Aristotle's Poetics, Nicomachean Ethics, De Anima (On the Soul), and Politics .",
PHL,223,Modern Philosophy,1,,,"European philosophical thought during the seventeenth and eighteenth centuries. A study of some of the most important attempts to formulate a systematic world-view consistent with modern science and its implications for an understanding of persons, knowledge, and society. Included are the continental rationalists Descartes, Spinoza, and Leibniz; the British empiricists Locke, Berkeley, Hume; and the critical idealism of Kant.",
PHL,230,Philosophy of Race,1,,,"In this course, we will explore the philosophical assumptions behind the concept of race, its entanglement with identity, and the political consequences of racialization. Students will examine how race/raza developed within colonial anthropology and expanded into both biological and social formulations. Because concepts of race vary across cultures, we will draw from readings across historical, contemporary, and possible future racial categories.",
PHL,"233, 234",Philosophy and Spirituality,1,,,"This course focuses on philosophical issues arising from spiritual belief and practice broadly understood. Among others, the course will consider questions of the self, transcendence, spiritual practice, and moral psychology. A spectrum of belief and practice will be considered ranging from traditional forms of spirituality to contemporary approaches including naturalism. Course topics and materials will be drawn from a cross-cultural sample of historical and contemporary philosophical and religious texts.",
PHL,236,Philosophy & the Arts,1,,,"Art works and aesthetic objects are frequently held up as some of the most civilized and civilizing components of any society or community. Foundations preserve their contribution to identity and heritage, museums prolong their status in cultural memory, and institutions receive and distribute funding to ensure their continued role in education and social values. Yet art and aesthetics can also serve as powerful vehicles of critique and disobedience--sometimes attacking these very foundations, museums, and institutions, in addition to government and other individuals and bodies of power--in any given community or polity. In this course we will explore this double nature of art as both civil and disobedient. Readings will include authors and aesthetic genres from groups and geographic locations historically underrepresented in philosophy. Topics include race representation, gender identity, and class difference; classicism, modernism, and postmodernism; street art, kitsch, junkyards, jokes, and mass art, among others.",
PHL,239,Political Philosophy,1,,,"An examination of central issues and concepts in political philosophy in the work of historical and contemporary thinkers. Topics may include the meaning and value of liberty, equality, and justice; competing political perspectives such as anarchism, liberalism, conservatism, fascism, etc.; debates within particular perspectives; the grounds of political legitimacy and of political obligation.",
PHL,241,Bioethics,1,,,"This course examines ethical issues arising in health care, medicine, and the life sciences. Topics may include reproductive decision-making, end-of-life care, medical experimentation, emerging technologies, genetic and biological enhancement, among others. The course also considers broader social, political, and environmental factors that influence health outcomes and explores corresponding questions of justice, responsibility, and care. Drawing on multiple perspectives in bioethics and diverse philosophical traditions, students analyze the concepts of health, illness, and well-being and assess their ethical significance.",
PHL,242,Law & Morality,1,,,An examination of issues at the intersection of law and morality. Readings drawn from historical and contemporary thinkers as well as from legal texts. Topics may include the legitimate extent of legal control of individuals; the relation of legal validity and moral value; the role of moral reasons in judicial decision making; the nature of legal justice; legal obligation and forms of disobedience.,Not suitable for first year students
PHL,"244, 245",Business Ethics,1,,,"A survey of ethical issues that arise in the context of business. Topics include corporate social responsibility, consumer protection, moral and legal rights in the workplace, the meaning and value of work, supply chain ethics, environmental stewardship, and international business, among others. Issues are examined from individual, organizational, and social points of view; core concepts of ethical theory and political philosophy will structure and guide inquiry. Emphasis placed on critical thinking, evidence-based reasoning, and informed decision making.",
PHL,246,Environmental Philosophy,1,,,"Examination of several theoretical approaches to the question of human relations with the nonhuman world and to associated questions about valuation, society, and morality. Theoretical approaches include utilitarianism, Kantianism, and right-based moralities, along with contemporary developments such as biocentrism, critical social theory, ecofeminism, and deep ecology. Attention will be given to global South, non-Western, and transnational perspectives. Applied topics include sustainability and our responsibilities to future generations, population ethics and consumerism, environmental racism and indigenous rights, the moral considerability of animals, plants, and inanimate material, and moral issues surrounding climate change.",
PHL,256,Africana Philosophy,1,,,"This course introduces the tradition of thought produced by African-descended peoples across Africa, the Caribbean, the Americas, and Europe, with particular attention to the Caribbean as a crucial philosophical crossroads shaped by slavery, colonialism, revolution, and cultural fusion. This course asks the crucial question of how modernity's hymn of ""liberty, equality, and fraternity"" has coexisted with enslavement, racial hierarchy, and imperial domination. Proceeding historically from pre-colonial Africa, through slavery, decolonization, Pan-Africanism, and Black liberation movements, students engage with normative, metaphysical, existential and political questions that have structured Africana philosophy through the ages.",
PHL,311,Philosophy of Neuroscience,1,"Student has taken any PHL course and any NSC course, or instructor permission",,"This course investigates the many important connections that exist between neuroscience and philosophy. We will look at how philosophy engages with the discipline of neuroscience from the outside. In this role, philosophers might ask questions like: what constitutes a good scientific explanation in neuroscience and why, what are the theoretical concepts used by neuroscientists, and where do these come from? We will also analyze and look at examples of philosophers working inside the discipline, directly contributing to neuroscientific debates as opposed to analyzing neuroscientific inquiry in a more detached way. Finally, we will spend some time looking in the other direction; What role can neuroscience play in addressing foundational philosophical questions?",
PHL,"325, 326",Nineteenth and Twentieth Century European Philosophy,1,,,"European philosophical thought during the nineteenth and twentieth centuries. A study of some significant issues and projects- such as the developments of Marxism, existentialism, and critical social theory- in the wake of Kant's 'critical' philosophy and in a society increasingly shaped by scientific and industrial development. Readings will include selections by Marx, Kierkegaard, Nietzsche, Tolstoy, Dostoyevsky, de Beauvoir, and Fanon. *Note: This course will take a more literary approach.",
PHL,328,Philosophy of Mind,1,Any previous course in philosophy or NSC 201 Mind & Brain.,,"This course is a survey of the fundamental issues, controversies, and methods in contemporary philosophy of mind. Topics will include the relation between the mental and the physical, the problem of consciousness, perception, intentionality, mental causation, and the self. The course will also examine various methods for studying the mind, such as phenomenology, conceptual analysis, and natural scientific approaches.",
PHL,"331, 336",Evidence and Inference,1,Any previous course in philosophy.,,"This class explores the nature, scope, and sources of human knowledge and analyzes the role of evidence in belief formation, hypothesis testing, and theory selection. Diagnostic, explanatory, and causal inferences are studied, as well as predictive, and sample-to-population induction. Questions explored include: What is knowledge, and how is it acquired? What makes some beliefs more reasonable than others? What should we believe when evidence conflicts? How are hypotheses confirmed and disconfirmed? How do social location and intellectual virtue facilitate inquiry and discovery?",
PHL,332,The Fabric of Reality,1,Any previous course in philosophy.,,"An inquiry into the ultimate nature of reality and our relationship to it. What sorts of things exist? Does the world consist solely of material objects or does it also contain immaterial objects such as God, souls, or numbers? What is the relationship between the mind and the body? Do humans have free will? Can humans survive the death of their bodies? Do our best theories reveal the truth about reality or do they merely reveal the ideological biases of the dominant group? Topics may include realism vs. anti-realism; nature of space and time; persons, minds, and free will; the problem of universals; and the existence of God.",
PHL,"333, 334",Ethics,1,Any previous course in philosophy.,,"Examination of the theoretical structures and historical movement of predominantly western moral theories as well as of recent critical responses to traditional approaches. Perspectives typically covered include ancient and modern virtue theories, utilitarianism, Kantianism and its descendants, the critical views of Nietzsche or Marx, and contemporary Anglo-American work. Related issues, such as indeterminacy, pluralism, and the nature of moral judgment are also addressed.",
PHL,450-499,CUE: Seminar,1,,,"An investigation into a selected philosophical problem, text, thinker, or movement carried on by readings, discussions, and papers. The seminar is designed to provide majors, minors, and other qualified students with more than the usual opportunity to do philosophy cooperatively and in depth.",
PHL,960,Philosophy Internship,1,,,,
PHL,970,Philosophy Independent Study/Research,,,,Each independent study/research course is to be designed in consultation with a faculty sponsor.,
PHY,100-110,Physics for Life,1,No mathematical preparation beyond secondary school algebra and geometry is required.,,"Physics for Life is a collection of courses that introduce students to the concepts of physics and physical science. Through in-depth study of simple physical systems, students gain direct experience with the process of science. Each course in this collection concentrates on one or more topics, including but not limited to the following: properties of matter, heat and temperature, light and color, magnets, electric circuits, fluids, and motion. These courses are designed for students who do not intend to pursue further study or a career in physics or physical sciences.",The courses are not open to students who have completed PHY 121: General Physics I or PHY 122: General Physics II without permission of the instructor.
PHY,101,"Circuits, Science, & the World",1,,,"This course uses the study of electric circuits to introduce elements of the scientific method, including the construction of scientific models, testing of hypotheses, and problem solving with the use of a validated hypothesis. The majority of the course is conducted via guided inquiry with students largely formulating, testing, and refining their own hypotheses and very little traditional lecture. A second theme of the course is scientific literacy and how to think about scientific issues that can impact our day-to-day lives. One or more topics of current interest such as global climate change will be examined through the same lens as applied to circuits: What are the predictions of the relevant scientific models, and how well do they match the data? This course satisfies the environmental perspective for EDU certification.",
PHY,102,Theory to Tech,1,,,"An activity-based course designed to allow students to investigate some of the most ubiquitous features of the natural world such as light and sound. Using both laboratory equipment belonging to the College and student purchased electronics kits, topics as diverse as color perception and audio speakers will be explored. Online tools made available on Canvas will serve as the mechanism for students to undertake the activities, and extensive use will be made of both simulations and the mobile laboratory platform made available by the kits. Along the way, students will learn about electrical circuits, quantum mechanics, nuclear physics, and climate change. This course satisfies the environmental perspective for EDU certification.",
PHY,103,"Heat, Buoyancy, & Climate Change",1,,,"This course is a lab-based, inquiry driven introduction to concepts in physical science. The course focuses on heat, temperature, and buoyancy and their relationship to issues influencing global climate change. Students will develop fundamental scientific ideas through activities modeling scientific investigation. No mathematical preparation beyond secondary school algebra and geometry is required. This course satisfies the environmental perspective for EDU certification.",
PHY,104,"Light, Color, & Electric Circuits",1,,,"This course is a lab-based, hands-on introduction to basic concepts in physical science involving light, color, and electric circuits. Students will analyze simple systems in detail and through observations, develop basic physical concepts. A guided inquiry approach is utilized with an emphasis on scientific reasoning and the process of going from observations to conclusions. Students will work with different ways to represent physical ideas: in words, with diagrams, with formulas, and with graphs. Students will relate these ideas to real-world situations. Investigation of electric energy in circuits serves as a bridge to explore environmental aspects of energy usage. This course satisfies the environmental perspective for EDU certification.",
PHY,111,Introduction to Astronomy,1,,,"A study of the structure, motions, and evolution of the bodies of the physical universe. Emphasis is given to understanding physical principles and the techniques used by astronomers to study the universe. Topics of special interest include the structure of the solar system, the properties of stars, stellar evolution and collapse, the structure of galaxies, and cosmology.",
PHY,113,Cosmology: The Scientific Exploration of the Universe,1,,,"We are continually seeking the answers to the age-old questions about the origin, age, composition, structure, and ultimate fate of the universe. Just as the cosmos is changing, our views of the cosmos are changing as new observations and interpretations emerge. This course will examine the generally accepted cosmological models and the personalities responsible for these models from the time of the ancient Greeks up to the present. Each will be examined in light of the observational data available at the time. Primary emphasis will be given to understanding the most current observations about the universe and the prevailing inflationary Big Bang model of the universe.",
PHY,121,General Physics I,1,,MTH 121 Calculus I,"An introductory, calculus-based physics course. Discussions, demonstrations, and problem solving are emphasized during lecture periods. The activity-based component meets in the laboratory where concepts are explored through experimentation and other hands-on activities. Follow-up discussions, demonstrations, and problem solving are emphasized during lecture periods. Topics covered include one and two-dimensional kinematics and dynamics, momentum, energy, rotational kinematics and dynamics.",
PHY,122,General Physics II,1,PHY 121 General Physics I.,,"Topics covered are electrostatics, dc circuits, magnetism and electromagnetic induction, wave optics, ray optics. Follows the same weekly format as General Physics I.",
PHY,140,The Physics of Music,1,MUS 111 Music Theory I or permission of instructors.,,"The Physics of Music is designed for students with an interest in the phenomena of sound. This inquiry-based course offers hands-on activities to relate the physics of sound to the students' everyday experiences of music. The theoretical principles of music, the ways composers write, the design of musical instruments, and our perceptions of music all have their foundations in physics. By studying the physical principles of simple harmonic motion, resonance, harmonic series, waveforms, Fourier analysis and electronic synthesis, we will relate the science of sound to the art of music. Does not count toward the physics major or minor.",
PHY,213,Modern Physics,1,PHY 122 General Physics II.,,"An introduction to twentieth century developments in physics with an emphasis on the special theory of relativity, Rutherford scattering, introduction to quantum theory, atomic structure, and nuclear energy.",
PHY,216,Analog & Digital Circuits,1,PHY 122 General Physics II.,,"Through a mix of laboratory and classroom work students will build and analyze analog and digital circuits found in many scientific and computer applications. Specific topics include passive and active filters, electronic feedback, operational amplifiers, oscillators, A/D and D/A conversion, digital waveshaping, and instrumentation.",
PHY,226,Optics: From Lenses to Lasers,1,PHY 122 - General Physics II.,,"The student will explore the field of optics, starting with the fundamentals of waves and electromagnetic theory through geometrical and physical optics and culminating in the study of selected topics from modern optics. The modern topics may include lasers, optical data processing, holography, or nonlinear optics.",
PHY,235,Nuclear & Particle Physics,1,PHY 122 - General Physics II,,"Elementary particles are the building blocks of nature. The ""standard model"" describes the interaction of these building blocks and constitutes the most comprehensive understanding of the physical world in existence. An overview of the standard model will be presented as well as topics in nuclear physics. Discussion and hands on experience with particle detectors will be included.",
PHY,"241, 242",Thermal & Statistical Physics,1,PHY 122 General Physics II.,,"The laws of thermodynamics, their consequences, and applications. Kinetic theory of an ideal gas and an introduction to statistical mechanics.",
PHY,250,Simulating Science,1,PHY 121 General Physics I.,,"Computer simulations are an integral part of contemporary basic and applied science and computation is becoming as important as theory and experiment. The ability ""to compute"" is now part of the essential repertoire of research scientists. This course will introduce students to methods of computer simulation with applications to physics, biology, chemistry, and environmental science. Possible topics include chaotic dynamics (physics), how populations change with time (biology), the kinetic theory of gases (chemistry), and the change over time of pollution levels in lakes (environmental science). No programming experience is necessary. Elements of structured programming will be presented as needed.",
PHY,319,Analytical Mechanics,1,PHY 122 General Physics II and MTH 122 Calculus II.,,"A detailed study of the kinematics and dynamics of particles, systems of particles, and rigid bodies. Newtonian, Lagrangian, and Hamiltonian formulations of classical mechanics will be considered with applications to oscillators, gravitation, projectile motion in the presence of frictional forces, and motion in electromagnetic fields. Einstein's theory of special relativity will also be studied.",
PHY,329,Electromagnetism,1,PHY 319 Analytical Mechanics.,,"A study of electrostatics, magnetostatics, electrical currents, and their effects. Maxwell's equations are derived. Vector methods are stressed and field notation is used.",
PHY,341,Introduction to Quantum Mechanics,1,PHY 213 Modern Physics and PHY 319 Analytical Mechanics.,,Origin of quantum concepts; the wave function and its interpretation; the Schrodinger equation; treatment of the free particle; potential barriers and wells; the linear harmonic oscillator and the hydrogen atom. Representation of dynamical variables as operators and matrices; introduction to perturbation theory.,
PHY,450,CUE: Advanced Projects,1,"PHY 213 Modern Physics and PHY 216 Analog & Digital Circuits plus one of the following: PHY 241, 242 Thermal & Statistical Physics, PHY 319 Analytical Mechanics or PHY 329 Electromagnetism.",,"Primarily a laboratory course focused on exploring classic and contemporary experiments from atomic, nuclear, thermal, and quantum physics, with an emphasis on interfacing instrumentation and error analysis. This course will culminate in an extended experimental or theoretical research project. Students will present results in both written and oral presentations.",
PHY,970,Physics Independent Study/Research,,,,Each independent study/research course is to be designed in consultation with a faculty sponsor.,
PPD,50,Foundations for Student Success,0,,,"This course is designed to develop an understanding of one's holistic well-being. We will explore topics around your personal development, career development, and understanding of your community responsibilities as well as support services and campus initiatives to enhance your ability to thrive within the Muhlenberg community and beyond. We will use discussions, assignments, and readings to enable you to strive for your highest potential.",
PPD,70,Career Readiness for the Global Workforce,0,,,"The global workforce is dynamic and the skills required to be successful continue to evolve at a rapid pace. Building on reflections and workshops conducted in PPD 050 Foundations for Student Success, students will identify values, strengths and skills as they pertain to their post-graduation goals and the eight Career Readiness Competencies. They will then learn strategies for how to apply this self assessment to the labor market, increasing their understanding of roles and requirements for their desired career path. Through assignments, students will produce high quality application materials such as resumes, cover letters, LinkedIn profiles and online portfolios. Lastly, students will practice networking skills, learning the facets of informational interviewing, online networking, and industry nuances as they pertain to relationship building.",
PSC,101,Introduction to American Government & Democratic Politics,1,,,"This course introduces students to the institutions and processes of American government and to the current possibilities and limitations of democratic politics. Students will explore and critically evaluate the philosophical underpinnings of the US Constitution; the design and functioning of political institutions; the nature of citizenship and political participation; and the shifting fortunes of contemporary political parties, interest groups, and media.",
PSC,103,Introduction to Comparative Politics & International Relations,1,,,"The course provides a basic introduction to core concepts and problems in the fields of international relations and comparative government. Key issues explored in the course include how and why nation-states apply their power to act cooperatively, why they occasionally resort to violence to settle disputes, and how and why states differ in their organization and in their relationship between citizen and government.",
PSC,105,Political Ideologies,1,,Intended for those planning to major or minor in political science.,"An examination of the philosophical and historical foundations of major political ideologies of the modern era. Students will investigate how ideologies make claims about human nature, history, and the state; how they attempt to understand the relationship between socio-economic conditions and the state; how they envision a just political order; and how they prescribe and justify programs of action. Among the ideologies examined: liberalism, civic republicanism, conservatism, socialism, communism, anarchism, nationalism, fascism, Nazism, fundamentalism, and feminism.",
PSC,205,Constitutional Law I,1,Prerequisite: PSC 101 recommended but not required.,,An examination of the origins of and limitations on judicial review; the constitutional sources of national authority with special focus on the nature and scope of the commerce and tax powers; the constitutional limitations on presidential and congressional power; and selected First Amendment freedoms.,
PSC,"207, 208",Constitutional Law II,1,,,An examination of the incorporation of the Bill of Rights; the rise and demise of substantive due process; the concept of state action; federal enforcement of civil rights; the nature and scope of equal protection of the law; and selected First Amendment freedoms.,
PSC,209,Elections & Campaigns in the United States,1,,,"This course examines American elections, campaigns, and voting behavior within the broader context of political representation and electoral systems. Attention is provided to the rules, strategies, and behaviors governing elections in the United States and the internal and external factors influencing the American voters' decision-making process. Ongoing political campaigns will play a major role in this course with students engaged in numerous exercises related to the various elections taking place during the semester.",
PSC,211,Law and Society,1,,,"This course is designed as a comprehensive examination of how law matters in American society and why law exists as a fundamental part of the lives of ordinary citizens. Students will learn that legal rules and legal language are important not just for America's formal governmental institutions (e.g. courts, police forces) and actors (e.g. lawyers, judges), but also important for how ordinary citizens make sense of their daily experiences and their relationships with others. Key themes include: how law is shaped by, and reflects and interacts with, political, economic and cultural forces; legal consciousness; the centrality of rights in the American legal context; legal mobilization; and the legal system's reliance on the threat and/or use of violence to be enforced.",
PSC,213,Public Health Policy,1,,,"The course is a survey of contemporary issues related to the provision of public health policies in the United States. From disease control to the provision of health insurance, government plays a central role in the field of American health care. This course provides attention to numerous aspects of government interaction in the area of health policy, including the funding of research, regulation of pharmaceuticals, management and prevention of epidemics, and the provision of medical insurance. The class is designed for students interested in pursuing careers related to public health or with a general interest in the field. Course requirements include research projects and required service experiences in local health care locations, such as Allentown's health department and local medical clinics. The class will also include a simulation that examines the decision making process that is used by the Center for Disease Control (CDC) in addressing a potential outbreak of an infectious disease.",
PSC,216,Environmental Politics & Policymaking,1,,,"A study of recent and contemporary U.S. environmental policy and its formulation. The course examines the political and institutional settings and constraints on the formulation of environmental policy, including the role of the President, Congress, the courts, bureaucracy, state governments, and interest groups. Attention will also be given to theoretical issues as they arise out of, and influence, the policy making process. In addition, the course will examine the interaction of global environmental problems and domestic policy making.",
PSC,"219, 220",Public Administration & Policy Implementation,1,,,"An examination of the theory and practice of managing the public sector with emphasis on the politics of administration, organization structures, communications, decision-making systems, budgeting processes, and personnel management.",
PSC,223,"Political Organization & Democratic Voice: Parties, Interest Groups, & Citizens in U.S. Politics",1,,,"This course examines the bonds between citizens, political elites, and political institutions in the US with an eye toward examining opportunities for political voice in American democracy. Areas of inquiry include political parties, interest groups, and social movements in the context of emergent issues such as: gun control, immigration, populism, criminal justice reform, health care, and US elections.",
PSC,"229, 230","Islam, Populism, and Political Change in Europe",1,,,This course examines contemporary European government and politics from a broad and thematic perspective. The course focuses on three processes that have had an important impact on the shaping and reshaping of contemporary European government and politics: the causes and consequences of the resurgence of populist far right political parties; the challenge of Islam and increasing numbers of Muslim immigrants to European conceptions of secularism and identity; and the process and challenges to European integration.,
PSC,232,Governments & Politics of East Asia,1,,,"Analysis of the contemporary political systems of East Asia, primarily China and Japan, in their social and cultural settings, historical background, and dynamics of modernization.",
PSC,237,Government & Politics of Africa,1,,,"This course will examine the domestic politics and international relations of Africa. In particular, it will explore common problems faced by these states, including the formation of viable political systems, the implementation of policies to promote economic development, and the conduct of viable foreign policies. The course will also examine the effect of historical culture, economic conditions, and colonial penetration upon the formulation and conduct of public policy in Africa.",
PSC,"242, 243",Introduction to Conflict & Peace Studies,1,,,"This is an introductory course in the interdisciplinary field of conflict and peace studies which examines different approaches to conflict definition, management, and resolution. Fundamental issues of peace, war, conflict, and violence are discussed from a variety of perspectives within the political science and international studies paradigms.",
PSC,246,Developing Nations,1,,,"A study of the politics of developing nations, their struggles to overcome poverty and underdevelopment, their efforts at nation-building, and their impact in the world. The challenges and dilemmas of modernization and contending theories about the causes of underdevelopment and appropriate development strategies will be discussed.",
PSC,"248, 249",Governments & Politics of the Middle East,1,,,"This course will examine the domestic politics and international relations of the Middle East. In particular, the course will examine the effect of historical culture, economic conditions, and colonial penetration upon the current political conditions of the area.",
PSC,254,Globalization & Social Justice,1,,,"Interdependence and globalization have brought the world closer to American citizens. As their lives become more inter-connected with the dynamics of international market and political forces, the traditional distinctions between local and global concerns begin to fade. The events of September 11th, wars in Afghanistan and Iraq, and the cycles of anti-globalization social mobilization have made us acutely aware that national security or national economic prosperity can no longer be conceived apart from the international context. As issues concerning Americans become more ""intermestic"", the avenues and scope for affecting socioeconomic and political transformation also change. The course aims to further student understanding of the complex phenomenon of globalization and its impacts. We will analyze how citizens, as social actors, respond to the new challenges posed by globalization. Students will look at how issues of global socioeconomic and political justice are addressed by various citizen groups, social movements, and non-governmental organizations (NGOs) in areas as diverse as human rights, environmental concerns, cultural diversity, and economic welfare.",
PSC,"258, 259",Contemporary Protest in the Middle East,1,,,"This course applies theoretical frameworks drawn from sociology, political science, and the study of social movements to analyze several recent instances of contentious politics in the Middle East and North Africa. In particular, students will analyze the protests over the contested Iranian presidential elections in 2009, the Arab Spring protests in Tunisia, Egypt, Bahrain, and Syria, as well as several important moments of contention in Turkey, including the Gezi Park protests, as well as Kurdish protests calling for Turkish intervention in Syria.",
PSC,"260, 261",American Political Thought,1,,,"An examination of the major political ideas and ideological arguments influencing the development of political institutions and democratic practices in the United States. Attention is given to the debates leading to the ratification of the Constitution as well as to important nineteenth and twentieth century political figures and intellectuals who challenged and reshaped our understanding of the Constitution and the American Founding. Consideration is also given to contemporary political thought such as feminism, multiculturalism, and environmentalism.",
PSC,"262, 263",Utopia & Its Critics,1,,,"An examination of utopianism and realism as contrasting modes of political thinking. By examining the works of thinkers such as Plato, Thomas More, Bellamy, and Morris, the course will consider the meaning, justifications, and functions of utopian thought, both as a blueprint for a just society and a genre of social criticism. The course will consider anti-utopian or realist thinkers such as Thucydides, Machiavelli, and Hobbes who insist on a sober assessment of power as the basis of political and social order.",
PSC,264,Politics & Public Space,1,,,"This course considers how ideas about the use and meaning of public space, such as neighborhoods, city streets, marketplaces, parks, and public monuments, frame political conflicts on issues such as social justice, environmental protection, and historical preservation. We examine how laws, socio-economic forces, and cultural values give shape to public spaces and how such spaces are transformed by the political struggles over their access, control, and meaning. We consider questions such as: What is public space? How is it constructed, interpreted, and contested? Who defines the boundaries between public space and private property? Who has the right to access public space? We also consider how social-economic forces such as suburbanization, globalization, and privatization are reshaping public space.",
PSC,270,Introduction to Political Science Inquiry,1,"PSC 101 Introduction to American Government & Democratic Politics and PSC 103 Introduction to Comparative Politics & International Relations, Political Science majors/minors only.",,"This course introduces students to core disciplinary approaches, major research questions, and various methods for analysis in the field of political science. Students receive an introduction to the principles of research design and to a variety of qualitative and quantitative techniques for analyzing political phenomena. Students will become more analytical consumers of political science research, gaining skills that are central to understanding and critiquing political science scholarship. Students will also develop the skills and confidence to undertake their own independent research in advanced level courses in political science. In sum, this course positions students to better understand the political world through empirically sound research and analysis.",
PSC,"303, 304","Gender, Politics, & Policy",1,"PSC 101 Introduction to American Government & Democratic Politics or WST 202 Topics in Women's and Gender Studies, or another Women's Studies Course, or permission of instructor.",,"Gender both shapes and is shaped by politics. This course explores this fundamental proposition in the context of several primary themes, including feminist political activism in historical perspective; women in American electoral politics (both mass politics and as political elites); globalization and gender equity; and gender and public policy. A major portion of the course is devoted to considering contemporary public policy issues. In Spring 2023, the focus will be on political representation, abortion and reproductive rights, and legislative efforts to regulate sex and gender identity.",
PSC,305,U.S. Congress,1,PSC 101 Introduction to American Government & Democratic Politics or permission of instructor.,,"Congress is the most preeminent and, paradoxically, least loved of our national political institutions. Why is this the case? This course examines several empirical and analytical questions about Congress and the legislative process, including, most importantly: can Congress govern? It considers the design and constitutional foundations of Congress, the historical development of the House and the Senate, the rules and procedures of the legislative process, and contemporary congressional politics. Key topics include the nature of representation, the role of political parties and interest groups in lawmaking, and interbranch relationships between Congress and the presidency and judiciary. In brief, we will examine the history, members, workings, and future of the First Branch of American government.",
PSC,309,The Supreme Court & Social Change,1,PSC 101 Introduction to American Government & Democratic Politics.,,"This course explores the Supreme Court and its role in the U.S political system. It covers different theories of legal mobilization to understand how the Court affects social change and U.S. politics, whether through direct or indirect influence or a combination of both. It examines how the Court is not insulated from political, cultural, and economic forces and how these larger structural forces influence the Court's decision-making at key historical moments in the context of major constitutional controversies (e.g., slavery, Reconstruction, civil rights, etc.).",
PSC,"311, 312",The American Presidency,1,PSC 101 Introduction to American Government & Democratic Politics or permission of instructor.,,"The presidency is an institution shaped by historical, systemic, and contextual factors. This course examines the intellectual and historical roots of the American presidency, its possibilities and limitations in relation to other political institutions, and its relation to the citizenry. It examines the creation of the presidency, its development as a democratic institution, the emergence of ""presidential greatness"" in the twentieth century, and the expansion of national administrative power. A main focus is placed on understanding changes in executive power over time, placing recent contemporary events in historical context.",
PSC,"315, 316",Inequality & U.S. Public Policy,1,PSC 101 Introduction to American Government & Democratic Politics.,,This course explores the intersection between economic and political equality. The class begins with an examination of traditional theories of inequality in the U.S. During the semester we explore ways in which our national and state governments attempt to reduce social and economic inequalities through the creation of public policies. Students research the creation of legislation and explore how politics impedes achievement of policies to reduce inequality.,
PSC,"328, 329",International Law & Organization,1,PSC 103 Introduction to Comparative Politics & International Relations or IST 101 Introduction to International Studies.,,"This course introduces students to the development and role of international law and international organizations as an exercise of cooperation by evaluating the causes and consequences of collective action taken by states, intergovernmental and transnational actors. We will critically evaluate the international political forces that impact the form and function of international institutions (broadly understood), with an eye towards the implications of uneven power distribution for access, influence and, ultimately, institutional effectiveness. The first half of the course introduces students to the study of international law and organizations; the second half of the course focuses on the key international organizations and issue areas that structure international relations.",
PSC,"330, 331",Comparative & International Environmental Policies,1,PSC 103 Introduction to Comparative Politics & International Relations or IST 101 Introduction to International Studies.,,"The course will examine the domestic and global dimensions of environmental politics. Subjects covered will include atmospheric issues, coastal and ocean pollution and multiple resource use, land resources, biodiversity, international river systems, environmental refugees, and population. It will compare policy-making in the European Union, ASEAN, NAFTA, and the United Nations systems.",
PSC,333,Comparative Studies of Contentious Politics,1,"PSC 103 Introduction to Comparative Politics & International Relations, IST 101 Introduction to International Studies or SOC 101 Introduction to Sociology",,"This course provides students with an overview of the major debates and theoretical approaches developed within the comparative analysis of contentious politics and social movement studies, engages students in the analysis of contentious politics and social movement activism in a variety of countries and contexts, and asks students to apply these insights in order to conduct research on a non-American social movement or episode of contentious politics of interest to the student.",
PSC,"339, 340",Theories of International Relations,1,PSC 103 Introduction to Comparative Politics & International Relations or IST 101 Introduction to International Studies,,"A critical analysis of the current and historical theories of international relations, including the nation-state system, balance of power, and societal and governmental factors predisposing nations to peace and war. The course will also explore emerging theories of decision-making at the national and international level as well as the growing role of transnational relations.",
PSC,"341, 342",American Foreign Policy,1,PSC 103 Introduction to Comparative Politics & International Relations or IST 101 Introduction to International Studies.,,"A study of the evolving nature of the formulation and conduct of American foreign policy, including the impact of an emerging international civil society on the policy formulation process since World War II. The course will emphasize contemporary issues, such as North-South relations, defense, humanitarian intervention and disarmament, international trade, as well as emerging issues, such as international resource management, pandemic disease control, and transnational organized crime.",
PSC,343,International Political Economy,1,PSC 103 Introduction to Comparative Politics & International Relations or IST 101 Introduction to International Studies.,,"The course examines the complex relationship between politics and economics in the global system. Students will analyze inter-connected themes, such as the relationship between power and wealth, the politics of international trade and international monetary management, globalization's impact on international, regional, and national economies. There is a particular focus on the theories and practice of international development.",
PSC,"348, 349",Democratic Theory,1,"PSC 105 Political Ideologies or PSC 260, 261 American Political Thought or PSC 262, 263 Utopia & Its Critics or any course in political philosophy offered in the Philosophy Department.",,"Examines important contributions to the meaning and practice of democracy drawn from both classic and contemporary sources, including representatives of liberal, communitarian, civic republican, and Marxists traditions of thought. Among the issues considered are the nature and scope of democratic citizenship, forms of participation, civic education, deliberation and representation, issues of identity and difference, social and economic conditions needed for democratic politics, and structure of democratic institutions.",
PSC,355,Climate Change & Sustainable Development in Bangladesh,1,,,"This team-taught course examines the impact of climate change on economic, social and political development by focusing on the nation of Bangladesh. In addition to introducing students to the science and politics of climate change, the course also examines the specific environmental, economic and social challenges confronting Bangladesh's political development since its independence; investigates the environmental and social consequences of state-sponsored development strategies, especially recent market-based ""neo-liberal"" policies; and evaluates new ""sustainable development"" strategies that are emerging as a response to the challenges posed by climate change.",
PSC,"356, 357",War & Justice,1,PSC 103 Introduction to Comparative Politics & International Relations or IST 101 Introduction to International Studies.,,"This course considers the relationship between international relations, statecraft, and ethics through an examination of the just war tradition in Western political thought. The moral arguments of both ancient and contemporary theorists of just war will be examined along with their application to modern conflicts such as World Wars I and II, Vietnam, and the Persian Gulf War.",
PSC,"358, 359",Islamist Radicalism as Ideology & Political Praxis,1,,,"This course explores how Islamist radicalism informs political praxis. In other words, the course is interested in how religious doctrines function as political ideology in order to shape political subjectivities and justify political practices. Particular attention will be paid to analyzing and understanding specific examples of, and changes in Islamist ideology. Students will read both primary source documents, including speeches, letters, and statements of Islamist radicalism, as well as political science analyses of Islamist radicalism in order to offer informed interpretations of texts, and understand how Islamist radicalism is similar to and differs from other radical political ideologies.",
PSC,360,Regimes & Regime Changes,1,PSC 103 Introduction to Comparative Politics & International Relations or IST 101 Introduction to International Studies. Two additional courses in the Comparative and/or International subfields are strongly recommended.,,"The course is designed to introduce students to modern democratic, authoritarian, and totalitarian political systems (regimes). We will study how power is organized and exercised in various political systems of the world. Students will learn about institutions and processes that shape domestic politics in various regimes and that explain why and how political regimes change. The course will analyze the causes of breakdown as well as consolidation of democratic and non-democratic regimes. Iraq will be used as a case study.",
PSC,"374, 375",Government & Politics of Russia,1,,PSC 103 Introduction to Comparative Politics & International Relations or IST 101 Introduction to International Studies,"The course evaluates in-depth the contemporary political, economic, and social changes in post-Soviet Russia. Students will analyze the challenges facing Russia's transition to markets and democracy. We will look at how the legacy of the Soviet experience impacts the democratization and marketization processes in Russia today. Students will also study and evaluate the efficacy and viability of the new institutions regulating political and economic life in post-Soviet Russia. The course will focus on the political struggles surrounding institutional choice and policy making in contemporary Russia, and it will pay particular attention to reforms undertaken by President Vladimir Putin since 2000.",
PSC,"400, 401",Seminar in Urban Policy & Planning,1,PSC 101 Introduction to American Government & Democratic Politics or ECN 101 Principles of Macroeconomics or SOC 101 Introduction to Sociology .,,"This seminar is designed as an exploration of urban politics and planning in the United States. Its purpose is to provide an improved understanding of the workings of urban political systems and the mechanisms by which government attempts to manage urban environments. The course will examine both historical and contemporary aspects of urban politics with an emphasis on the evolution of governmental arrangements in the last century. It will also focus on contemporary urban problems such as transportation, housing, and crime and, finally, will examine the basic foundations of urban planning and its application throughout cities in the United States.",Course limited to juniors and seniors.
PSC,430,Seminar in Comparative National Security Policy,1,PSC 103 Introduction to Comparative Politics & International Relations or IST 101 Introduction to International Studies. Two additional courses in the Comparative and/or International subfields are strongly recommended.,,"This course uses a comparative approach to examine national security policy processes in the United States and a selected group of countries. Students will engage in policy analyses that examine the impact of a range of factors-including the international system, size of the state, historical and societal factors, governmental system, bureaucratic politics, and individual personalities-in determining the national security policies of these states.",
PSC,440,Seminar in International Studies,1,PSC 103 Introduction to Comparative Politics & International Relations or IST 101 Introduction to International Studies. Two additional courses in the Comparative and/or International subfields are strongly recommended.,,"The course will focus on an emerging issue in international relations. Potential topics would include democratization, cross-cultural communications, sustainable development, regional organizations, the management of international trade, conflict resolution, peace-making efforts in selected geographic regions, etc. It will provide the students with an opportunity to engage in cooperative learning through the development of policy analyses of various aspects of selected issues in international relations.",
PSC,490,CUE: Senior Capstone Seminar,1,"Senior standing, PSC 101 Introduction to American Government & Democratic Politics, PSC 103 Introduction to Comparative Politics & International Relations, PSC 105 Political Ideologies, PSC 270 Introduction to Political Science Inquiry, and at least one course (preferably two) at the 300 level in Political Science.",,"The CUE: Senior Capstone Seminar provides an in-depth examination of questions central to contemporary research and scholarship in Political Science. Students will examine seminal works that have significantly contributed to the field, explore contemporary theories and concepts on issues such as power, ideology, globalization, and citizenship, and develop the analytical tools of the discipline needed for advanced studies. In addition, the seminar positions students to synthesize the full range of their curricular experiences as Political Science majors and to make meaningful connections to the contemporary political world. Required of all majors; encouraged for minors.",
PSC,960,Political Science Internship,1,Permission of instructor required.,,"Political science internships provide opportunities for students to link the academic study of politics with experience outside of the classroom while gaining important work and professional skills, exploring possible career options, and facilitating networks. Political science is an interdisciplinary field, and as such, internships may include government, nonprofit, community, educational, health and legal fields with relevance for American politics, international relations and global politics, or law. Students are required to meet with the instructor occasionally during the semester and to participate in an online learning community with other political science students taking internships. Internships require 9 to 12 hours per week on-site for one course unit.",
PSC,970,Political Science Independent Study/Research,,,,Each independent study/research course is to be designed in consultation with a faculty sponsor.,
PSY,101,Introductory Psychology,1,,,"An introduction to the science of psychology. Students will investigate theories, topics, and applications in the field of psychology across biological, cognitive, social, developmental, and clinical areas. Students learn to identify ways in which the science of psychology affects everyday lives and gain knowledge in multiple areas of psychology that provide a foundation for future courses within the major and across campus. The course will highlight connections among different areas of psychology and identify ways in which different perspectives contribute to a fuller understanding of human behavior.",
PSY,103,Psychological Statistics,1,PSY 101 Introductory Psychology and  STA 119 Statistical Analysis or MTH 121 Calculus I.,,Introduction to the role of statistical analyses in testing hypotheses in psychology. Students will learn both descriptive and inferential uses of statistics as they apply to a variety of research designs commonly used in psychology. This course also emphasizes scientific writing and the use of SPSS to conduct statistical analyses.,
PSY,104,Research Methods in Psychology,1,PSY 101 Introductory Psychology and PSY 103 Psychological Statistics or permission of instructor.,,"Exploration of the methodological issues and strategies most germane to research in psychology. Topics include types of research designs, ethics, measurement, library resources, and a review of data analysis procedures. Scientific writing and oral presentations of research results will be emphasized.",
PSY,212,Learning & Behavior,1,PSY 101 Introductory Psychology.,,"An investigation of how our behavior is changed by experience. Topics will include the nature-nurture issue, conditioned reflexes, operant conditioning, observational learning, reinforcement schedules, punishment, and the stimulus-control of behavior.",
PSY,214,Sensation & Perception,1,PSY 101 Introductory Psychology.,,Exploration of the human sensory systems and perception. The course is focused on investigating the relationship between our conscious experience of the world and the anatomy and physiology of the sensory systems. We start with very basic sensory coding and work up to looking at individual differences and the influence of learning and development on perception. There is an emphasis on classroom demonstrations and laboratory experiences. All students run a perception experiment.,
PSY,215,Biological Psychology,1,PSY 101 Introductory Psychology.,,"A study of the nervous system and physiological processes directly related to behavior in human beings and animals. The mechanisms underlying sensory and motor processes, learning, emotion, motivation and innate behavior patterns, and how they come together to help explain human thought and action.",
PSY,"217, 218",Cognitive Processes,1,PSY 101 Introductory Psychology,,"The study of human mental processes, including perception, attention, memory, problem solving, language, conceptual representation, and visual imagery. All students participate in classroom demonstrations and in cognitive research. Recommended for teacher education candidates.",
PSY,220,Social Psychology,1,PSY 101 Introductory Psychology.,,"The study of social influences on individual behavior, including topics in social cognition, attitude change, interpersonal behavior, social influence, and small group behavior.",
PSY,221,Multicultural Psychology,1,PSY 101 Introductory Psychology or permission of instructor,,"In this course we will study how U.S. societal inequality creates psychological dilemmas for individuals with varying social identities. We will create an inclusive learning space where we can begin to develop skills to reflect on, discuss, and investigate psychological theory and research associated with living in a multicultural society. Course goals include: understanding how social identity (especially racial identity) is constructed and developed in the U.S., understanding the distinctions between personal hardship and societal oppression, and between luck and societal privilege; understanding oppression through an intersectional lens (e.g., gendered racism); and, reducing avoidance and fear about addressing controversial issues. One major assignment in the course is for students to select an issue related to the intersection of race and another social identity, and explore related history, current events, and psychological research. Additional emphasis is placed on first hand accounts from members of the social groups we study, and understanding our own positionality relative to the groups we are studying.",
PSY,230,Child Development,1,PSY 101 Introductory Psychology.,,"This course examines the physical, psychological, and social aspects of human development from conception to middle childhood. In particular, this course focuses on strengthening content knowledge of developmental psychology in conjunction with real-life examples of child growth and development.",
PSY,"231, 233",Adolescent Development,1,PSY 101 Introductory Psychology.,,"This course addresses human development throughout the adolescent years. In particular, the course focuses on making connections between theories of developmental psychology and real-life experiences of teenagers growing up in American society.",
PSY,232,Personality Psychology,1,PSY 101 Introductory Psychology.,,Historical and more contemporary approaches to personality are explored. Current research topics in the field of personality psychology are also addressed.,
PSY,240,Abnormal Psychology,1,PSY 101 Introductory Psychology.,,"An exploration of psychological problems ranging from the commonplace to the bizarre. The classification, assessment, causes, course, treatment, and prevention of the major types of abnormal behavior will be addressed. Pertinent scientific research, narrative approaches, and major theories will be emphasized.",
PSY,241,Interpersonal Psychology,1,PSY 101 - Introductory Psychology.,,"This course will serve as an introduction to contemporary psychological theories of interpersonal communication, its nature, its functions, and its goals. It will include both discussion of interdisciplinary theory and facilitation of the development of skills for communicating, in a diverse and global world, in relationships both interpersonal and professional.",
PSY,270,Research Apprenticeship,0.5,Permission of instructor.,,"Students work in a faculty member's on-going research program, learning a variety of important research skills and gaining in-depth knowledge of a specialized topic in psychology. Experiences may include, but are not limited to, any of the following: gathering and analyzing information to develop proposals, stimulus development, data collection, statistical analysis, writing and presenting results. Topics and course availability will vary by professor. Interested students should consult with individual faculty for more information. This course can be repeated and does not count toward the requirements for the psychology major. It will count toward the 4 course units of individualized instruction that can be earned toward the 32 course unit degree requirement.",
PSY,312,Psychopharmacology,1,"PSY 101 - Introductory Psychology, PSY 215 - Biological Psychology or BIO 165 - From Ecosystems to Organisms, and one additional psychology course or permission of instructor. 
 
 A $30 lab fee will apply.",,"An exploration of the key concepts and principles of how drugs and brain chemistry affect behavior. Topics will include basic pharmacology, research methods, states of consciousness, reinforcement and addiction, treatment of psychological disorders, and sociocultural influences and implications of pharmacotherapy and addiction.",
PSY,"322, 323",Psychology of Women,1,,,"This course will examine theory and research on gender differences, specifically female gender development, taking into consideration biological, cognitive, behavioral, and social influences. Emphasis will be placed on a critical analysis of the assumptions about human behavior and the methods used to test these ideas. Topics include gender-role development, achievement motivation, women and work, sexuality and health, and violence against women.",
PSY,326,Lifespan Development,1,,PSY 101 Introductory Psychology,"Development is a lifelong process, encompassing prenatal development through death. This course will cover theories, research, and real world applications to issues across stages of infancy, childhood, adolescence, adulthood, old age, death and dying. The focus will be on the interaction of social, emotional, cognitive, and physical aspects of aging across the various stages of development.",
PSY,330,Developmental Psychopathology,1,"PSY 101 - Introductory Psychology, PSY 240 - Abnormal Psychology or EDU 201 - Introduction to Special Education: Diverse Learners & Inclusive Classrooms, and one additional psychology course.",,"An exploration of emotional, behavioral, developmental, and learning disorders in children and adolescents. This course emphasizes the interdependence of biological, psychological, and social/cultural factors in the etiology, course, and treatment of childhood disorders. Includes required service learning.",
PSY,340,Psychotherapy & Counseling,1,"PSY 101 - Introductory Psychology and two additional psychology courses, including either PSY 232 - Personality Psychology or PSY 240 - Abnormal Psychology or permission of instructor.",,"An exploration of psychotherapy theories and intervention strategies, scientific research on therapy process and outcome, the place of therapy in contemporary society, and a critical evaluation of therapeutic ideals.",
PSY,341,Psychological Assessment,1,"PSY 101 - Introductory Psychology, PSY 103 - Psychological Statistics, and one other psychology course. PSY 104 - Research Methods in Psychology recommended.",,"Introduction to the theory and application of psychological tests as measures of personality, intellectual functioning, and attitudes. This course considers the use, abuse, and limitations of such measures and focuses on topics such as validity and reliability of tests; construction of tests, rating scales, and surveys; the administration of tests and the interpretation of test results.",
PSY,345,Inside/Out Prison Exchange,1,,,"This course takes an interdisciplinary approach to the study of mass incarceration and the criminal justice system in U.S. cities. We investigate the origins of the politics of law and order from the mid-twentieth century to today, against a broader backdrop of macro-structural changes in the social, economic, and political landscape. We will also examine the lived experiences of people who are involved with the U.S. justice system. Using Lehigh County neighborhoods as our site of study, this course will analyze the relationship between crime, punishment, and inequality, emphasizing the institutions, processes, and mechanisms that shape the lives of individuals involved in the judicial system. (There are no prerequisites; however, all students complete an application process and interview prior to acceptance in the course).",
PSY,410,Memory & Amnesia,1,PSY 215 - Biological Psychology or NSC 300 - Brain & Behavior.,,"This seminar will examine the broad categories of memory and amnesia. Readings will be based entirely on primary literature, and class meetings will follow a discussion-based format. Memory and amnesia will be examined via both psychological and biological perspectives and will include topics such as memory modulation and malleability, consolidation and reconsolidation, various forms of amnesia (e.g., retrograde and anterograde amnesia), recovery of memory, and memory-based treatments for some forms of psychological pathology (e.g., PTSD).",Open only to Psychology or Neuroscience majors.
PSY,411,Aging & Development,1,PSY 101 Introductory Psychology,,"This seminar addresses the dynamic process of adulthood and aging. In particular, discussions will focus on the continuities and changes in identity, relationships, and work and family roles within the contexts of public policy, the healthcare system, independent living, and dealing with loss.",
PSY,412,Psychology of Language,1,"PSY 104 Research Methods in Psychology. PSY 217, 218 Cognitive Processes is recommended as well.",,"This course considers the psychological processes involved in language acquisition, production, and comprehension. Specific topics include sign language, bilingualism, disorders of language, language in non-humans, language and society, and the relation of language and thought.",
PSY,415,Group Processes,1,PSY 101 Introductory Psychology,,"This course explores how individuals' thoughts and behaviors are shaped by group membership. Topics include conformity, social norms, leadership, decision making, cooperation and competition, and intergroup relations. Students engage with empirical research to understand how group processes operate in everyday contexts such as classrooms, workplaces, and social groups.",
PSY,425,Contemporary Racism,1,PSY 101 - Introductory Psychology and ( PSY 220 - Social Psychology or PSY 221 - Multicultural Psychology or AFS 101 Introduction to Africana Studies). OR Permission of Instructor. Students without the prerequisites are encouraged to contact Dr. Wolfe for Permission of Instructor.,,"In this discussion oriented seminar, we cultivate a supportive space to study the building blocks of racism, and how today's society wrestles with issues of racial equity. Students will leave this seminar with more confidence to engage in diverse environments, a better understanding of mechanisms of oppression, and ideas about how to create a more just and inclusive future. Grounded in social psychological science, we will conduct an in-depth examination of unconscious racial bias, colorblind racism, and we will study examples of the impact of racism on communities of color. The focus will be on anti-Black racism; however, the overarching perspectives and theories can translate to other targets of racism and forms of prejudice. Our scholarly inquiry will include empirical articles, academic book chapters, popular press sources, podcasts, and videos.",
PSY,430,Development: Inclusion-Exclusion,1,"PSY 101 - Introductory Psychology and two additional psychology courses, including either PSY 230 - Child Development or PSY 231, 233 - Adolescent Development.",,"All individuals have had experiences with the joys of being included and the disappointment of being excluded. This seminar course, grounded in developmental psychology, will explore how individuals, from young children to adults, reason about the dynamics of inclusion and exclusion, looking at how and why social reasoning about interrelationships changes with age.",
PSY,432,"Poverty, Risk, & Resilience",1,Permission of instructor required.,,"This course will cover content related to: 1) the effects of poverty on human development spanning from prenatal period through the transition to adulthood, 2) resilience factors that buffer negative effects of poverty on the individual, family, and community level, and 3) public policy and prevention programs aimed at reducing the effects of poverty on development. Poverty, Risk, & Resilience will have a service-learning component in which students would be involved with a community organization that is focused on improving developmental outcomes for low-income children or youth in the Allentown area.",
PSY,440,Clinical Case Studies,1,PSY 240 Abnormal Psychology or PSY 340 Psychotherapy & Counseling,,"Focuses on the construction of case conceptualization. Actual clinical cases from the private practices of the instructor(s) and a casebook will be presented. Students will explore cause and precipitating and maintaining influences of a person's psychological, interpersonal, and behavioral concerns. Conceptualization helps organize the complexities clients bring with them into counseling sessions. Emphasis is on class discussion, deeper understanding of psychological disorders, consideration of practical applications of psychotherapy.",
PSY,441,Health Psychology,1,PSY 101 - Introductory Psychology and two additional psychology courses or permission of instructor. Public Health majors and minors should contact the instructor for permission to enroll in the course if they do not have the required psychology courses,,"An interdisciplinary course that examines how biological, psychological, and social factors interact and affect individual health and illness. Topics include the development of health promotion programs, factors that affect patient adherence to prescribed treatments, psychoneuroimmunology, pain management, the etiology, treatment, and adjustment to chronic illness (cancer, heart disease, HIV/AIDS) and the analysis of local and global health disparities. Includes required service learning.",
PSY,490,CUE: Advanced Research in Psychology,1,"PSY 103 - Psychological Statistics, PSY 104 - Research Methods in Psychology, and at least one course in each of the 4 content areas.",,"CUE: Advanced Research in Psychology is designed to be a culminating undergraduate experience in which students apply and integrate skills and knowledge from the previous psychology courses they have taken. Each course includes an inquiry-driven project requiring students to engage in a substantive literature review; explore novel hypotheses or theories; collect and analyze relevant evidence; synthesize and reflect upon the information gathered; and generate an integrative paper and oral presentation about their work. The course emphasizes mastery of critical thinking, interpersonal, writing, and presentation skills and may have a focal topic that varies by instructor. Past topics have included Stigma of Mental Illness, Stereotyping & Prejudice, Superstition, Family Engagement with Middle School Education, and Memory. Focal topics will be announced prior to registration each semester.",Junior/senior standing.
PSY,491,CUE: Senior Thesis I,1,Permission of instructor. PSY 104 - Research Methods in Psychology. PSY 270 - Research Apprenticeship and/or PSY 970 Psychology Independent Study/Research strongly recommended.,,"A student with a strong interest in, and intellectual curiosity about, a particular topic may elect to conduct a psychology thesis. Students who are accepted into the Thesis Program will conduct two semesters of independent and original research, write a thesis based on that empirical or theoretical work, participate in the thesis seminar, and make an oral defense of the thesis at a colloquium attended by faculty and students. See this catalog, an advisor, or the Psychology Department website for additional information about the requirements of the Thesis Program and how to apply. Successful completion of both semesters of the thesis program fulfills the required CUE.",Junior/senior standing.
PSY,492,CUE: Senior Thesis II,1,PSY 491 - CUE: Senior Thesis I and permission of instructor.,,This course is the second semester of the senior thesis sequence. Successful completion of both semesters of the thesis program fulfills the required Culminating Undergraduate Experience.,
PSY,960,Psychology Internship,1,Permission of instructor.,,"Provides psychology students with an opportunity to work in a professional setting and begin to connect their academic knowledge with experiences, expectations, values, and demands of the world outside the classroom. Students will meet weekly to discuss professional, psychological, ethical, and other issues relevant to the internship experience. Students are required to complete a minimum of ten hours a week at their internship, keep a professional journal, attend class meetings, and give a formal presentation about their experience.",
PSY,970,Psychology Independent Study/Research,,,,Each independent study/research course is to be designed in consultation with a faculty sponsor.,
REL,"100, 101",Religion and Popular Culture,1,,,"This course will examine the ways different religious beliefs and practices are represented in a variety of print, film, television, and other media in our culture and the ways in which those representations may function to influence opinions, actions, and policy. Analysis of media content will accompany an introduction to the study of religions presented and misrepresented in popular culture.",
REL,117,Animals and the Sacred,1,,,"Religious myth and ritual is full of allusions to animals. From the ""Scapegoat"" and the ""Lamb of God"" to the ""Sacred Cow"" and the ""Chinese Dragon"" animals are central to the symbolic representation and language of almost every religious tradition. This course will compare and contrast the way animals are imagined and used in the beliefs and practices of several religious traditions.",
REL,127,Religious Migrations,1,,,"In this course we will use travel narratives to explore how religion has motivated human movement —migrations, colonization, and even tourism—and how this travel has affected the religious practices, traditions, and identities of both the travelers and the peoples they encounter. We will look at both early moments of religiously motivated movement such as the Muslim incursions into Spain during the so-called convivencia, often viewed as a model of religious tolerance, and the expulsions that followed during the Inquisition; and also modern-day travel and migration. Key concepts for consideration will include globalization, transnational, multiculturalism, and identity, as well as religion.",
REL,131,"Myth, Religion, and Creation",1,,,"From Genesis' depiction of the divine organization of the universe in the Hebrew Bible to Hindu traditions of creation's emanation from Brahma, narratives concerning the origin of the world have attracted devotional and scholarly attention from around the globe since ancient times. In this course, we will use the comparison of creation stories as an introduction to the study of myth, its relationship to ritual, and its place and function in religious traditions. Furthermore, we will critically examine the ways in which different cultures have used stories of origins to address questions regarding contemporary political, social, or religious contexts. Particular emphasis will be placed on creation stories from the ancient Near East and Bible, and the symbolic and literary connections between them.",
REL,"133, 134",Pilgrimage: Rites of Way,1,,,"Why is travel almost universally understood to hold the potential for significant transformation? How do various communities and individuals define sacred travel through their own practice, and how does it define them in turn? This course employs the many methodologies of Religion Studies in investigating pilgrimage around the world. We will look to a number of modern theoretical interpretations of sacred journey, and will examine ethnographic accounts of pilgrimage primarily in the contexts of Buddhism, Islam, Christianity, and Judaism. Pilgrimage will serve as our window onto these traditions' ethical systems, cosmologies of space and time, religious art and aesthetics, and views of the body's agency and power, and in some cases, onto the contested space of multiple traditions' holy ground.",
REL,137,Speaking with the Divine,1,,,"From the biblical world to modern America, asserting the power to speak with the divine has provided people the ability to enact social change, critique the powerful, and legitimate new religious beliefs. In this course, we will explore three different, but ultimately related ways that people have claimed to converse with the divine world: divination, shamanism, and prophecy. We will place particular emphasis on understanding the social significance and political function that these practices have played in the past, and continue to play today. More generally, we will also explore questions of religious belief and experience. The course will conclude with a reexamination of traditions of divine communication within Judaism, Christianity, and Islam in light of cross-cultural comparisons with other religious traditions.",
REL,140,Ecology and Religion,1,,,"This course is an opportunity to study religion both in the classroom and 'on the ground' as it is applied in agricultural practices in local community. Students will be equipped with terms and ideas that will help them engage meaningfully with various cultures' religious approaches to the environment, including those of a local religious farming community. We will explore questions regarding definitions of 'nature' and 'the wild', think about the influence of religion on land use and food production, analyze the role of race and gender in religious environmentalism, and get our hands into the soil working on Monocacy Farms, where all these can be seen at work.",
REL,144,It's The End of the World,1,,,"Assertions that ""the end is nigh"" have appeared within a multitude of religions and cultural traditions from around the globe and throughout history. These claims, which often foretell a dramatic reversal of cosmic fates and the destruction of established social orders, can reside at the center of a major tradition or represent an alternative narrative that speaks to the interests of a persecuted minority. In this course, we will explore different ways of understanding such assertions: as a literary genre, social phenomenon, political commentary, or even rhetorical device. Students will thereby gain the tools necessary to critically analyze a diverse body of apocalyptic and eschatological traditions, from early Jewish and Christian literature to the Native American Ghost Dance. These examinations will reveal the many ways in which the apocalyptic imagination continues to resonate in the present, addressing persistent human questions of violence, imperialism, identity, technology, and the environment.",
REL,146,Religions and their Monsters,1,,,"Leviathan, Rakshasas , Giants, Pezuzu , Witches, Cherubim , Skinwalkers, Satan, etc...: the preceding list shows that ""monsters"" and the ""monstrous"" are both common and important in the world's religious traditions. The stories and iconography associated with these entities aid communities in giving meaning to their worlds, constructing particular identities, regulating acceptable social and ritual norms, and so much more. In this course, we will explore scholarly theories regarding the multiple functions that traditions about the monstrous can play in communities. Moreover, we will ourselves analyze depictions of such ""monsters"" in a diverse corpus of religious and cultural sources from around the globe and across time, including Ancient Mesopotamian religion, Christianity, Hinduism, Native American traditions, and others. This analysis will reveal the deeper implications of the ""monstrous"" and the way in which such traditions have the potential to maintain and legitimate systems of oppression and ideologies of inequality, including those rooted in gender, sexuality, class, and race.",
REL,"201, 202",Thinking about Religion,1,,,"In this course, students explore the methodological and theoretical frameworks that define the academic study of religion. Coverage includes analysis of multiple disciplinary perspectives including sociology, anthropology, history, phenomenology, and psychology. Additionally, students will put the theoretical into practice by using the methods studied in class to analyze the beliefs and practices of various religious traditions.",
REL,205,Religous Diversity in the Lehigh Valley,1,,,"This experiential learning course examines religious diversity in the Lehigh Valley through direct engagement with local religious communities. Students visit local sacred spaces, meet with regional community members, and analyze how diverse traditions establish and maintain their public presence. The course combines field study with theoretical frameworks from religious studies to build religious literacy and to develop skills for professional and civic engagement with religious difference.",
REL,208,Religions of Japan,1,,,"This course is an exploration of religious life in Japan through a variety of its appearances, from the earliest historical evidence in the Neolithic Period to the present, observing Shinto, Buddhist, Confucian, Daoist, and indigenous Japanese influences. What makes something 'religious', even when the actors involved claim not to believe in god(s) or even reject a particular religious identity? How can our understanding of Japanese history and culture be clarified by analyzing communities or practices as religious? And how can our understanding of 'religion' be clarified by exploring Japanese examples?",
REL,"215, 216",New Religious Movements,1,,,"How do religious groups form and develop? How do these groups differ from ""traditional"" religious communities? In this course, we will examine New Religious Movements (NRM) from a variety of disciplinary perspectives. We will investigate the beliefs, practices, and symbolism of several NRMs, seeking to understand both the unique histories of these groups and the patterns of development that may share. Finally, we will consider how these new movements interact with established religious traditions and how they are perceived by those outside of the group.",
REL,225,The Good Life in Buddhism,1,,,"From its origins in India to its development throughout East and Southeast Asia and beyond, Buddhism has prospered in a wide variety of cultures and environments. This course will introduce students to the origins, evolution, and manifestations of Buddhism in scripture, practice, and artistic expression.",
REL,229,Judaisms,1,,,"Judaism has ancient roots and encompasses a multifaceted array of rituals, laws, holidays, and life-cycle events. Using ""Time"" and ""Space"" as the dual focal points of our course, we will examine the development of diverse Jewish communities from antiquity to the modern era in order to better understand the origins and practices of the spectrum of Jewish groups encountered today. Consequently, this course will emphasize the heterogeneity of Judaism as a religious system throughout history, while also examining what makes this diverse group of traditions and texts ""Jewish.""",
REL,233,Christians and their Communities,1,,,"Christianity is not and never has been a single set of beliefs and practices; instead, the religion is marked by diversity of thought and action. The purpose of this course is to engage the variety in the tradition through the exploration of rituals and beliefs held by different Christian communities around the world and through time. In addition to primary and secondary readings, students will also explore the visual arts, architecture, and music as manifestations of Christian diversity. Additional themes for consideration will include the place of the Bible and its interpretation, the role of church leaders and their relationship to the divine, and ethical/moral differences that are present within the tradition.",
REL,235,Gender and Sexuality in Buddhism,1,,,"Buddhism conceptualized as a religion of monks, as a story exclusively about male enlightenment, or as a practice void of sex, emotion, and family ties, ignores much of the richness of the world's Buddhist traditions. Following Ursula King's injunctive to ""take up a more gender balanced and more dialogical methodology,"" this course offers a corrective to those misconceptions both in the material we will study, and in the interpretive lenses we will employ. We will explore Buddhist understandings of gender (including Buddhist masculinities), Buddhists' negotiations of the power of sexuality and sexual discipline, and use of the body as a tool for liberation.",
REL,237,Reading the Rabbis,1,,,"The destruction of the Second Temple in 70 CE marked a new period in the history of Judaism. In the aftermath of this event, a group of scholars known as ""Rabbis"" appear on the historical stage, whose vision of Jewish practice and life will come to define Judaism as it is encountered today. In this class, we will situate the literature and thought of the early rabbis in the historical, cultural, and political context of the ancient worlds in which they lived. To that end, students will explore topics ranging from scriptural authority to magical incantation by engaging with English translations of core rabbinic texts, including the Mishnah, Toseftah, Babylonian Talmud, and Midrashim.",
REL,252,Hebrew Bible,1,,,"Jews and Christians alike regard the books of the Hebrew Bible as scripture. Yet, modern scholarship has sought an alternative approach to understanding this complicated collection of ancient texts that sets aside its identification as revelation and attempts to grasp the historical, political, and cultural contexts that surrounded its composition. Consequently, this course will introduce students to the Hebrew Bible as a repository of ancient Israelite traditions that were developed and shaped in specific historical and social contexts. To that end, rather than read the Bible from front to back like a novel written of whole cloth, we will begin by reading the final portion of the Bible, known as the ""Writings,"" first and work our way back through the Prophets, finishing with the Torah. By doing this, we will examine first those biblical books that provide the clearest glimpse of the scribal practices that framed production of the Hebrew Bible as a whole, as well as its compositional complexity. In addition, students will place particular biblical passages in dialogue with texts from Mesopotamia, Egypt, Moab, and Ugarit, illuminating Israel's place in the religious and political world of the ancient Near East.",
REL,254,New Testament,1,,,"This course studies the distinctive scriptural foundation of Christianity in its literary, historical, and theological contexts. Topics may include Jesus as an historical figure and as the object of early Christian faith; the relationships of various early Christian communities to one another and to contemporary Judaisms, Greek religions, and philosophies; the place and role of Paul; the gospel genre and its several examples; the definition of the canon; approaches to interpreting the New Testament. No prior study of the New Testament is expected.",
REL,272,Zen Buddhism,1,,,"Zen (or Chan, as it is pronounced in China) Buddhism emerged in the 7th century in China, developing a unique meditative program and the richest literary tradition in Chinese Buddhism. This course examines that history, and queries popular and traditional notions of Zen as pure, iconoclastic, and mysterious. We will reevaluate Zen's presentation of itself in temple histories, sacred biographies, garden design, poetry collections, and landscape paintings, and engage in some self-reflection on America's fascination with ""mindfulness"" and ""Zen.""",
REL,308,"Scrolls, Scribes, and Scriptures",1,,,"Did you ever wonder how ancient texts, like the New Testament, reach the modern world? In this course, students will explore the challenges and opportunities of studying New Testament and other ancient Christian materials in their oldest forms. Central to this examination will be how the texts were read, interpreted, and transmitted within Christian communities over time. This course will include an introduction to several techniques used to analyze ancient scriptural materials as well as the basic syntax and vocabulary of Koine Greek. No previous language skills are expected or required.",
REL,314,Death and Desire in Tibetan Buddhism,1,,,"This course examines the practices of death and desire in the unique traditions of Tibetan tantra, a form of Himalayan Buddhism. Tibetan tantra involves practices of wrathful deities, sexual yogas, and subtle body technologies to produce a unique understanding of mind and body and their potential for transformation in both sexual union and in death. We will look at the foundational Tibetan Book of the Dead cycle of texts, as well as explore their evolving meanings in contemporary, non-Buddhist contexts like American Hospice. How have Tibetan Buddhists associated desire, power, and knowing? How might investigations of Tibetan practices of death and desire inform our own?",
REL,330,Ecology and Religion in Japan,1,Instructor permission required.,,"Through religious life and environmental stewardship are often understood to be mutually exclusive realms of human activity, the reality is that these land practices often influence one another in important ways. This course to Japan offers a unique opportunity to explore the intersections of sustainability and religion in the context of an industrialized Asian country. After a semester introducing students to the fundamentals of ecology and how humans rely upon and impact ecosystems processes, as well as to the history and ritual of Buddhism and indigenous Shinto, we will visit Japan. There, we will explore Japanese religious communities, businesses, schools, and secular urban spaces to gain an understanding of Japanese practices of place.",
REL,371,Paths in Jewish Thought,1,,,"Writers, philosophers, and scholars have engaged a fascinating array of questions from within the Jewish tradition since before the Common Era. In this seminar, we will survey the works of particular Jewish thinkers, from antiquity to the modern day, with special attention to certain topics and historical developments. Subjects to be considered include the Jewish people's encounter with the religious or cultural ""other,"" the opposition or congruence of faith and reason, the persistence of evil, the nature of God and scripture, and what it means to be ""Jewish."" The structure of the course will constitute a ""who's who"" of Jewish thinkers through history, such as Philo of Alexandria, Moses Maimonides, Baruch Spinoza, and Ahad ha-Am. The final project will also allow students to discover and present the thought of a Jewish intellectual not included in this selective survey at the end of the semester.",
REL,450-469,CUE: Culminating Undergraduate Experience Seminars in the Study of Religion,1,,,The seminars are a culminating undergraduate experience for our majors and other advanced students. Faculty and students work together to explore a research topic in depth. Each course offers both theoretical and methodological content.,
REL,470,Honors Thesis in Religion Studies,1,Instructor permission required.,,This project is designed for Religion Studies majors who have consistently proven to be excellent students. It offers them the opportunity to pursue a self-designed major research and analysis thesis in close consultation with a faculty member.,
REL,960,Religion Studies Internship,1,,,,
REL,970,Religion Studies Independent Study/Research,,,,Each independent study/research course is to be designed in consultation with a faculty sponsor.,
RJF,450,RJ Fellows Capstone Seminar,0.5,,,"The RJ Fellowship Program is predicated upon an interdisciplinary and multidisciplinary approach to integrate certain core concerns into student experience. It is intended to address skills and strategies necessary for keen analysis and wise action in the face of contemporary and future changes. This course is designed as a Senior Seminar for RJ Fellows and brings together a group of faculty members who will present and lead discussions on the topic of change. The intent of the course is to bring together ideas and experiences and provide opportunities for students to reflect on, and make connections among the lessons learned and the implications of those lessons for making wise decisions. The central object of inquiry and the unifying theme will be change itself. Cultural, social, motivational, and operational issues will be woven as appropriate through the entire experience. Additionally, issues of life choices, creativity, communication, and effective self-expression will be given prominence. This course will be team taught.",
RJF,451,RJ Fellows Senior Project & Symposium,0.5,,RJF 450 RJ Fellows Capstone Seminar,"Students develop and conduct independent research, creative or community engagement projects within the context of the theme addressed in RJF 450 related to understanding and effecting change. Students will have the opportunity to connect their expertise and interests from their primary academic program to the course theme through project-based learning. This culminates in a presentation of their project work at the annual RJ Fellows Senior Symposium. Students will meet regularly with the faculty mentor as they work on their projects and prepare for the symposium.",Limited to RJ Fellows with senior status
RUC,101,Elementary Russian I,1,,,An introduction to basic grammar and vocabulary as well as communication skills in Russian within its cultural contexts. Students will use a variety of authentic text and media resources to acquire and enhance linguistic skills. The first semester is designed for students with no prior knowledge of Russian; the second is for students with limited background in Russian. Assignment by placement test.,
RUC,102,Elementary Russian II,1,,,An introduction to basic grammar and vocabulary as well as communication skills in Russian within its cultural contexts. Students will use a variety of authentic text and media resources to acquire and enhance linguistic skills. The first semester is designed for students with no prior knowledge of Russian; the second is for students with limited background in Russian. Assignment by placement test.,
RUC,203,Intermediate Russian I,1,,,"An accelerated review of basic Russian grammar through speaking, reading, writing, and other linguistically appropriate activities. The introduction of more advanced grammatical structures and a variety of authentic text and multimedia resources will enhance the students' linguistic skills and sociocultural awareness of the Russian speaking world. The development of functional skills and communicative ability is emphasized. Students also acquire the linguistic tools needed to continue learning Russian as it pertains to their fields of interest. Assignment by placement test.",
RUC,204,Intermediate Russian II,1,,,"An accelerated review of basic Russian grammar through speaking, reading, writing, and other linguistically appropriate activities. The introduction of more advanced grammatical structures and a variety of authentic text and multimedia resources will enhance the students' linguistic skills and sociocultural awareness of the Russian speaking world. The development of functional skills and communicative ability is emphasized. Students also acquire the linguistic tools needed to continue learning Russian as it pertains to their fields of interest. Assignment by placement test.",
RUS,402,Twentieth Century Russian Literature in Translation,1,,,"Students study the works of Bunin, Sholokhov, Pasternak, Solzhenitsyn, Brodsky, and Alexievich as well as their experiences with and relationship to the Bolshevik revolution, ethnic and religious prejudice, censorship, the GULAGs, violence, and injustice. Harshly persecuted, self-exiled, or expelled from Russia, these philosophical frontrunners earned Nobel Prizes and recognition by the West. Short stories, novels, poetry, as well as literary criticism from 1917 to the present will be analyzed and discussed.",
RUS,490,CUE: Russia & the Near Abroad,0.5,,,"Advanced study and analysis of selected areas in Russian Studies designed for majors and other qualified students. Students complete a CUE project linked to any Russian course listed higher than 304. Students write an integrative research paper and conduct a formal presentation connecting content from at least two upper-level Russian courses. Special emphasis is placed on advanced textual analysis, scholarly discussion, and writing. Project proposals are approved by a CUE faculty advisor prior to course registration. Required for all majors in Russian Studies.",
RUS,970,Russian Independent Study/Research,,,,Each independent study/research course is to be designed in consultation with a faculty sponsor.,
SHK,150,Medicine as a Human Endeavor,0.5,,,"Shankweiler Scholars will explore the human dimensions of the practice of medicine in this seminar course. Assignments will consider how aspects of art, culture, ethics, history, religion, or literature inform or frame medicine and medical research. Weekly discussions will be led by Muhlenberg faculty representing a broad range of academic disciplines. Class meets once per week for 1.5 hours.",
SHK,250,Medicine & Society,0.5,SHK 150 Medicine as a Human Endeavor,,Shankweiler Scholars will prepare for and host one or more public speakers on campus as part of the annual Shankweiler Scholar Public Lecture Series. Assignments will include reading and discussing the body of literature (or other texts) associated with the speaker(s); making arrangements for the lecture(s); and hosting the speaker(s) while they are on campus.,
SHK,450,Shankweiler Scholars Seminar,0.5,,,"This seminar for Shankweiler Scholars is an exploration of ethical, humanitarian, and sociological aspects of medical practice and healthcare systems. Weekly readings will be organized by the participants in response to individual student interests as informed by their experiences studying medicine as a human endeavor. Student-led discussions will illuminate critical and complex issues in healthcare including socioeconomics, gender equity, racial justice, and differing views of health, death, and dying. Practicing clinicians and alumni will participate in the seminar as guest discussion leaders, presenting case studies that encourage students to grapple with specific ethical problems that medical professionals face.",
SNC,100,Spanish for True Beginners,1,,,"Spanish for True Beginners is a course designed for students who are encountering the Spanish language for the first time. Understanding that studying a second language for the first time can be a daunting experience, we will focus on developing intercultural communication in Spanish from the very most basic starting point, the idea of communicating across cultures and languages. You will learn strategies to navigate sounds, gestures, and cultural norms as well as basic spoken and written language, gaining the confidence to move on to more sophisticated linguistic structures as well as to a deeper understanding of the cultural perspectives, histories, and values of Hispanic people.",
SNC,101,Fundamentals of Spanish,1,,,"Fundamentals of Spanish is a course designed for students with little or no exposure to the Spanish language. In this course you will be introduced to aspects of the cultures of Spanish-speaking communities around the world and in the U.S. You will become familiar with the sounds and rhythms of Spanish, learn essential vocabulary, acquire basic grammatical structures and develop simple conversational, written, and reading skills. Will you complete the course fluently in Spanish? Of course not, but you will be able to communicate basic wants and needs in the present and you will be ready to move on to more sophisticated linguistic structures as well as to a deeper understanding of the cultural perspectives, histories, and values of Hispanic people.",
SNC,102,Communication in Spanish I,1,,,"Communication in Spanish I is a course designed for students with very basic exposure to the Spanish language. In this course you will learn aspects of Hispanic cultures, increase your basic vocabulary, review basic grammar and acquire additional key grammatical structures, and further develop simple conversational, written, and reading skills. Will you complete the course fluent in Spanish? Of course not, but you will be able to interact on a basic, survival level in a Spanish-speaking setting; you will also be able to talk about things that have happened in the past. We encourage all students to move on to more sophisticated vocabulary and grammatical structures as well as to a deeper understanding of Hispanic peoples, histories, and cultures.",
SNC,202,Spanish for Heritage Speakers I,1,,,"Students who grow up hearing Spanish spoken at home come to the college language class with a set of skills and challenges that are different from those of students learning Spanish as a second language. Spanish for Heritage Speakers offers these students a focused setting in which they can capitalize on their already developed abilities in speaking and, especially, listening, while developing a richer and more precise vocabulary and strategies to navigate variations in register and regional and contextual usages. SPN 202 presupposes no prior formal study of Spanish and will focus especially on developing strong reading and writing skills, supported by a solid understanding of formal grammar. The cultures of Hispanic America and of Latinos in the United States will form the backbone of this course, with an eye at encouraging students to integrate their family traditions and lived experiences into their broader studies, activities, and goals. Class is conducted in Spanish.",
SNC,203,Communication in Spanish II,1,,,"This course introduces students to the culture of the Hispanic World through the development of an understanding of cultural traditions, literary texts, and a wider understanding of Spanish varieties throughout the Spanish speaking world. The class is conducted in Spanish, and includes an accelerated review of basic Spanish grammar through speaking, reading, writing, and other linguistically appropriate activities. The introduction of more advanced grammatical structures and a variety of authentic text and multimedia resources will enhance the students' linguistic skills and sociocultural awareness of the Spanish speaking world. The development of functional skills and communicative ability, as well as their global awareness, is emphasized. Students also acquire the linguistic tools needed to continue learning Spanish as it pertains to their fields of interest. Assignment by placement test. It encourages students to deepen their interpersonal and intercultural communication skills through three class hours per week plus regular out of class conversational and cultural events.",
SNC,204,Hispanic Languages & Cultures,1,,,"Hispanic Languages and Cultures is intended for students with a strong background in Spanish and is the gateway course for those who are considering a major or a minor in Spanish. In this course, students will continue to develop their communicative abilities in Spanish and explore the many facets of Hispanic cultures as a meaningful component of the liberal arts curriculum at Muhlenberg College and a necessary skill in the global community. Primary emphasis will be placed on effective oral communication, but students will also practice conversation skills (with a focus on building their active vocabulary), study the more advanced aspects of Spanish grammar, begin to learn advanced writing techniques, improve listening comprehension abilities, and explore the diversity of Spanish-speaking communities through class discussions, a combination of short non-fiction and literary readings, and cultural projects. The course will emphasize the multiple cultural perspectives inherent in the Hispanic world, fostering students' ability to appreciate the complexities of diverse cultural backgrounds.",
SNC,301,Conversation & Debate,1,SNC 204 - Hispanic Languages & Cultures.,,"This course is designed to enhance students' fluency in Spanish by motivating them to speak about and debate topics related to Latin America and Spain. Through cultural readings, films, and other multi-media materials, students will enhance their ability to communicate in Spanish and broaden their perspective of the Spanish speaking world. This approach assumes that listening, speaking, and culture reinforce each other. Students will explore the diverse cultural tapestry of the Hispanic World and its peoples and the numerous connections between those cultures and their own. Through debate and discussion, students will have the opportunity to learn about, understand, and embrace multiple diverse cultural perspectives.
 Class meetings will consist of a combination of communicative activities, such as pair and group work, that emphasize student preparation and participation. The class will be in person and conducted in Spanish.",
SNC,303,Spanish for Heritage Speakers II,1,SNC 202 Spanish for Heritage Speakers I,,"Students who grow up hearing Spanish spoken at home and come to the college language class bring a unique set of skills and challenges distinct from those of students learning Spanish as a second language. Spanish for Heritage Speakers provides these students with a dedicated environment where they can capitalize their existing language proficiency and work towards enhancing their vocabulary, refining language nuances, and acquiring strategies to navigate variations in register, regional dialects, and contextual usages. SNC 303 focuses especially on developing strong reading and writing skills, supported by a solid understanding of formal grammar. The course also embraces a multicultural approach promoting a deeper understanding and appreciation of the rich tapestry of cultures of Hispanic America and Latinos in the United States. It encourages students to integrate their family traditions and lived experiences into their broader academic studies, extracurricular activities, and future goals. Class is conducted in Spanish.",
SNC,304,Texts & Contexts,1,SNC 301 - Conversation & Debate or SNC 303 Spanish for Heritage Speakers II .,,"Focused work in Spanish composition allowing students to develop creative, professional, and academic writing styles. Emphasis is placed on structure, style, and content as well as grammar. Classic and contemporary texts, films, and other multi-media resources will provide stylistic models as well as a cultural context for writings. Class is conducted in Spanish.",
SNC,310,Spanish for the Professions,1,SNC 301 - Conversation & Debate or SNC 303 Spanish for Heritage Speakers II,,"Using real-life case studies and scenarios, this course introduces students to professional practices in the Hispanic world. Contacts with local professionals, both inside and outside of the classroom, allow students to explore the numerous possibilities of using their linguistic and cultural knowledge of Spanish beyond the academic environment, such as working for companies with international offices, NGOs, and other institutions in Latin America, Spain, and in the growing Spanish-speaking communities of the United States. The specific areas explored will be based on students' own interests and majors in order to assist them in developing their future career path while incorporating Spanish within those goals. This course focuses on acquiring the proper writing, analytical, and oral presentational skills necessary for such careers. In addition to linguistic training, students learn techniques for cross-cultural analysis vital to conducting business and other professional endeavors in Spanish-speaking contexts. Taught in Spanish.",
SNC,312,Spanish for Healthcare,1,SNC 301 Conversation & Debate or SNC 303 Spanish for Heritage Speakers II,,"Disculpe doctora, ¿habla español? (Excuse me Doctor, do you speak Spanish?) Immersing ourselves in another culture's language is a meaningful way to break linguistic and cultural barriers, and to bring distinct people to understand each other in order to accomplish a common goal. But what if we needed very specific knowledge to successfully break such barriers? In this course, we will explore professional medical terminology, practices, and cross-cultural perspectives within the healthcare industry throughout the Spanish-speaking world and the Hispanic population in the US. We will acquire the proper communicative, interpersonal, and presentational skills necessary to work in careers related to the field of medicine. We will also learn to critically analyze cultural attitudes, which are vital to understand healthcare-related practices and other professional medical endeavors in Spanish-speaking contexts. We will specifically engage with relevant textual and audiovisual material to apply professional, linguistic, and cultural knowledge to real- life case studies, such as providing health services to a Spanish speaker, guiding medical encounters across cultures, and practicing speaking skills in healthcare provider-patient settings. Class is conducted in Spanish.",
SOC,101,Introduction to Sociology,1,,,"What is sociology? How do sociologists go about their work? How is society structured? Is inequality an inherent part of human life? How and why do societies change? This course introduces the central concepts and principles of major sociological perspectives. It provides an overview of the study of social institutions, social stratification, and social change.",
SOC,"224, 225",American Ethnic Diversity,1,SOC 101 - Introduction to Sociology.,,"This course is designed to provide a general overview of the field of the sociology of race and ethnic relations with a particular emphasis on the historical situations and experiences of various immigrant and minority groups in American society. We will first examine the socio-political and economic history of a variety of minority and immigrant groups. A substantial amount of course material will then focus on analyzing the varying structural conditions and institutional barriers that affect the different strategies by which various minority and immigrant groups have sought entry and success in dominant society. Finally, throughout the course, discussions will be devoted to examining specific institutions and the various ways in which constructions of racial and ethnic categories and hierarchies are produced and reproduced in the U.S.",
SOC,235,Inequality & Power,1,SOC 101 - Introduction to Sociology.,,"The study of inequality (how it emerges, its various manifestations, and why it persists) is a cornerstone of sociology. This course is designed for those who are interested in the theoretical conceptions and critiques of power and privilege and their combined effects on socio-political and economic life. The course is divided into three parts: a brief survey of the various theoretical perspectives of inequality and stratification; an examination of the complex intersections of race, ethnicity, and class structures in American society; and a discussion of gendered effects of migrant work within a global and comparative perspective.",
SOC,243,Sexuality & Gender,1,SOC 101 - Introduction to Sociology.,,"In this class we will use sociological perspectives to explore sex, sexuality, and gender. We will examine the mechanisms of power that construct and regulate our identities, behaviors, and very bodies. In particular we will look at how sex, sexuality, and gender are shaped by law, research, medicine, ""sexperts,"" the media, and our family and friends. We will also look at how sex, sexuality, and gender permeate our daily lives, often in ways we do not even see.",
SOC,270-279,Topics in Sociology,1,SOC 101 - Introduction to Sociology.,,Selected courses with a specialized focus that are not contained within the regular sociology curriculum. Such topics might include Urban Sociology or Criminology.,
SOC,302,Sociological Theory,1,SOC 101 - Introduction to Sociology.,,"An investigation of the classical foundations of social thought in sociology. The course concentrates on the original works of theorists such as Marx, Weber, Durkheim, and other important authors from the nineteenth and early twentieth centuries as well as contemporary theorists. Analyses of central theoretical paradigms and questions are explored.",
SOC,311,Research Design in Sociology,1,SOC 101 - Introduction to Sociology and one elective.,,"This course provides experience in the design and implementation of sociological research. It introduces quantitative and qualitative techniques for collecting, analyzing, and reporting data. The epistemological issues that underlie sociological research, the ethical questions involved in research, and the assumptions on which various research strategies are based are examined. The strengths and weaknesses of the most commonly used methods are evaluated. Students will design an original research project.",
SOC,312,Quantitative Methods for Social Data,1,SOC 311 - Research Design in Sociology.,,"This course focuses on quantitative methods. Students will learn how to use statistics to address research questions in sociology, using popular statistical packages such as SPSS to analyze data.",
SOC,313,Qualitative Methods,1,SOC 311 - Research Design in Sociology.,,"This course provides a theoretical and practical introduction to multiple forms of qualitative research methods and the numerous phases of conducting a qualitative research project, including project proposal, data collection, data management, analysis, interpretation, linking findings to theory, and presenting data. It will also engage questions about what we can know, strategic and ethical concerns, and the use and impact of self in doing research. The course assignments include a series of structured exercises to provide experience in collecting and analyzing data, as well as an original research project.",
SOC,317,Sociology of Health,1,SOC 101 - Introduction to Sociology.,,"In this course we will explore the social aspects of health, illness, and the health care system in the contemporary United States. This will include an introduction to the theoretical underpinnings of medical sociology and health disparities as well as examinations of the social and historical construction of medical problems and disease, the relationship between health care providers and patients, the health care system, and pressures that are transforming the medical sciences. This seminar provides a survey of a number of topics related to health, illness, and the health care system. Students will have the opportunity during the semester to delve more deeply into an issue of special interest or importance to them.",
SOC,320,Environmental Sociology,1,SOC 101 - Introduction to Sociology.,,"This course analyzes the social causes and consequences of environmental change. We explore the relationships among production, consumption, population, technology, and environment. The major theoretical paradigms in environmental sociology are used to analyze environmental issues. Some of the questions we address include: Is ""green"" capitalism possible? Does population growth lead to environmental degradation? Can technical fixes solve environmental problems? Has the environmental movement been successful?",
SOC,323,Sociology of Food,1,SOC 101 - Introduction to Sociology.,,"This course relies on a sociological lens to uncover the complexity behind what is an everyday activity by examining the inter-related systems of production, processing, marketing, and consumption of food across and within international, national, regional, and local markets. We will consider what, when, how, and with whom we eat and discover how various aspects of food consumption and production can be understood in terms of the organization of society's social institutions as well as the structure of social relations among the individuals that comprise that society.",
SOC,325,Imagined Communities: The Sociology of Nations & States,1,SOC 101 - Introduction to Sociology.,,"This course aims to elucidate the complex interactions between nation and state by examining the nationalist experiences of several post-colonial and non-Western societies in Southeast Asia. A central part of this examination will entail addressing questions of citizenship and identity amidst contemporary socio-political and economic changes. Readings will focus on some of the central debates in the sub-field of political sociology as well as the dominant theoretical paradigms in the study of nations and nationalisms. A substantial part of the course will focus on a critical analysis of the institutional processes underlying state formation and nation-building as well as assessing the impact of globalization on institutional and group-level definitions of national, ethno-cultural, religious, and gender identities.",
SOC,340,Development & Social Change,1,SOC 101 - Introduction to Sociology.,,"This course analyzes development from a sociological perspective. It examines different theoretical models for understanding macro-level social change, such as modernization theory, dependency theory, and world-systems theory. Possible topics for exploration include the environment, economic development, revolution, urbanization, population, and poverty.",
SOC,342,Boundaries & Belonging: Sociology of Diasporas,1,SOC 101 - Introduction to Sociology.,,"This course will investigate the impact of historical and contemporary movements of peoples across international borders and on definitions of citizenship and identities by raising questions about the permeability of national borders and the fluidity of cultural boundaries. A close examination of how globally dispersed peoples maintain and cultivate real and imagined ties to the ideals of a ""homeland"" or ""place"" reveals the cultural and institutional productions of transnational migrant communities that challenge the binary boundaries of ""home"" and ""abroad."" Relying on a sociological perspective, we will consider the negotiations of belonging within and between these peoples and their host societies and study the different forms of transnational, diasporic, and cosmopolitan identities that result from such negotiations. In particular, case studies will include, but are not limited to, that of the Chinese and African Diasporas.",
SOC,350,"Social Movements, Protests, & Conflicts",1,SOC 101 - Introduction to Sociology.,,"A sociological investigation of the causes and consequences of social movements. The course will examine both historical and contemporary social movements in the United States and elsewhere to understand the underlying social, economic, political, and demographic factors that cause their emergence and that influence their evolution. Movements as diverse as the Civil Rights movement and the White Supremacy movement will be examined.",
SOC,352,Global Migration & Transnational Communities,1,SOC 101 Introduction to Sociology or instructor permission.,,"This seminar will explore the global flow of people across national boundaries in the late twentieth century and the ways in which these dispersed peoples build and maintain social networks across national borders. As such, we will be looking at the reasons that have impelled people to move about the globe, the ways that transnational social identities are being constructed among globally dispersed peoples, and the challenges that new social formations pose to the dominance of the nation-state as the primary source of social identities and political loyalties. This course will survey key current theoretical debates in the study of international migration with an emphasis on related literature dealing with gender, race and ethnicity, transnational practices and identities and cultural hybridity. The course is anchored in the US case, but we will consider other nations and the lessons they provide.",
SOC,450,CUE: Senior Seminar in Sociology,1,SOC 302 - Sociological Theory and SOC 311 - Research Design in Sociology.,,A sociology seminar in which students participate in a collective research and/or applied project. Open only to sociology majors and minors or by permission.,
SOC,970,Sociology Independent Study/Research,,,,Each independent study/research course is to be designed in consultation with a faculty sponsor.,
SPC,250,Basic Speech,1,,,An introduction to the principles of public speaking. Concentration on the development of assurance and good platform presence through making frequent short speeches of simple expository or narrative types.,
SPN,321,Roots of the Hispanic World,1,SNC 301 Conversation & Debate or SNC 303 Spanish for Heritage Speakers II,,"What is it that connects the cultures of Latin America with those of Spain? In this course we provide tools and strategies for exploring the political, social, intellectual, artistic, and literary development of the Spanish-speaking world from the earliest history to Latin America's independence from Spain. We will examine the key historical moments that have influenced both regions, offering insights into the geographic, ethnic, linguistic, and cultural diversity of both Spain and Latin America. Engaging with graphic evidence, written texts, and multimedia resources, students will gain a deeper understanding of the complex realities and intersections of race, class, and gender in the settlement of the Iberian Peninsula, the pre-Columbian cultures of the Americas, the arrival of Spain in the Americas, colonialism, imperialism, revolutions, and independence in the 19th Century. Conducted in Spanish, this course builds on language and cultural skills.",
SPN,323,The Hispanic World Today,1,SNC 301 Conversation & Debate or SNC 303 Spanish for Heritage Speakers II,,"Latin America and Spain are today vibrant reflections of each other's history and culture: we see this in contemporary social movements, political struggles, and, of course, an extraordinary weave of Spanish language media that crosses the Atlantic with ease. Today's Spanish- and Spanglish-speaking communities, and the English-speaking sons and daughters of those communities, are connected by something we call Hispanic culture... but what does that mean? In this course we provide tools and strategies for exploring contemporary political, social, intellectual, artistic, and literary movements in the Spanish-speaking world. We will examine the key historical moments and the rise of marginalized voices (including women, gitanos, indigenous, and immigrant voices) that continue to shape contemporary society on both sides of the ocean, seeking a deeper understanding of the tensions and connections that define Spain and Latin America. Conducted in Spanish, this course builds on language and intercultural skills.",
SPN,325,Brujería in Latin American Cultures,1,SNC 303 Spanish for Heritage Speakers II or SNC 304 Texts & Contexts or permission of instructor,,"This course explores Latin American and Caribbean culture and its connections with Europe and Africa through references to witches, witchcraft, and alternative forms of religion and power exercised by women, including practices from Santería, Palo Monte and other Afro-Caribbean religions. While most of the readings are by 20th and 21st century writers, we will trace the origin of many of these tropes, and their re-intervention in the present. We will investigate as well how violence against women has often times being justified as a deviation from morality and religion, and how literature and the arts have represented these topics. With a wide lens on how many women or queer bodies have been considered deviants, dangerous, and deemed punishable, this class will look at how colonialism and its aftermath shaped discourses around religion in the Americas, and how different media: legal documents, visual arts, film, novels, and theater, have represented and contested those discourses and bodies, and the social misconceptions around them. We will pay special attention to the historical context in which these works are produced, and to the how ideas of brujería have changed across time, until present day. What is brujería in the context of Latin America and the Caribbean? What new meanings are still possible from performing brujería ? The course will include an approach to local practices of brujería in the Lehigh Valley, and will allow for creative/artistic expression as part of our class assignments.",
SPN,327,Public Health in Practice: Panamá,,"SNC 102 Communication in Spanish I. 
 
 NOTE: This course is cross-listed with PBH 327",,"The study of public health is rooted in the notion that health is both a human right and the product of multiple and varied factors. In this course we will put that notion to the test, considering the global objectives for good health and the medical, environmental, socioeconomic, and political elements that facilitate -or hinder-achievement of those goals. In particular, we will examine the case of Panamá, preparing research projects over the course of the semester that will then be completed using data and experiences from a two-week visit to Panamá. Areas of focus include access to potable water, control of mosquito breeding areas, women's health issues, language access in areas where other languages or illiteracy dominate, intersections of institutional health and local cultural practices, and funding policies for health centers in marginal and indigenous regions. To consolidate a sustainable relationship with our Panamanian partners, we will also design and complete a service project in collaboration with a local agency. The class is conducted in English with Spanish. The Spanish language component of the course includes an introduction to essential communication for healthcare and public health interviews; more advanced Spanish students will be introduced to the skills of oral interpreting and transcription.",
SPN,329,Hispanic Media,1,"SNC 301 Conversation & Debate, SNC 303 Spanish for Heritage Speakers II, SNC 304 Texts & Contexts or permission of instructor.",,"This course analyzes the influence of media and technology on Hispanic literature, cinema and theater. With a historical perspective, the class will critically analyze how cultural products incorporate new media (such as photography, film, internet, email, social media, among others), and will pay attention to how technology affects gender and sexuality in these works. The class will include some theoretical texts to complement the readings and audiovisual materials. This class will provide students with a historical perspective on the relationships between technology and culture during the nineteenth, twentieth and twenty-first centuries, and will help them to analyze cultural texts in Spanish from other critical perspectives. In addition to that, it will offer them the opportunity to understand the context and some of the most important debates in Latin America and the Caribbean. The students will be able to close-read, think, write, and talk critically about the subject, in addition to exploring creative writing.",
SPN,330,Culinary Cultures,1,SNC 301 Conversation & Debate or SNC 303 Spanish for Heritage Speakers II,,"This course explores the role of food in shaping the cultural, social, and economic landscape of Latin America from ancient civilizations to contemporary societies. By delving into primary sources, academic texts, and contemporary literature, students will gain a comprehensive understanding of how food reflects and influences identity, power dynamics, migration, globalization, and sustainability in Latin America and Spain. Through a combination of historical analysis, anthropological perspectives, culinary studies, and literary excerpts students will examine the diverse ingredients, cooking techniques, rituals, and culinary traditions that have evolved over centuries. Taught in Spanish, this course reinforces linguistic and cultural skills.",
SPN,407,Interpreting,1,"One 400-level course in Spanish, SNC 303 Spanish for Heritage Speakers II,or SNC 304 Texts & Contexts; or approval of instructor.",,"With a rapidly growing Latino and Hispanic immigrant population, the Lehigh Valley offers Spanish students a unique opportunity to hone their spoken language skills and cultural understanding. This class blends on-campus preparation in the basic theories and methodologies of oral interpretation with community-based practical experience, investigation, exploration, and reflection. Work with community partners working closely with Spanish speaking clients is contextualized during weekly classes, providing a solid introduction to local Hispanic/Latino culture and concerns. Students should expect to commit about 5 hours per week to the community service learning component of this course.",
SPN,408,Translation,1,One 400-level course in Spanish or approval of instructor.,,"The Lehigh Valley is undergoing demographic changes that call for new and better communication between English- and Spanish-speaking communities. This course prepares students to create effective bridges, translating written documents and other texts from English to Spanish and Spanish to English. As a service learning course it incorporates collaborative projects with organizations working closely with Spanish-speaking clients. Weekly classes will provide a solid introduction to the basic theories and methodologies of written translation with special focus on the specific needs and concerns of the local Latino and Hispanic immigrant communities. The class is conducted in Spanish, though given the special nature of English/Spanish and Spanish/English translation, class discussions may include Spanish, English, or even Spanglish. Students should expect to commit about 5 hours per week to the community service learning component of this course. Designed to complement SPN 407 - Interpreting.",
SPN,410,Heroes and Sinners,1,SNC 304 - Texts & Contexts.,,"A study of representative works of Spanish literature of the Middle Ages through the Renaissance. Emphasis is placed on the literary analysis of both major and marginal genres, such as epic poetry, the fable, ballads, the miracle story, the picaresque novel, and mystic poetry. We will highlight the historical and socio-cultural context of these period texts, paying special attention to the relationships among Christian, Arabic, and Jewish cultures coexisting in the Iberian Peninsula at the time. We will also explore the way in which these different cultural products were experienced by their mainly illiterate audiences, through private performance (communal readings, moral exemplum , teaching lessons) and public performance on the stage or the street (theatrical productions, puppet shows, songs, and dances). Texts are accompanied by a number of films/videos based on the literary works and/or the historical period. Class is conducted in Spanish.",
SPN,411,Don Quijote,1,SNC 304 - Texts & Contexts.,,"Don Quijote is one of the greatest and most humorous books ever written, and this course offers an in-depth study of Cervantes's masterpiece, providing structural and historical insight into the birth of the modern novel. We will examine Don Quijote , as an emblem of artistic and social modernity in the West and as a multi-faceted cultural icon central to the humanities, exploring issues such as the nature of reality and illusion, heroism, humor, adventure, freedom and self-fulfillment, racial tolerance, love, the consequences of reading, metafiction, games, and truth. This course will also investigate the transition from an oral to a written culture and the importance of printing, and we will explore the problem of Spanish national identity through the emerging imperial processes of political and cultural exclusion. Class is conducted in Spanish.",
SPN,412,Text and Stage,1,SNC 304 - Texts & Contexts.,,"This course is an introduction to early modern drama of the XVI and XVII centuries from a performance-based approach. Students will read, analyze and interpret some of the most important plays produced during the Spain's so-called Golden Age by authors like Cervantes, Lope, Tirso, and Calderón. We will focus on textual analysis and performance as two fundamental elements in the understanding and appreciation of Spanish theatre. Students will have access to the plays from different angles: 1) as texts to be studied analytically; 2) as cultural and historical exponents of a specific period; 3) as objects of literary and theatrical research; and 4) as productions waiting to be staged. After an introductory account of early modern Spanish theater and comedia performance then and now, classes are organized around three phases resembling those of theater production: text analysis, pre-production workshop, and staging. Note: By the second part of the semester students will need to schedule additional time outside the classroom to rehearse and complete the production of a short play or scenes for the stage. Class is conducted in Spanish.",
SPN,413,From the Golden Age to the Silver Age,1,SNC 304 - Texts & Contexts.,,"A study of the plays, poetry, and novels of eighteenth and nineteenth century Spain, reflecting the social, political, and ideological changes leading up to and throughout the Industrial Revolution. Special attention will be paid to the different roles of writer, narrator, and reader through textual clues. Taught in Spanish.",
SPN,414,Spanish Identity in Times of Change,1,SNC 304 - Texts & Contexts.,,"Literature has always reflected the character and context of its creators, opening a window to a sometimes distant past. So how do we study the texts of today? In this exploration of contemporary literature we will develop tools with which to interpret the cultures and contexts of today's - and tomorrow's - Spain. Emphasis is placed on literary reflections of the changes to the concept of national identity in Spain, spanning the harrowing realization in 1898 that Spain was no longer host to an empire, through the harsh repression and massive emigration under Franco's rule, to the new reality of Spain as home to fast-growing immigrant communities. Class is conducted in Spanish.",
SPN,415,Conquest & Colonization,1,SNC 304 - Texts & Contexts.,,"Reading and discussion of poetry and prose by Indoamerican writers of the Pre-Columbian era and by Spanish American writers from the fifteenth through the nineteenth centuries. Students will explore how literary components such as theme, character, and imagery represent the rise and fall of the Spanish Empire in the Americas and its resulting confluence of indigenous, African, and European cultures as they trace the development of Spanish American literature from its earliest expressions in pre-conquest cultures to the first declarations of defiance against the Spanish Crown by colonial writers. Emphasis is placed on an understanding of the technical development of various genres within each literary period as well as on the thematic content of work as it relates to the period's historical, political, social, and philosophical content. Class is conducted in Spanish.",
SPN,416,Postcolonial Realities in Latin America,1,SNC 304 - Texts & Contexts.,,"Reading and discussion of selections by Spanish American writers from the late nineteenth through the twenty-first centuries. For many Spanish American authors, obscuring the line between reality and fantasy becomes a literary game in the search for true reality within countries racked by civil strife that underscores the postcolonial paradigm in the Americas in terms of the subaltern issues of race, gender, and social class. Thus, students will delve into the artistic subconscious as they examine the legacy of the Spanish Conquest in the prose and poetry of literary periods that include modernismo , posmodernismo , and vanguardismo as well as the Boom and Post-Boom with their techniques of realismo mágico and realismo crítico. Emphasis is placed on an understanding of technical development of various genres within each literary period and on thematic content of work as it relates to that period's historical, political, social, and philosophical context. Class is conducted in Spanish.",
SPN,417,Latin American Novel,1,SNC 304 - Texts & Contexts.,,"An in-depth study of the development of the novel in both the pre- and post- ""boom"" periods of the Spanish American narrative. Emphasis is placed on an analysis of the literary techniques and thematic aspects of the works in relation to the various artistic and philosophical movements of the twentieth and twenty-first centuries. Class is conducted in Spanish.",
SPN,418,Film & Adaptation,1,SNC 304 - Texts & Contexts.,,"In this course students will explore contemporary Hispanic narrative and visual traditions by analyzing 5 literary works and their cinematic adaptations. These novels represent a range of early twentieth century writing styles through modern narrative formats. Students will also examine contemporary films and documentaries which they will study in their social, political, and cultural context. Issues to be discussed include film adaptation as a cultural construct; narrative voice in literature and film; the transformation of the written word to a visual image; and the relationship between politics, literature, and film. Students will be invited to engage critically with the texts and films explored in this course which serve as windows into the richness and complexity of the Spanish-speaking world enhancing their cultural awareness, empathy, and intercultural communication skills. Taught in Spanish.",
SPN,419,Frontiers & Diasporas,1,SNC 304 - Texts & Contexts.,,"An exploration of contemporary narratives by Latino writers in the United States who focus on the border experience, understood as both a geographical and cultural phenomenon. Emphasis will be placed on the analysis of the literary techniques employed in the development of the narrative form within its political, social, and cultural context. Topics include issues of class, ethnicity, and gender. Class is conducted in Spanish.",
SPN,420,Human Rights in the Hispanic World,1,SNC 304 - Texts & Contexts.,,"A literary exploration of the nature of human rights in the Americas through a close examination of representative works of various genres, such as poetry, the short story, the novel, and drama. Emphasis is placed on an understanding of literary theory and technique within the historical, political, and philosophical context of each work. In this way, students will explore thematic issues such as the legal and ethical rights inherent in citizenship within the world and specifically within the Americas with respect to ethnic and religious minorities, women, gays, and political dissidents. Areas of comparison/contrast will include Chile, Argentina, Guatemala, El Salvador, Cuba, and the United States. Class is conducted in Spanish.",
SPN,422,Books and the Body: Hispanic Literature and Medicine,1,"SNC 303 Spanish for Heritage Speakers II, SNC 304 Texts & Contexts or permission of instructor.",,"A healthy body and an unhealthy body might seem to be universal concepts, but each culture has a unique way of seeing both. With an eye at preparing students to provide or advocate for culturally competent healthcare to Hispanic immigrant and LatinX patients and their families, this course will present texts from across the Spanish-speaking world, and will explore evolving notions of the body, the representation of specific conditions and diseases, and the role of healers. The practice of medicine in a culturally and linguistically diverse society will provide a framework for the texts we read and the projects we do. Medical texts offer not only snapshots of scientific understandings specific to a context and community, but also a glimpse at the creative processes that inform the healers. Literary texts can do the same, but also introduce an element of ambiguity that complements the apparent certainty of scientific evidence. Drawing our source texts from Spain and, especially, Latin America, this course invites students to engage with multiple representations of health and healthcare to improve communication between medical providers and advocates and the Hispanic and LatinX communities. Literature opens a unique window into a time, into a place, into a culture; for health professionals in our ever-more diverse society, Spanish-language literature offers unique insight into the mindset and cultures of Hispanic immigrant and LatinX patients and their families. We will read texts spanning different centuries and geographical regions, opening windows to evolving understandings of the body, medical technologies, and period-specific ideologies. While the charms and oddities of past centuries may seem insufficient reason to struggle with poetry and novels in a second language, the course objectives are designed to draw the XXI century reader in to the deeper issues these texts raise.",
SPN,424,Marginal Voices in the Hispanic World,1,SNC 304 Texts & Contexts,,"Literature, like music, has a list of greatest hits... the canon, the list of texts and authors that appear on standardized tests and in anthologies. In this course we will look beyond those texts to those that have been historically pushed to the margins: women, indigenous, Afro descendent, ethnic and linguistic minorities, immigrants, all of those excluded or simply missing from the canon. We will consider why the canon exists and what forces sustain it. The relationship between literature and communities will provide a backdrop for the primary and critical texts we will read: what does the presence or absence of a set of voices imply for society and social equity? The specific focus will vary by semester, to allow for an in-depth exploration of the selected group. 
 
 Taught in Spanish.",
SPN,450-499,CUE: Senior Capstone Seminar: Transatlantic Issues in Hispanic Literatures & Cultures,1,One 400-level course in Spanish or approval of instructor.,,"The senior Capstone Seminar is a topics-based course in Spanish that will allow students to take their understanding of Hispanic literatures and cultures and apply it to broader multicultural and international perspectives. Whether focusing specifically on literature or centering on broader social, cultural, or linguistic issues, students will examine aspects of the on-going dialogue between Spain and the Americas within their historical, social, and political contexts. The explicitly comparative approach will both broaden and consolidate students' understanding of language as a living process rooted in cultural contexts, a process essential in a pluralistic American society and in a world where nations―even those bound by a history of colonialism―are interdependent in increasingly complex ways. Students will work individually and collaboratively to design, research, and present their critical analyses and findings in a thoughtful and thought-provoking way using theoretical approaches consistent with the discipline. Class is conducted in Spanish.",
SPN,970,Spanish Independent Study/Research,,,,Each independent study/research course is to be designed in consultation with a faculty sponsor.,
STA,104,Statistical Thinking,1,,,"We are frequently presented with statistical claims from a wide variety of fields and information sources. This class prepares students with tools to think like a statistician by asking questions to critically evaluate, interpret, and assess these claims. Additionally, the course explores ethics within the field of statistics, statistical misuse, and common data pitfalls.",
STA,119,Statistical Analysis,1,Recommended: 3 years of high school mathematics.,,"Our world is full of questions that can be explored through data. This course discusses the complexities of collecting data, how the data collection method influences the conclusions that can be made, and how to explore and analyze collected data. Statistical software (R/RStudio) is integral throughout the course in exploring data visually, numerically, and analytically (with confidence intervals and p-values). Emphasis is placed on clearly communicating statistical results. Topics include bootstrap distributions to understand confidence intervals, randomization distributions to understand p-values, t-tests, proportion tests, Chi-Square analysis, ANOVA, and simple linear regression.",
STA,"219, 220",Statistical Models,1,STA 119 Statistical Analysis,,"This course builds on the models from STA 119 Statistical Analysis, and explores techniques for using multiple variables to gain a deeper understanding of a response variable utilizing datasets from a variety of fields. Emphasis will be placed on the use of statistical software to process data, fit statistical models, and assess model performance. Topics covered will include experimental design, analysis of variance, multiple linear regression, variable selection, model comparison, and logistic regression.",
STA,229,Data Visualization,1,STA 119 Statistical Analysis,,"Data visualization is a powerful tool to explore and communicate information. In this course, students will leverage visualization to uncover trends, drive decisions, and convey persuasive evidence. Students will use statistical software to clean, tidy, and organize data to prepare for clear visualization incorporating a variety of different types of data. Students will gain hands-on experience refining visualizations, creating dashboards, and adding interactive features to their visualizations.",
STA,319,Predictive Statistics,1,"STA 119 Statistical Analysis and STA 219, 220 Statistical Models",,"This course is an advanced applied statistics course that builds on the statistical methodologies introduced in MTH 219 Statistical Models. Emphasis will be placed on the application of complex models to real world situations to predict uncertain outcomes. We will cover metrics for assessing predictive performance of time series, survival analysis, and classification algorithms.",
STA,357,CUE: Statistics Seminar,1,"STA 219, 220 Statistical Models and MTH/STA 331 Probability",,"In this course, students integrate advanced statistical concepts to a project on a topic of their choosing that uses real-world data. Options for projects include community based projects, applied data analysis and research projects in statistics. Student projects will use methods covered throughout the statistics curriculum, identify directions to extend the statistical analysis, and implement novel statistical methods learned independently.",
STA,970,Statistics Independent Study/Research,,,,Each independent study/research course is to be designed in consultation with a faculty sponsor.,
SUS,330,Ecology and Religion in Japan,1,Instructor permission required,,"Through religious life and environmental stewardship are often understood to be mutually exclusive realms of human activity, the reality is that these land practices often influence one another in important ways. This course to Japan offers a unique opportunity to explore the intersections of sustainability and religion in the context of an industrialized Asian country. After a semester introducing students to the fundamentals of ecology and how humans rely upon and impact ecosystems processes, as well as to the history and ritual of Buddhism and indigenous Shinto, we will visit Japan. There, we will explore Japanese religious communities, businesses, schools, and secular urban spaces to gain an understanding of Japanese practices of place, addressing several key questions. How does the recently designated UNESCO World Heritage Pilgrimage, and Kumano Kodo, handle the environmental stress of its 15 million annual visitors? To what extent does the Buddhist teaching of no-self affect the Japanese response to the 2011 tsunami? How do small-scale fisheries situate themselves in both the global economy and in the Shinto universe of gods and humans? We will visit both urban industrialized Osaka and deeply rural Wakayama, investigating the way Japanese people attempt to balance industrialized manufacturing, dense urban living, and the limited resources of a small island nation. As case studies, we will explore the impacts of the Japanese fishing industry on global ocean health and engage in service learning with a lay-based ecological religious movement led by a Shugendo priest. Our trip will also include visits the historically important cities of Hiroshima and Kyoto.",
SUS,350,Community Sustainability in Costa Rica,1,,,"Students explore solutions to complex community problems related to sustainability in Costa Rica. During the spring semester students develop projects and prepare for the two-week study/research/travel experience to Costa Rica at the end of May. Preparation includes study of the area's ecological diversity; political, cultural, and social issues; research skills; and service in the Allentown Community. In Costa Rica students explore a variety of habitats, live in and interact with members of a small town, and conduct both community service and independent research projects. Research projects focus on ecology, sociology, culture, sustainability, and public health of the region. One objective is to remove the blinders of specific discipline-based learning and our own culture to enable us to develop sustainable solutions.",
SUS,355,Climate Change & Sustainable Development in Bangladesh,1,,,"This team-taught course examines the impact of climate change on economic, social, and political development by focusing on the nation of Bangladesh. In addition to introducing students to the science and politics of climate change, the course also examines the specific environmental, economic, and social changes confronting Bangladesh's political development since its independence; investigates the environmental and social consequences of state-sponsored development strategies, especially recent market-based ""neo-liberal"" policies; and evaluates new ""sustainable development"" strategies that are emerging as a response to the challenges posed by climate change.",
SUS,365,Local Sustainability,1,Any single course in the Sustainability Studies Minor.,,"This course will take an integrated approach to analyzing sustainability at the local level, specifically looking at communities in the Lehigh Valley, and exploring human-environment issues within the context of the relationship among individuals, institutions, and ecology. This course focuses on teaching students science as a way of knowing and illustrating the importance of integrating scientific understanding with other disciplinary and societal perspective to advance sustainability in our local community. This is a field trip based, service-learning course where students will apply understanding of globally important sustainability issues to locally relevant situations through a series of 8-10 interactive field trips, reflective journaling, and community engaged research. The class will culminate with semester-long service-learning projects, collaboratively designed and conducted with our community partners. These projects will have students scientifically assessing current sustainability efforts and developing recommendations to advance our community partners' missions by effectively integrating scientific understanding with our community partners' experiences with outreach and communication, natural resource management, and local political and social engagement. Priorities for research will be determined in collaboration with community partners, and results and recommendations will be shared with and used by our community partners to advance their missions.",
SUS,405,Sustainable Solutions,1,Any three courses in the Sustainability Studies Major or Minor.,,"An integrative & project-based approach to developing sustainable solutions to meet the needs of human society by integrating environmental, economic, and social justice issues on local, regional, and global scales. Through lecture & discussion, readings, writing, presentations, and digital research and dissemination, students will identify and explore place-based sustainability problems and their potential solutions in order to advance sustainability objectives for a specific location. This will be achieved through systems thinking, stakeholder identification, problem analysis, asset mapping, and identifying barriers to solutions for each of the major themes addressed in the readings and in class. Students will post all of their written work on their own web domain as part of the Berg Builds Program.",
SUS,960,Sustainability Studies Internship,1,,,"Internships arranged with local, national, and international public or private organizations in the areas of development, environment, and sustainability in practice.",
SUS,965,Sustainability Studies Practicum,0.5 - 1,,,"Under faculty supervision students will serve as interns with local, national, and international public or private organizations in the areas of development, environment, and sustainability in practice. The practicum includes a significant academic (written, presentation, and/or production) component. Practica must be approved by the Program Director.",
SUS,970,Sustainability Studies Independent Study/Research,0.5 - 1,,,Each independent study/research course is to be designed in consultation with a faculty sponsor.,
THR,105,Performance & Society,1,,,"This foundational course introduces first year students to the critical and historical study of performance in its widest sense. We ask: What does it mean to perform? Why do people perform? How do performance events shape social reality? How do they constitute, regulate, or disrupt power formations? How do forms, formats and meanings differ across cultures, times and places, and how do they relate to one another? Contextualizing theatre within a broader array of performing activities such as dance, music, ritual, play, sports, political protest, and everyday social behaviors, we interrogate the ideological, formal and functional aspects of performance as a mode of social production.",
THR,107,Dramatic Text in Action,1,,,"Dramatic Text in action focuses on the specific historical category of drama and its way of thinking and producing meaning. This course teaches methods of textual analysis that specifically align with the tasks of theatre scholars and interpretive artists (as opposed to a literary studies paradigm). The essential perspective is seeing plays as structures of actions that create and embody meaning, and thinking about how to show the event of the play through compositional practice. Students will develop skills in locating and naming actions and events. They will practice dramaturgical investigation, visualization, and textual and contextual analysis across a range of dramatic moments and styles. Normally taken in Spring of first year, following Performance & Society.",
THR,151,Voice & Speech for the Actor,0.5,,,"This course teaches fundamental methods for developing the actor's voice as a free, responsive embodied instrument. Drawing from the work of major voice/speech teachers, such as Kristin Linklater, Patsy Rodenburg, Arthur Lessac, Cicely Berry and others, students will explore practices that develop greater vocal freedom, presence and range. These practices will emphasize the release of unnecessary physical and vocal tension, while also strengthening breath support, expanding resonance, and making connections between sound, impulse, image, thought, language and action. Attention will also be paid to speech articulation and muscularity, with students practicing habits that support intelligible, expressive spoken language. Rather than approaching voice as a fixed ideal or neutral standard, the course invites students to understand their own voices as artistically distinctive, physically rooted and capable of greater flexibility, power and range. Please note that this is a studio course centralizing actor-training techniques, and students should be willing to engage fully in physical, vocal, imaginative, and performance-based work.",
THR,153,Accessibility & the Arts,0.5,,,"Access is created when people of diverse abilities have an equal opportunity to attend, participate in and enjoy arts programming. Gaining an understanding of, and an appreciation for, accessibility and the arts. Acquisition of specific skills and knowledge including legal obligations, universal design, effective communication, training, audience development and cultural programming. This course will explore the variety of ways organizations make the arts accessible for people with disabilities, elderly individuals and patrons with unique needs. Students will study accommodation options and the process of evaluating and creating policies, programs and activities with universal access in mind. Several case studies of various organizations will be considered and students will participate in several specific training modules.",
THR,155,Movement for the Actor,0.5,,,"This course is designed for movers of all levels and is intended to help build a tension-free, resilient, expressive, present physical instrument. Presence, space, play, shape, energy, relationship, strength, release, breath these are all essential elements of the actor's process that reside in and radiate from the body. We will explore these elements as an ensemble and create both ensemble and individual pieces that utilize these elements as tools of storytelling. Along the way, we will build awareness of individual tensions and habits and explore ways to balance and organize the body. Exercises will be drawn from Frantic Assembly, Ruth Zaporah, Viola Spolin, Annie Loui, Viewpoints, yoga, contact improv, Rudolf Laban, and more. No prior movement or dance experience is required. This course is open to all bodies of all abilities.",
THR,157,Stage Combat,0.5,,,"This course is a hands-on comprehensive introduction to sword fighting for theatrical presentation. Students will be trained in the safe use and execution of the rapier and dagger techniques. They will be taught basic footwork, parries, offensive and defensive moves and choreography and then apply techniques to scene work. Attention will be given to the rehearsing of given fight choreography as it applies to the stage. Class will culminate in a skills proficiency fight test to be adjudicated by a qualified Fight Master with the Society of American Fight Directors (SAFD).",
THR,158,Fundamentals of Musical Theatre Performance,0.5,,,"In this introductory process-based course for first-year students, a range of foundational tools will be developed for discussing, preparing and performing musical theatre material. Through physical work, as well as beginning work on character development and script/score analysis, students will craft a common language and elementary approach for further study of musical theatre repertoire. As they explore ensemble exercises as well as solo work, students will consider how to begin creating impactful, personalized performances, while investigating who they could be as musical theatre artists. Core to the course is a focus on the synthesis of emotional and physical life as the essential foundation for singular, meaningful, authentic performance.",
THR,162,Stage Make-up,0.5,,,"This course is an introduction to the basics of stage make-up; study includes historical and contemporary techniques in make-up and hair design and execution. Students will analyze the face and explore ways to manipulate and exaggerate the features with make-up and three-dimensional mediums. Projects include work with analyzing plays and characters to then create conceptual make-up charts that lead to realized designs. Study includes human physiognomy, theatrical make-up styles, and rendering techniques.",
THR,164,Stagecraft: Lighting & Sound,0.5,,,"This course is a basic introduction to the history, theory and practice of theatrical lighting, sound, and projection technology. Instruction will consist of a mix of class lectures, projects, and 'hands on' laboratory experiences. Student taking this course will become familiar with the basics of electricity, stage lighting/sound equipment, common terminology, safety practices, control systems, and design communications. By the end of the course, the student should have a basic understanding of lighting, sound, and projection use in theatrical and dance productions. Outside of class time, students in this class will also contribute to the Muhlenberg production season in a backstage capacity through such activities as stage crew, wardrobe, or light hangs.",
THR,166,Stagecraft: Scenic Techniques,0.5,,,"This course will cover techniques, tools, and materials used in the construction and painting of scenery. Other technical studies will include safety, stage rigging and knots, properties, and production organization. A crew/laboratory requirement will complement class lectures.",
THR,167,Stagecraft: Costume Techniques,0.5,,,"This course will cover techniques, tools, and materials used in the construction of costumes. Topics will include properties of different fabrics, sewing, cutting and draping, dying, and costume maintenance. A crew/laboratory requirement will complement class lectures.",
THR,168,Stagecraft: Properties,0.5,,,"From script to stage, the journey behind stage props and how they get there. Learn how the process works, from reading a script for props to figuring out how to get them onstage.",
THR,211,Dialects & Accents for the Actor,1,THR 151 Voice & Speech for the Actor,,"This course teaches fundamental methods for learning, speaking in, and acting with accents and dialects of English. Students will learn basic phonemics and phonetics, including an introduction to the International Phonetic Alphabet (IPA) as well as to the speech-sound classification system devised by the voice/movement trainer Arthur Lessac. Vowel and consonant positions, resonance placement, and intonation patterns for several target dialects and accents will be practiced, and students will demonstrate proficiencies by acting in sort scenes from published plays. Attention will be paid to speaker identity and cultural inheritance of the actor; not every actor is a cultural inheritor of, say, a Yiddish or a Nigerian accent, and therefore may have insufficient reason to practice and obtain those ways of speaking to act a role. However, actors who are qualified as cultural inheritors may have very good reason for working on those accents. This course makes ethical space for exploration and learning based on those nuances. 
 
 Please note that this is a studio course centralizing actor-training techniques. As such, students should not only be comfortable doing physical and vocal exercise work, but also willing to be challenged by that work. Moreover, students should be interested in the feat of acting, and have a desire to act on stage in front of others.",
THR,212,Performance Studies,1,THR 100 Theatre & Society: An Historical Introduction,,"This course introduces the burgeoning interdisciplinary field of Performance Studies and investigates the human body engaged in symbolic action using methods drawn from such disciplines as the performing arts, cultural anthropology, ritual studies, and popular culture studies. Thus, it analyzes aestheticized forms like theatre, performance art, dance, and music but also inquires into cultural performances like political protests, fashion shows, sporting events, and worship services. Students will learn the basic history of the field and develop a working knowledge of its scholarly methods and proclivities.",
THR,213,Collective Creation in the Americas,1,,,"This course critically analyzes the connections among diverse theories, artistic proposals, and plays and performances based on collaborative processes. From colonizing mindsets to revolutionary movements, and to gestures of resistance against authoritarianism, art imagines a stage for political transformations. Is it possible to trace this active response in theatre theories and practices and, most importantly, to generate collaborative works that reclaim transnational dialogues to imagine new worlds? To what extent is it possible to find artistic voices that intersect personal concerns and socio-political landscapes? Classes incorporate theoretical reflections, collaborative experiences and digital collaborations.",
THR,217,Staging Creativity with Children,1,THR 105 Performance & Society,,"Through guided research and readings, discussions, and participatory experiential application, students will discover what inspires young children (ages 4-12) to play, how children use their innate creativity, and how they learn in environments that foreground creative exploration and thought. In order to apply the knowledge gained from the readings and discussions, students in this course will be expected to play much themselves, to experience the topics with their bodies, and to embrace their own senses of creativity, with the goal of inspiring children they may work with and teach in creative fields like theatre.",
THR,219,Creativity & Collaboration,1,THR 105 Performance & Society,THR 107 Dramatic Text in Action,"An introduction to the artistic process of creating a comprehensive design for live performance. Students will explore and apply the various means that designers, directors, and choreographers use to communicate the visual and aural world of the performance throughout the design process, and develop their looking and seeing skills. Over the course of the semester students will design the world of a production (scenic design), the characters that inhabit that world (costume design), how we visually perceive the world (lighting design), and how we hear it (sound design), all based in a unified directorial concept.",
THR,220,Stage Management I,1,"THR 105 Performance & Society, may be concurrently enrolled.",,"Introduction to the craft and art of the theatre stage manager and the professional stage management process. The course will cover the theory and historical development of contemporary practice. Studies will require the acquisition of specific skills and knowledge, including a vocabulary of theatre terminology, blocking notation, production book, and scheduling techniques. Students will learn how technical and design elements are coordinated, how to effectively work with directors, and to call and maintain shows. This course is designed to integrate theories and concepts with skills and techniques in order to meet the problem-solving and organizational challenges commonly encountered by stage managers in the creation of a show.",
THR,225,Race & Performance,1,,,"This course will consider multiple forms of contemporary performance (including theatre, performance art, visual art, and pop culture) by artists of color, alongside writings on performance and race, to think about belonging and alternative forms of world-making. This course will ask: what difference might it make to think of race as performative? How might the analytic of performance equip us to identify and enact anti-racist and anti-xenophobic strategies for everyday practice? This course will engage foundational texts to performance studies and offer an interdisciplinary approach to scholarship in critical ethnic studies and race theory, gender and sexuality studies, and performance studies.",
THR,235,Visual Experience in Storytelling,1,,,"In this course, we will be looking at visual elements in various recorded theater productions. These productions varied in their theatrical practices, approach, and aesthetics. There will be reading, writing, and drawing exercises and assignments accompanying these selected materials. The purpose of this course is to sharpen one's eyes and articulate one's thoughts about what we are looking at. Through the lens of analysis, we will decipher the visual messages the designers, actors, and directors arranged in the audience's journey with the work.",
THR,237,Dressed: Global Approach to Clothing & Fashion,1,,,"In this course we will explore the history of clothing and the universal human practice of adorning the body. We will discuss and compare how various cultures have approached creating objects that fulfill the fundamental functions of clothing including decoration, signaling of status, physical and magical protection, and complying with cultural standards of modesty, and how these groups have influenced each other from the earliest trade routes to today's fashion runways.",
THR,250,Acting Process,1,THR 105 Performance & Society and THR 107 Dramatic Text in Action (may be concurrently enrolled),,"The beginning class in the acting sequence, this class lays the foundations for the ultimate goal of the acting program: to create actors who know how to work on a role within the context of the play and who have flexibility in their craft. The focus will be on acting process, including relaxation work; how to critique; commitment to language, sound, emotional connection, and movement; the active choice; and actor's text analysis. Actors will be judged on their individual growth and also on their ability to work as an ensemble member within the class. This course is the building block leading into scene work and a requirement of the class will be a fully staged scene. Possible readings from Stanislavsky, Peter Brook, Chekhov, Williams, Shephard, and other writers. Films may be shown as an example of craft.",
THR,265,Sound Design I,1,,,"Covers basic design theory and history, engineering, and technology for theatrical sound scoring and sound reinforcement. Classes include both lecture and hands-on labs in weekly three-hour sessions. Students write short plays that require sound designs, fabricate conceptual designs for short works, create a complete sound plot, engineer a series of audio projects, and work on lab projects and exercises. Students will be able to conceptualize, discuss, and research projects; record and create basic cues; and understand and operate simple sound systems.",
THR,290,New York Theatre Experience,1,,,"During the course of the semester students will attend New York productions. Seminar discussions will focus on historical, literary, and theoretical contexts of each production. Selections will represent the diverse offerings of theatre throughout the city and will be chosen for their diversity of theatrical genres, performance traditions, historical periods, and institutional affiliations. Students will be assessed based on reflections and responses to reading assignments, discussions topics, and performance-based projects as outlined by the instructor.",
THR,"301, 302",Feminist Theories of the Theatre,1,THR 100 - Theatre & Society: An Historical Introduction or permission of instructor.,,"This course introduces students to the intellectual viewpoints, critiques, and new questions (and the new objects of study to match the new questions) that have arisen in the late twentieth and early twenty-first centuries' feminist theories of the theatre. In order to move through the theoretical models employed by feminist critics in the theatre, we will begin with those key essays in film theory, semiotics, and materialist analysis that contributed to the current body of theoretical feminist material. By reading theories of reception and representation, of race and whiteness, and of unmaking mimesis, students will become familiar with analyses articulated by contemporary scholars. As objects of study upon which to practice these theoretical approaches, the class will read contemporary plays of feminist writers.",
THR,315,Scene Design I,1,THR 219 - Creativity & Collaboration or permission of the instructor.,,"An exploration of the relationship between the play and its physical setting. Students will explore how the cultural/literary context of specific theatrical works can be expressed through the designer's process. A major focus will be on production conceptualization and the aesthetics of the theatre. Class members will be introduced to the basics of model building, color rendering practice, and the various media available to the modern designer. Crew work will be required.",
THR,317,Lighting Design I,1,THR 219 - Creativity & Collaboration or permission of the instructor.,,"An exploration of the properties of light and their relation to the stage play in production. Areas to be covered include electrical theory, color theory, stage lighting design theory, and control systems. Students will develop an understanding of the potentials of the lighting instruments available to the designer and the uses of computer memory control. Crew work will be required.",
THR,319,Costume Design I,1,THR 219 - Creativity & Collaboration or permission of the instructor.,,"An exploration of the process of costume design for performance. Students will implement the costume designer's process to analyze performance texts, conduct research, create a visual concept, and visually express their designs. Class members will be introduced to the basics of figure drawing, color rendering practice, and the various media available to the working designer. Students will view live and filmed performance and analyze the contribution of the costumes' design to the piece through written and verbal responses.",
THR,321,Stage Management II,1,THR 220 Stage Management I,,"Advanced study of stage management topics, including the integration of leadership and management theory and practice. Focus on leadership training: setting the tone, driving the process, and delivering results. Gain an understanding of current trends in workplace culture, team dynamics, and human-resource management will be actively analyzed and discussed across all professional settings. Develop a philosophy of stage management that stresses rigorous planning, adaptability to changing circumstances, and effective leadership. Develop the ability to create a safe and secure place where actors can work, to manage complicated schedules, to develop clear communication skills - both written and verbal, and the ability to organize space, people, materials and the time needed to realize a production.",
THR,323,History of Western Costume & Fashion,1,THR 100 Theatre & Society: An Historical Introduction or THR 105 Performance & Society,,"A survey of clothing from early Western civilization to the contemporary period. Special emphasis will be given to the placement of fashion in artistic, cultural, and historical contexts, and the application of historical costume research to performance design.",
THR,325,Memory Matters,1,,,"This course will consider multiple ways in which visual and performance art, photography and literature, as well as different sites of memory throughout the Americas, have transformed aesthetics as a form of critical engagement, offering reflections about the politics of memory. Our course will be guided by the following questions: What can a body do to affect other bodies' understanding of their past, present, and future contexts, and how does this relationship question notions of spectatorship and perception in aesthetic critique? How do the design, distribution, and location of memory sites, art installations, and conceptual art projects follow or counteract political interests?",
THR,327,Cartographies of Performance & Politics,1,,,"This course critically analyzes the connections among diverse theories, artistic proposals, plays, performances, and activist projects throughout the Américas. The course will analyze transnational and intercultural theatre approaches, from Bertolt Brecht's reflections upon theatre as a technology for transforming the world to Augusto Boal's notions of theatre as rehearsal for revolution. The dialogue will expand to analyze globalized strategies meant to mask-up the political stage, as well as current tactical activism and street protests, embodied theatricality, in dialogue with a broad corpus of cultural productions. Students will use these dialogues as tools for individual creativity and collective projects for social justice. They will study how contemporary responses to a world in crisis have ignited a reckoning with colonial processes that have shaped current geopolitics, territorializations, and the displacement and marginalization of BIPOC communities. Together, they will ask: Is it possible to generate collaborative works that reclaim a dialogue between individual interests and collective struggles? How are artists from the Américas reconfiguring Western-based understandings of arts and politics, and what are the potentialities of transnational hemispheric collaborations? To what extent transnational mobility generates a new map of the Américas? Classes incorporate theoretical reflections, collaborative experiences, and hands-on artistic projects that intend to find affiliations and nuances among contemporary cultural products and transnational intersections in activism.",
THR,329,Politics on Stage,1,THR 105 Performance & Society,,"In this literature-based, writing-intensive course we will focus on the role of politics and/or political/politicized issues in contemporary American dramatic texts since Arthur Miller through Suzan-Lori Parks . We will read, discuss, and write analytically (sometimes creatively) about plays that respond to and wrestle with war, religion, culture, race, class, sexuality and ultimately, identity. We will ask what makes this play ""political?"" How have politics been reflected in, challenged by and furthered through these plays? How do the personal and political intersect? How are politics and identity related and how do these playwrights represent this tensional relationship on stage? How do these plays construct and deconstruct notions of the American identity? In what ways are theatre and democracy inextricably linked? To contextualize and bolster our conversation, we will often read or view related material from scholars, critics, historians, filmmakers and philosophers alongside the plays.",
THR,"335, 336",Histories of Queer Performance,1,THR 105 Performance & Society or permission of instructor.,,"This course charts the significant (but often unmarked) influence of queerness on Western performance culture and therefore, on Western culture as a whole, since the late 19th Century. We will explore historical records of the personal and professional lives of playwrights, actors, directors, producers, designers, and critics, as well as consider the impact of major historical and performance events, both mainstream and queer, within the past 150 years. With a foundation in the history of sexual identity in the modern public sphere, this course wrestles with the problems of investigating and analyzing queer performance practices (both on and off stage). Focused primarily on the United States and Britain, the course investigates how economic, social, and political anxieties have fueled apprehension about non-mainstream sex/gender identity, as well as about art. Of particular interest is how these combined anxieties have thwarted, and can continue to hinder, the work of the queer theatre historian.",
THR,337,History of the American Musical Theatre,1,THR 100 - Theatre & Society: An Historical Introduction .,,"Students will study the history and development of American musical theatre from the era of early minstrel shows of the 1840s to the present day. As a crucial element of American culture, the study of musical theatre can lead to a deeper understanding of how issues of race, gender, ethnicity, and national identity impacted popular stage entertainment as the nation moved through the industrial revolution, civil and world wars, periods of massive immigration, depression, and increasingly complex technological change.",
THR,341,Intermediate Acting: Classical Verse,1,THR 250 Acting Process,,"A continuation of the training begun in Acting Process, this course introduces the acting student to methods for rehearsing and performing texts by William Shakespeare and other English Renaissance playwrights. Students anticipating advanced Shakespeare study abroad, including the Shakespeare acting curriculum at Theatre Academy of London, are especially encouraged to consider this course as preparation. The course is organized around investigating the practical and stylistic demands of heightened language, particularly verse, while also addressing historical and interpretive considerations as they relate to the feat of performance. 
 
 Special attention is paid to (1) linguistic energy, (2) the synchrony of thought, action and speech, and (3) the relationship between the vocal life of the actor and the experience of the character. An emphasis on voice and speech development supplements study by providing skills and insights to enhance the student's embodiment of language. 
 
 The course builds upon a foundational understanding of acting with the assumption that, despite formal differences inherent in the material, classical characters can be understood as operating within the same recognizable psychological parameters as contemporary characters. Performing classical texts is also acknowledged as requiring shifts in acting style, and as such, is capable of providing actors with tools applicable to a variety of period and genre work.",
THR,343,Culturally Competent Dramaturgy,1,,,"Inspired by the ""We See You White American Theatre"" movement, we will focus on contemporary plays by Black, Indigenous and people of color as we learn the fundamentals of dramaturgy—how to effectively read, analyze, contextualize, and view plays as theatre practitioners, scholars and critics— while also utilizing theoretical and practical frameworks to become better practitioners and advocates for Anti-Racism in theatre-making processes. Through written assignments, oral presentations, class discussion, and conversations with professional dramaturgs, directors and/or literary managers, we will examine theoretical and practical approaches to dramaturgy and play analysis, develop dramaturgical skills through hands-on experience, and name and interrogate biases and blinders within the white and privileged gaze. What does it mean to read and stage plays by BIPOC writers in white and non-white spaces? Why is it necessary to interrogate and hold accountable one's own positionality as white or non- white within a conversation on plays by BIPOC writers? We will work in an imaginative framework, picturing ourselves the Literary Department of a major Off-Broadway or Regional Theatre who has committed to an all BIPOC season of programming and we will collectively plan a theatre season.",
THR,352,Experiments in Acting,1,THR 251 - Acting II: Scene Study .,,"This course is designed to explore the extremes of tragedy and comedy, and to combine them in the specific style of Samuel Beckett, as ""tragi-comic."" With readings from Sophocles, Friederich Nietzche, Antonin Artaud, Joseph Chaikin, and Peter Hall, the class discovers the dynamics of Greek chorus, the presence of the neutral mask and the building of a clowning act. Texts from Electra and Waiting for Godot are studied in depth and serve as inspiration for writing a scene in a tragi-comic style. Films are assigned every week.",
THR,357,Intermediate Acting: Acting Political - Bringing Feminist Texts to Life,1,THR 250 Acting Process,,"Performing scripts with feminist intentions requires actors to master several performance methodologies while also calling upon those actors to work through theorectical lenses such as intersectional analyses, disabilities studies, and, of course, theories of comedy. Students will read texts which invite feminist questions and rely upon specifically ""resistant"" acting styles used by marginalized theatre-makers. These styles of performance include, for instance, the tragical-farcical (""high-low"") acting as called for by the great American writer, Suzan-Lori Parks, with her politically charged scripts as well as an anti-realistic ""downtown Lesbian camp"" style to bring performance texts generated by ""The 5 Lesbian Brothers"" or the Native American group, ""Spiderwoman"", to humorous life onstage.",
THR,363,Intermediate Acting: Contemporary Scene Study,1,THR 250 Acting Process,,"Acting is revealing; revealing the part of you that marries you to the heart of the play. The new course is designed to provide further exploration of, and build upon, previously established understandings of the complexity of the art and techniques of Acting. Student/actors will be taught how to apply different methods (Stanislavski, Hagan, Adler, and others) based on the genre and essence of the play. The actors will be assigned scenes that will ask for them to analyze the text with an eye out for wht approaches would serve each particular playwright. In-depth research of the playwright will be required; presentations on the playwright given. The ""critical thinking"" student will develop a comprehension of the different rehearsal techniques that serve different situations.",
THR,365,Intermediate Acting: Meisner,1,THR 250 Acting Process,,"""Every Little Moment Has A Meaning All Its Own"" - This course seeks to assist actors in finding and releasing truth within every moment of their work. Students will be introduced to the teaching principles of Sanford Meisner and his influence on and method of training for the actor. The class content will focus on the reality of doing by incorporating the exercises of repetitions, point of view, independent activities, emotional preparation, and scene study. Designed as an opportunity to experience more fully and deeply the act of listening and responding spontaneously to everything that is actually happening as it is happening, the work looks to embrace the concept that acting is living truthfully under the given/imaginary circumstances.",
THR,367,Intermediate Acting: Stanislavski's Psycho-Physical Technique,1,,THR 250 Acting Process,"This intermediate course is intended for those actors who are interested in going deeper in realist scene study. Our focus will be on the psycho-physical technique of Stanislavski, with its emphasis on exploring the behavior of a character. Students will be given intentionally challenging scenes from realist playwrights such as Chekhov, Ibsen, and Kushner as an arena in which to practice Stanislavski's techniques for creating rich, three dimensional characters through a deep investment in the moment to moment doing on stage. Students will work primarily on two-person scenes, but some attention will also be given to ensemble scenes and creating a sense of community on stage.",
THR,369,Intermediate Acting: Acting the Song,1,THR 250 Acting Process or permission of the instructor. All students must have the ability to read music at a basic level.,,"In Acting the Song, students develop an approach to the practice of song interpretation in musical theatre performance through work on mind, body, and emotion. Building upon fundamentals of acting introduced in Acting Process, the course combines continued investigation of acting technique with sustained attention to technical elements of the music. How can actors identify and harness the artistic decisions of the composer and lyricist to help tell the story, reveal the character, and heighten the feeling? The course includes opportunities to perform in solo songs, multi-character songs, and in a choral ensemble.",
THR,370,Directing: Directorial Collaboration,1,THR 250 Acting Process or permission of the instructor.,,"This class introduces the art form of theatre directing. Students learn key directorial concepts, focusing especially on issues of plot, character, space, and sound. A series of compact, supervised projects give students the opportunity to develop their abilities with these and other tools. In addition to teaching the basics of craft, the course presumes that directing is an expressive art form. Subsidiary concerns of the class will include models of rehearsal, directorial text analysis, and contemporary directing theory.",
THR,371,Directing: Process in Production,1,"THR 250 Acting Process, THR 219 Creativity & Collaboration, THR 220 Stage Management I,or ENG 207 Introduction to Playwriting; or permission of the instructor",,"This is an experiential course that explores the process of bringing the play text to the stage. Working as an ensemble of actors and directors, the class will confront the challenges of production conceptualization, text analysis, problems in physical staging, and collaborative process. Each student will participate as a director and actor in the mounting of several one-act plays in the course of the semester. Members of the class will also produce two production prompt books based on their work as directors.",
THR,372,Directing: Brecht & Company,1,"THR 250 Acting Process, THR 219 Creativity & Collaboration, THR 220 Stage Management I, or ENG 207 Introduction to Playwriting;or permission of the instructor.",,"This course explores the ideas and techniques of one or more major theatre directors. The class will touch upon the historical development of each artist, concentrating on the conceptual and practical bases of their work. Students will read and write about these signal figures and create many new theatrical projects inspired by them. Extensive collaboration will be expected. The directors studied will change from semester to semester but might include Vsevolod Meyerhold, Bertolt Brecht, Joan Littlewood, Tadevsz Kantor, or Arianne Mnouchkine.",
THR,373,Directing: Composing Performance,1,"THR 250 Acting Process, THR 219 Creativity & Collaboration, THR 220 Stage Management I,or ENG 207 Introduction to Playwriting; or permission of the instructor",,"Concepts of Directing is an introduction to collective performance making with an emphasis on the role of the director. In a laboratory setting, we explore key concepts, including eventhood, media and techniques of composition, and collaborative process. Students will also read theories and philosophy of directing and practice critical skills through a variety of writing practices and group discussion of performance pieces.",
THR,403,Advanced Acting: Audition Workshop,1,,Any 300 level acting course.,"This course is designed to give the students as much audition experience as possible in a variety of audition structures. Our focus will be on the general audition, the audition with prepared sides, the cold-read, and the callback. Students will also have the opportunity to participate in more genre-specific auditions, including musical theatre, classical verse/Shakespeare, on-camera and more. We hope to bring in at least one agent and one casting director from New York to hold mock auditions and to share their expertise with us. We will examine audition preparation and etiquette, including questions about headshots and resumes. Please note: There will be minimal written work in this course, but students should plan to spend two to three hours per week researching and preparing their audition material.",
THR,407,Advanced Acting: Advanced Shakespeare Workshop,1,Any 300 level acting course.,,"Building upon techniques introduced in THR 350 , this course affords the upper-level acting student opportunities to do advanced performance training with classical verse. Focusing primarily on Shakespeare's histories and tragedies, as well as on verse texts by other English Renaissance playwrights, the course aims to deepen the student's psychophysical fluency with performing poetically intricate material. As with THR 350 , the course is organized around addressing increasingly complex demands of heightened language, beginning with approaches to speeches and soliloquies, and continuing into work on advanced metrical variation, artifice, linguistic patterns/patterns of thought and action, and heightened musicality. The course also considers feats of editing and adapting classical verse material for performance, as well as artistic and political interpretive considerations related to the contemporary reclamation and re-staging of classical European texts.",
THR,409,Advanced Acting: Solo Performance,1,Any 300 level acting course or THR 251 Acting II: Scene Study,,"Students will explore the world of solo performance and create their own performance pieces through creating, developing, and rehearsing within a focused process of personal discovery. Elements of movement, voice and monologue work, and ensemble activities will be incorporated to assist students in shaping their artistic voices and releasing their personal visions as writers, performers, and theatre-makers. The course will also examine forms of solo work, solo plays, and solo artists. All will be incorporated as actors seek out the stories waiting to be told within themselves and, in turn, explore the relationship, partnership, and possibilities that exist between story-teller and spectators within the theatrical space. The class will culminate with a public performance.",
THR,411,Methods of Performance in Healthcare Simulations,1,THR 250 Acting Process,,"This course introduces students to the world of standardized patient work within the healthcare system. By incorporating some of the techniques within Meisner training and Patsy Rodenburg's 2nd Circle approach, actors will engage with healthcare students as performers in standardized, real-life healthcare simulations (acting as patients, clients, and/or family members). Such work seeks to develop a partnership between healthcare providers and patients by building skills of communication, connection, and empathy. Actors will learn to be introspective and imaginative by developing patient character traits and behaviors for healthcare-related case studies. They will utilize their skills within simulated experiences and learn to be reflective observers of human behavior while also providing constructive feedback on communication and professional role behaviors of future healthcare professionals.",
THR,415,Scene Design II,1,THR 315 - Scene Design I.,,Advanced work in production conceptualization and a discussion of the design process in relation to the demands of period drama. Students will study the historical development of architecture and period décor and will work to hone drafting and rendering skills.,
THR,417,Lighting Design II,1,THR 317 - Lighting Design I.,,"Continuing study in the practice of lighting design for the stage with principal emphasis on aesthetics and interpretation, discussion of lighting as an art form, and its effect upon other aspects of theatre. Drafting as it relates to the completion of lighting plots and the associated paperwork will be taught. Class projects as well as concentrated involvement in actual productions will be required.",
THR,419,Costume Design II,1,THR 319 Costume Design I,,"Advanced work in costume design for performance. Using the costume designer's process of text analysis, research, concept creation, and visual presentation, students will explore design for both contemporary and period theatrical works, as well as design for dance. Students will also work to hone rendering and visual presentation skills. Students will view live and filmed performance and critique the contribution of the costumes' design to the piece through written and verbal responses.",
THR,421,Advanced Acting: Postrealism,1,Any 300 level acting course or THR 251 Acting II: Scene Study,,"This course affords the advanced acting student an opportunity to explore methods for rehearsing and performing 20th and 21st Century postrealist drama. Three major interrelated stylistic veins will be considered: 1. The Absurd, as exemplified by the work of Samuel Beckett; 2. Theatre of Cruelty/Theatre of Physical Metaphor, as constituted by the foundational work of Antonin Artaud and Jerzy Grotowski, and exemplified by others; and 3. Postmodern Interrogations of Meaning in Performance, as exemplified by the work of artists like Charles Mee and Goat Island. With a focus on the historical, philosophical, and aesthetic underpinnings of these avant garde styles, the course addresses the practical demands of performance as they relate both to the interpretation of material and to physical and vocal embodiment.",
THR,423,Advanced Acting: On-Camera Acting,1,Any 300 level acting course.,,"This upper level course is designed to introduce students to the skills required to work effectively on camera. Using material drawn from the professional world, students will work in a variety of on-camera genres that may include commercials, daytime, primetime (sitcom and drama), and film. Class time will be divided equally between shooting and viewing, and students are expected to engage critically with both their own work and their classmates. Analytical viewing assignments from each of the genres will be required.",
THR,460,Advanced Topics in Design,1,THR 219 - Creativity & Collaboration or permission of the instructor.,,This studio course explores specialized ideas or techniques in theatre design. Possible topics might include scene painting; moving lights technology.,
THR,490,CUE: Theatre,1,,,"The Theatre CUE project essay is an opportunity for students to reflect on their journeys within the department and their development as artists and thinkers over the past four years. It is their chance to demonstrate mastery within their concentration(s) and also an invitation to look forward, beyond the walls of Muhlenberg College to begin to envision how their training here will carry them to life beyond college.",
THR,900-959,Community Performance Ensemble,0.5,,,"Members of the Community Performance Ensembles in theatre and dance develop, rehearse, and tour programs (plays, dance performances, interactive dramatic pieces) for presentation at schools, community centers, and senior citizen residences. In addition to participation in the touring ensemble, students will be expected to submit a journal about their experience in mounting the production and touring to diverse audiences. May be repeated.",Audition required for participation.
THR,960,Theatre Internship,1,,,"An opportunity for students to serve internships with professional theatre companies. These internships will usually be in such areas as stage management, technical theatre areas, and theatre administration.",Acting internships are usually not available. Internships are available both in Allentown and at theatres outside the Lehigh Valley.
THR,970,Theatre Independent Study/Research,,,,Each independent study/research course is to be designed in consultation with a faculty sponsor.,
WAI,209,Discrete Mathematics for AI I,1,,,"The course provides an understanding of discrete mathematics for students studying Artificial Intelligence. The course emphasizes the strategic utility of these concepts in designing robust, verifiable, and logically sound AI and computational systems. Focusing on the practical applications within AI, topics will include propositional and predicate logic, set theory, an introduction to proof techniques, and basic combinatorics. Students will develop skills needed to understand, analyze, and design AI algorithms and systems.",
WAI,211,Data Structures & Algorithms for AI,1,,,"This course provides an understanding of data structures and algorithms for software development. Students will explore how data can be organized and manipulated to optimize program performance and solve computational problems. Topics covered include arrays, linked lists, stacks, queues, trees, hash tables, and sorting and searching algorithms. Emphasis will be placed on understanding the trade-offs between different data structures and algorithms in terms of time and space complexity, using Big O notation for analysis. Students will learn to select optimal structures based on real-world constraints and application requirements.",
WAI,224,"Responsible AI: Ethics, Policy & Society",1,,,"This course provides an examination of the moral, social, and legal implications of developing and deploying artificial intelligence systems. Students will analyze ethical frameworks and apply them to real-world AI challenges such as algorithmic bias, data privacy, accountability, and the impact of automation on employment and society. The course emphasizes responsible design and governance of AI technologies.",
WAI,226,AI & Machine Learning I,1,,,"This course provides an introduction to Artificial Intelligence (AI) and Machine Learning (ML). The course will cover fundamental concepts, core techniques, and practical applications. Topics will include an overview of AI history and its societal impact, supervised and unsupervised learning paradigms, machine learning algorithms, neural networks, and an introduction to data preprocessing and model evaluation. Emphasis is placed on framing machine learning problems within a strategic context, requiring students to connect model objectives to organizational goals and measurable impact.",
WAI,309,Discrete Mathematics for AI II,1,WAA 209 Discrete Mathematics for AI I,,"Building upon the concepts introduced in Discrete Mathematics for AI I, this course explores deeper into advanced topics relevant to Artificial Intelligence. The course will cover advanced proof techniques, recurrence relations, graph theory, and an introduction to discrete probability. Emphasis will be placed on applying these mathematical tools to analyze algorithm complexity, model network structures, and understanding probabilistic reasoning to solve complex strategic modeling problems in AI.",
WAI,326,AI & Machine Learning II,1,WAA 226 AI & Machine Learning I,,"This course builds upon the foundational concepts of AI and Machine Learning introduced in AI & Machine Learning I. It focuses on the theory and practical implementation of complex machine learning algorithms and specialized AI paradigms. Areas of study include an exploration of neural network architectures (e.g., Convolutional Neural Networks, Recurrent Neural Networks), advanced topics in deep learning, and an introduction to reinforcement learning. Emphasis is placed on implementation, model evaluation, and the end-to-end process of developing a sustainable ML solution from data acquisition to model validation and integration.",
WAI,330,Analytical Thinking & Decision Making,1,,,"This course equips future AI professionals with cognitive skills to analyze complex problems, evaluate information, and make sound, evidence-based decisions within artificial intelligence environments. Students will explore structured analytical techniques, critical reasoning, and methods for dealing with uncertainty and bias. A component of the course is dedicated to prompt engineering, teaching students how to formulate precise, effective prompts to maximize the utility and reliability of large language models (LLMs) and other generative AI tools for research, analysis, and strategic decision support.",
WAI,334,Neural Networks & Deep Learning,1,,,"This course provides an introduction to the fields of Neural Networks and Deep Learning. Building upon foundational machine learning concepts, students will explore the architecture, training, and application of various neural network models. Topics will include the Perceptron, multi-layer perceptrons (MLPs), backpropagation, convolutional neural networks (CNNs) for image processing, recurrent neural networks (RNNs) for sequential data, and an introduction to deep learning frameworks. Students will gain the skills to design, implement, and train deep learning models for a variety of real-world problems.",
WAI,340,Reinforcement Learning,1,,,"This course provides an introduction to Reinforcement Learning (RL), a machine learning technique where agents learn to make decisions by interacting with an environment. The course will cover fundamental algorithms and practical applications of RL. Topics will include Markov Decision Processes (MDPs), dynamic programming (policy iteration, value iteration), Monte Carlo methods, Temporal Difference (TD) learning (Q-learning, SARSA), and an introduction to policy gradient methods and deep reinforcement learning. Students will gain the practical skills to apply RL to problems such as game playing, robotics, and resource management.",
WAI,345,Applied Natural Language Processing,1,,,"This course explores the intersection of Natural Language Processing (NLP) and Multi-Agent Systems (MAS). The course is a project-based approach, focusing on two concurrent pillars: modern NLP techniques including deep learning architectures and the principles of agent-based computing, covering architectures, communication protocols, and multi-agent coordination frameworks. The goal is the design and implementation of intelligent, autonomous systems where agents communicate, negotiate, and collaborate using natural language, enabling advanced applications in conversational AI and distributed decision-making.",
WAI,350,AI Systems Design,1,,,"This course focuses on designing, developing, and deploying Artificial Intelligence (AI) systems. Students will learn how to integrate AI components, manage data pipelines, ensure model robustness, and address the operational challenges of bringing AI solutions to life. Topics will include defining AI system requirements, data collection and preprocessing strategies, model selection and deployment, Machine Learning Operation principles (MLOps) (monitoring, versioning, scaling), ensuring fairness, legal compliance, and considering the lifecycle of an AI product. Students will gain an understanding of how to design and implement reliable, scalable, legally compliant and ethical AI systems.",
WBA,203,Communication,1,,,"This module blends research, theory and practice in the art of effective team communication, presentation and facilitation skills, team dynamics, and written skills to create a dynamic contribution to the overall effectiveness of any organization. Each student comes to this course with expertise and experience; this module will reinforce individual strengths, identify areas of growth and set goals for development in the cohort as well as the workplace.",
WBA,204,Fundamentals of Marketing,1,,,"This module will provide students with a solid foundation of marketing principles. Real world examples will abound, and students will be required to draw from their own experiences to further develop effective and efficient methods for improved marketing opportunities. The core essentials of product, place, promotion, and price will reach higher levels when theory and experience is combined to produce new and innovative methods and procedures. Creativity and logic will be demonstrated as a winning combination to achieve profitability and knowledge attainment.",
WBA,205,Accounting for Managers,1,,,"This module is designed to help students use accounting information in the workplace. The course will not focus on rules of debits and credits nor the official preparation of accounting records like journals and ledgers; instead it will focus on understanding and use of financial information for planning business strategy. Decision making, evaluation of process improvements and performance, interpretation of corporate and annual reports, and recognition of internal control systems will be the materials presented in this module.",
WBA,207,Managing Organizations,1,,,"This module is designed to expand on the concepts presented and to understand why management is vital to the success of the organization. Students will better understand the functions and systems associated with sound management. Effectiveness and efficiency will be stressed, providing the venue for improving decision making skills and critical analysis. Students in this module will be required to choose an organization and, along with this organization, plan, organize, lead, and control a project that produces ""real"" results. This course will force students to have a complete understanding of managerial theory and apply this material in a practical and effective method.",
WBA,208,Managerial Economics,1,,,"Basic principles of economics at both the macro and micro levels will be explored. Topics of supply and demand, national income accounting, monetary and fiscal policies, business cycles, money and banking, interest rate determination, market structure, elasticity, international trade policy, and budget deficit are among the long list of topics discussed in this module. A high level of student interaction will be expected. The course is taught using practical materials that provide a better understanding and use of secondary data to make interpretations regarding future business environmental forecasts.",
WBA,209,Professional Business Writing,1,,,"This course focuses on effective writing techniques for professionals. Assignments include a business proposal, an employment letter, a memo, a performance evaluation, and interoffice correspondence. Since writing is a cumulative skill, an emphasis is placed on the revision process through online postings and in class peer feedback. Students learn to communicate professionally and succinctly using a variety of business formats.",
WBA,210,Introduction to Statistics for Business,1,,,"This course introduces the use of statistical methods and tools in evaluating research data for business applications. Students will be exposed to inference and data exploration using modern statistical software and spreadsheets. Students will also be familiar with the interpretation of results. Upon completion, students should be able to apply statistical problem solving to business. RStudio and Excel will be integral to studying these topics.",
WBA,211,"AI in Bus.: Strategies, Applications, & Ethics",1,,,"This course provides business students with a comprehensive understanding of artificial intelligence (AI) and its applications in various business contexts. The course covers foundational concepts, practical applications, ethical considerations, and future trends in AI. Students will learn knowledge and skills needed to leverage AI effectively in their future business endeavors, while also understanding its ethical implications and future trajectory.",
WBA,212,Consumer Behavior Analysis,1,,,"The object of this course is to study the behavioral processes involved in market exchanges between buyers and sellers. This module will enable students to understand the perceptual, cognitive and emotional processes of consumers. Topics include decision processes, social and cultural influences, information processing, and social and cultural issues in consumer behavior and marketing. The course will show how consumers make decisions and how motivation and emotion play a key role in the decision-making process.",
WBA,217,Data Mining & Structures I,1,,,"Data mining is the process of extracting useful information and knowledge from a set of data. This course introduces the concepts of data mining, including techniques, implementation and benefits. Data mining covers a wide range of techniques to detect actionable patterns in data and generate predictions.",
WBA,309,Human Behavior & Organization,1,,,"This is an introductory course on human behavior in the organizational setting. The focus of this module will encompass three levels of organizational behavior analysis: the individual, the group, and various modern organizational systems. There are two major goals: to provide students with a basic grounding in the most important principles in managing the human asset in organizations and to work to develop job relevant knowledge skills. The material covered will be applicable to a wide range of organizations and students should also find topic areas relevant to daily life.",
WBA,310,Information Systems,1,,,"Understanding information systems is central to managing in an information age. Approaches to studying information systems can be technical and managerial; we will cover technical aspects of information systems, and we will use a managerial frame of reference. This module will focus on how information systems are changing the way we work and the way business functions. Key issues that will be covered in this module include: strategic use of information, ethical issues related to information systems and information technology, technical issues relating to computers, software, databases, and networks, electronic commerce and information security.",
WBA,311,Operations & Quality,1,,,"In this module, students will focus on managing operations and quality, the problems operations managers face, and the approaches that operations managers use. Firms are realizing the tactical and strategic benefits that accrue by paying more attention to operations and quality. Students will become better acquainted with the operations function and the key issues that it faces. Discussions will include development of a better understanding of how quality issues relate to the process of producing goods and delivering services, and an understanding of some of the analytical methods and organizational processes firms use to manage operations and quality.",
WBA,312,Financial Analysis & Risk Management,1,,,"An introduction to basic financial concepts: valuation techniques, the relationship between risk and return, and the workings of U.S. capital markets. This module will enable students to broaden their financial knowledge by blending the concepts and applications to better understand the risks involved in the venture. Also, projects dealing with capital budgeting, financial statements and portfolio management will be presented. The understanding of materials covered in this module is an essential part of the business concentration and will aid in the completion of the capstone project.",
WBA,313,The Global Economy,1,,,"This module is about theory of international trade, balance of payment, global business, foreign exchange markets, regional economic integration, and markets. Students will have the opportunity to discuss several cases to understand the complexity of today's global economy. While the marketplace is growing and global competition is the norm, this module provides the opportunity for students to evaluate current situations and, with the inclusion of a global competitive presence, make sound financial investments for the future. This module requires that students observe the world around them and explain how local decisions affect the world.",
WBA,315,Social Responsibility,1,,,"This module will help students determine the right and wrong ways to behave towards others, the proper and improper actions to take regarding others and how to analyze and make fair or unfair decisions. Organizations, as social institutions, face complex ethical problems due to rapid economic changes and global competition. Students will explore best practices to handle situations where ethics might come under question.",
WBA,316,Predictive Statistics,1,,,This course will provide an understanding of how predictive analytics are used for decision making in different domains. Students will demonstrate an understanding of statistical methods used to obtain and evaluate forecasts and will become competent in handling data and converting it into useful information. Statistical models are implemented using modern statistical software and spreadsheets.,
WBA,317,Data Mining & Structures II,1,,,"Data Mining and Structures II provides an overview of data analysis and mining techniques for managing datasets. Students will use popular data mining techniques, including supervised learning (regressions and classification) and unsupervised learning (clustering and association rules analysis). This course will introduce students to modern programming software for data mining.",
WBA,330,International Marketing,1,,,"International Marketing is a comprehensive and dynamic course designed to provide students with a deep understanding of the concepts, strategies, and challenges involved in marketing products and services across international borders. In today's globalized business environment, companies must possess the knowledge and skills to navigate diverse cultures, economic systems, and market conditions. This course equips students with the necessary tools to develop effective international marketing strategies, enabling them to succeed in the competitive global marketplace.",
WBA,332,Advertising & Promotion,1,,,"This dynamic and comprehensive course in advertising and promotion strategies is designed to equip students with the knowledge and skills necessary to excel in the ever-evolving field of marketing communication. Participants will delve into the core principles and practices that drive successful advertising campaigns and promotional initiatives across various media channels. This course blends theoretical concepts with practical applications, providing students with hands-on experience and insights into the strategies that drive successful advertising and promotion campaigns.",
WBA,334,Research Methods in Marketing,1,,,"This course will provide you the skills needed to design market research studies, collect, and analyze data that is useful to managers in making decisions. Students will learn basic market research skills and are provided an opportunity to practice these skills. Topics of the course include: defining and clarifying the problem, identifying and using information sources, designing a questionnaire, collecting and analyzing the data, interpreting and presenting the data, and developing marketing strategies based on the findings.",
WBA,336,Marketing Strategy,1,,,"This course introduces important concepts in strategy formulation and implementation. Students will learn to develop marketing decisions while considering consumer behavior/buying patterns, marketing variables, and global marketing issues. Topics include: discussions of customer, competitor, and environmental analysis; market segmentation and targeting; competitive positioning; and implementation. The course also explores how marketing interacts with other levels of strategy and with other departments within the organization.",
WBA,416,Corporate Strategy,1,,,"Because of day-to-day crises and pressures, organizations often struggle to set aside time to create a common future and plan to attain it. This module provides an overview of the strategic visioning process as it applies to organizations. Included in this module will be working definitions of mission, vision, core values, philosophy, objectives and strategic plans. There will be discussion of the integration of planning and implementation so that the student will walk away with critical thinking and planning skills.",
WBA,417,Multidisciplinary Project (Capstone),1,,,"Utilizing their knowledge from the previous modules, students will create a case study from a selected organization. This case must uncover one main problem for the organization and provide viable and supported solutions to help create a better situation for the organization. The main part of this capstone is that each team presents a rich enough case that the reader will, with a fair amount of certainty, be provided with enough information to allow them the opportunity to solve the case using methods and techniques gained from business knowledge and experience.",
WCS,200,Introduction to Cybersecurity,1,,,"This course provides students with a foundational understanding of cybersecurity, covering key concepts and terminology, networking security, data classification, risk assessment, and the role of cybersecurity in protecting information system assets within organizations. Broader issues related to the relationship between IT and business stakeholders, ethical and legal principles, and non-technical protection measures will be covered. Both theory and application will be stressed by applying knowledge gained to realistic case studies. The course prepares the student with a foundation for more-detailed study in later modules of the program.",
WCS,201,Scripting Fundamentals for Cybersecurity,1,,,"This course is designed to introduce students in the cybersecurity concentration to the fundamentals of computer scripting. Through a series of modules, students will learn the importance and power of scripting in cybersecurity, develop logical thinking and problem-solving skills, understand algorithm development, work with basic data types and control structures, utilize regular expressions for textual analysis, implement input/output operations, explore simple cryptographic algorithms, and learn to identify and correct vulnerabilities in computer code. Programming languages covered in the course will be at the discretion of the instructor, focusing on languages relevant to cybersecurity tasks.",
WCS,202,Ethical & Legal Considerations in Cybersecurity,1,,,"This course explores the ethical and legal dimensions of cybersecurity within the context of business administration. Students will examine the ethical implications of cybersecurity decisions, understand legal frameworks and regulations, and develop an awareness of privacy, intellectual-property, and compliance issues. The course will cover topics such as ethical hacking, privacy laws, incident response ethics, and ethical leadership, to equip students with the knowledge and skills needed to navigate the complex ethical and legal landscape of cybersecurity.",
WCS,300,"Threats, Vulnerabilities & Social Engineering",1,,,"This course provides an in-depth exploration of the various threats and vulnerabilities present in modern information systems and networks, with a specific focus on social engineering techniques. Students will develop an understanding of the techniques used by attackers to exploit vulnerabilities and manipulate human behavior to gain unauthorized access to sensitive information. The course will cover both technical and human aspects of cybersecurity, enabling students to develop effective strategies for threat mitigation and protection of organizational assets.",
WCS,301,Technical Countermeasure & Risk Assessment,1,,,"This course focuses on the practical aspects of implementing technical countermeasures to mitigate cybersecurity risks. Students will gain a comprehensive understanding of various countermeasures and risk-assessment methodologies used to identify, assess, and mitigate vulnerabilities in information systems. The course will cover both theoretical concepts and hands-on exercises to enable students to develop practical skills in risk assessment and countermeasure implementation.",
WCS,302,Applied Cybersecurity & Crisis Management,1,,,"This course focuses on the practical application of cybersecurity principles and crisis management strategies within the context of business administration. Students will develop the knowledge and skills to effectively respond to cybersecurity incidents, manage crises, and mitigate organizational risks. The course will cover topics such as incident response planning, business continuity, disaster recovery, communication strategies, and ethical considerations, to prepare students for real-world cybersecurity challenges.",
WHC,301,The Healthcare Delivery System,1,,,"This course provides an overview of the healthcare delivery system in the U.S., specifically the interwoven relationships between providers (physicians, hospital systems, ancillary service providers, pharmaceutical companies, medical supply companies), payers/funding sources (traditional insurance companies, HMOs/PPOs, government payers) and regulatory agencies (e.g. CMS-the Centers for Medicare and Medicaid Services and State Departments of Health). Students will be provided with an historical perspective of the healthcare system and an understanding of some of the current environmental forces impacting managerial decision-making in healthcare organizations. These include changes in public policy and reimbursement models and the creation of large hospital-based networks that encompass multiple levels of care, from acute care to transitional care to outpatient and home-based services.",
WHC,302,Healthcare Human Resources & Policies,1,,,"Students will become familiar with all major areas of responsibility for Healthcare H.R. managers, such as management/ labor relations, collective bargaining, administration of a comprehensive employee compensation and benefits program, EOE compliance, Workmen's Compensation issues, creation of job descriptions and an effective employee performance appraisal system, and staff training/ development. Due to its paramount importance in today's healthcare industry, considerable attention will be given to the development of an effective recruitment/ retention program. Students will be exposed to some of the creative approaches being implemented by healthcare organizations to address shortages of nursing and other specialized care staff.",
WHC,303,Regulatory Compliance & Accreditation,1,,,"Healthcare is one of the most highly regulated industries in the United States. This course will introduce students to the fundamentals of quality management in health care and its application in today's competitive healthcare market. The role of federal and state governments in hospital oversight, policy, and protection of the health of citizens will be explored. Healthcare accreditation principles and their impact on operations will be examined, along with the organization and program infrastructure necessary for continuous regulatory and accreditation compliance. Additionally, students will be introduced to the operational role of managers/administrators in designing, implementing and overseeing systems to ensure compliance with state and federal laws, regulations and accreditation standards.",
WHC,328,Healthcare Law & Ethics,1,,,"Various legal and ethical issues related to managing a healthcare enterprise will be examined, including development and administration of organizational policy on Advance Directives, patient confidentiality (in compliance with HIPAA standards), and withholding of treatment. The wide realm of bioethical issues under debate by healthcare professionals and policy-makers will also be considered, such as physician-assisted suicide and palliative care versus life-sustaining treatment. The role of Ethics Committees in healthcare facilities will be discussed, as will the role of patient advocates/Ombudsmen and the establishment of institutional guidelines for resolution of patient grievances. The development of protocols for decisionmaking in regard to legal/ethical conflicts will also be covered. A case-study approach will be emphasized to help students fully understand the gravity of legal/ethical decision making by healthcare management teams.",
WHR,221,Foundations of HR Management,1,,,"A broad examination of the functions normally found in the HR organization: Compensation & Benefits, Employment Policies & Practices, EAP & Workplace Safety, Labor Relations, Training & Development, and Organizational Development. This course provides the student with a solid understanding of the traditional roles that the HR function traditionally performed and the trade-offs involved in balancing personnel costs between pay and benefits.",
WHR,223,Acquiring & Managing Talent,1,,,"Students will explore the area of acquiring talent, including recruitment strategies, talent sourcing, and selection methodologies. Students will gain insights into designing and implementing effective talent management programs that foster employee engagement, productivity, and long-term organizational success.",
WHR,308,HR Global Issues,1,,,"This module provides the foundation for understanding the diversity and global human resource practices in businesses and organizations today. It presents factors to consider with both a changing workforce and management of domestic and foreign enterprises. Students will develop their understanding of key issues in recruitment, selection, retention, training, safety, and labor and employee relations.",
WHR,309,Legal & Ethical Issues in HR,1,,,"This module provides the foundation for understanding employment laws and ethical dilemmas facing businesses and organizations today. It presents the key elements of the laws that govern human resources practices and policies and how human resources professionals use them to drive compliance. Additionally, this course offers an analysis of the common ethical dilemmas that human resources professionals face.",
WIS,201,Foundations of Information Systems,1,,,"This module is designed to introduce students to contemporary information systems and demonstrate how these systems are used throughout global organizations. The focus of this module will be on the key components of information systems: people, processes and technologies, and how these components can be integrated and managed to create competitive advantage. This module also provides an introduction to systems and development concepts, technologies and their acquisition, and various types of application software and architectures currently in use. In addition, the ethical and social implications of these components will be considered.",
WIS,202,Business Process Management,1,,,"This course explores the concepts, methodologies, and tools essential for the design, implementation, management, and improvement of business processes. Students will learn how to align processes with organizational goals, enhance efficiency, and drive continuous improvement through BPM practices.",
WIS,206,Information Systems Analysis & Design,1,,,"This module is an applied study of information systems analysis. The course covers a systematic methodology for analyzing a business problem or opportunity, determining what role, if any, computer-based technologies can play in addressing the business need, articulating business requirements for the technology solution, specifying alternative approaches to acquiring the technology capabilities needed to address the business requirements, and specifying the requirements for the information systems solution. Topics covered will include traditional and contemporary systems development lifecycles, including waterfall, object-oriented, and rapid methodologies. The role of the business analyst in scope definition, requirements analysis, and functional requirements documentation creation will be discussed. Students will learn about completing a system design using CASE tools.",
WIS,207,Programming Concepts I,1,,,"This course provides an introduction to fundamental programming concepts and techniques using Python. It covers basic programming constructs, problem-solving strategies, and the syntax and semantics of Python. Students will learn to design, write, and debug simple programs.",
WIS,212,Data Analytics & Business Intelligence,1,,,"Building on the transactional database understanding, the course provides an introduction to data and information management technologies that provide decision support capabilities under the broad business intelligence umbrella. Students will study how data drives business and strategic planning.",
WIS,214,IT Infrastructure,1,,,"This module provides an introduction to IT infrastructure. It covers topics related to both computer and systems architecture and communication networks, with an overall focus on the services and capabilities that IT infrastructure solutions enable in an organizational context. It gives students the knowledge and skills that they need for communicating effectively with professionals whose special focus is on hardware and systems software technology and for designing organizational processes and software solutions that require in-depth understanding of the IT infrastructure capabilities and limitations. It also prepares students for organizational roles that require interaction with external vendors of IT infrastructure components and solutions. The course focuses strongly on Internet-based solutions, computer and network security, business continuity, and the role of infrastructure in regulatory compliance.",
WIS,218,IS Project Management,1,,,"This module is an applied study of modern techniques and approaches to the management of IT projects: project planning, outsourcing versus in-house development, team formation and building, phases of project development, including roll-out, support, and retiring of projects. The role of the project manager and project management functions will be discussed in detail: business case development, cost justification, return on investment; management of IT projects through a geographically dispersed workforce, and the unique challenges to systems development. This module will give students exposure to the Project Management Institute (PMI) Knowledge Areas and lay a foundation for students to consider taking the Project Management Professional (PMP) exam.",
WIS,220,IT Security & Risk Management,1,,,"This module provides an introduction to the fundamental principles and topics of Information Technology Security and Risk Management at the organizational level. Students will learn critical security principles that enable them to plan, develop, and perform security tasks. This module will introduce the student to understanding, managing, and controlling organizational risks associated with the implementation and use of IT solutions including protection of data and IT infrastructure from various security threats. The course will address hardware, software, processes, communications, applications, and policies and procedures with respect to organizational IT Security and Risk Management.",
WIS,221,Enterprise Architecture,1,,,"This module explores the design, selection, implementation, and management of enterprise IT solutions. The focus is on applications and infrastructures and their fit with the business. Students learn frameworks and strategies for infrastructure management, system administration, data/information architecture, content management, distributed computing, middleware, legacy system integration, system consolidation, software selection, total cost of ownership calculation, IT investment analysis, and emerging technologies. These topics are addressed both within and beyond the organization, with attention paid to managing risk and security within audit and compliance standards. Students also hone their ability to communicate technology architecture strategies concisely to a general business audience.",
WIS,230,Ethical Implications of Information Systems,1,,,"This course explores the ethical, legal, and social implications of information systems in contemporary society. It provides a framework for understanding the moral responsibilities of individuals and organizations in the development and use of information technology.",
WIS,307,Programming Concepts II,1,,,"Building upon the foundational concepts introduced in Programming Concepts I, this course delves deeper into intermediate programming concepts and techniques using Python. Students will explore advanced data structures, algorithmic problem-solving, object-oriented programming principles, and software development methodologies, further enhancing their programming skills and preparing them for more complex programming challenges.",
WIS,307,Programming Concepts II,1,WIS 207 Programming Concepts I,,"Building upon the foundational concepts introduced in Programming Concepts I, this course delves deeper into intermediate programming concepts and techniques using Python. Students will explore advanced data structures, algorithmic problem-solving, object-oriented programming principles, and software development methodologies, further enhancing their programming skills and preparing them for more complex programming challenges.",
WIS,309,Data & Information Management,1,,,"This module provides the students with an introduction to the core concepts in data and information management. It is centered around the core skills of identifying organizational information requirements, modeling them using conceptual data modeling techniques, converting the conceptual data models into relational data models and verifying its structural characteristics with normalization techniques, and implementing and utilizing a relational database using an industrial-strength database management system. The course will also include coverage of basic database administration tasks and key concepts of data quality and data security. In addition to developing database applications, the course helps students understand how large-scale packaged systems are highly dependent on the use of DBMSs.",
WIS,315,Information Systems Strategy & Finance,1,,,"This course provides an overview of the intersection between information systems strategy and finance within organizations. Students will explore how strategic decisions about information systems can impact financial performance and vice versa. Topics covered include aligning IT strategy with business objectives, evaluating IT investments, managing IT costs, and leveraging financial analysis techniques for IT decision-making.",
WPM,101,Project Management Theory and Practice,0,,,"This course provides the foundational management principles and theory of project management. Students will learn the fundamentals of project management, including project definition, project selection, project planning, estimating, scheduling, resource allocation, stakeholder management, risk management and project control. Students will apply the learned principles and theories to case studies and simulations, and will actively participate in a culminating project.",
WPM,102,Project Management Theory and Practice,1,,,"This course provides the foundational management principles and theory of project management. Students will learn the fundamentals of project management, including project definition, project selection, project planning, estimating, scheduling, resource allocation, stakeholder management, risk management and project control. Cultural protocols will be considered in the development of projects. Students will apply the learned principles and theories to case studies and simulations, and will actively participate in a culminating project.",
WPM,201,Managing Relationships with a Fully Automated and Integrated System,0,,,"The goal of the course is exposure to a fully automated and integrated stakeholder, vendor management, and procurement (SVP) system. A large percentage of a project manager's job is spent communicating with both internal and external relationships, including all internal stakeholders, vendor management, and procurement. Students will trace the changing nature of how these relationships have been influenced by the technology available and how decision-making has been impacted by increased speed and efficiency and the identification of risk in the supply chain. Students will investigate the ways social enterprises engage with larger corporations, including corporate social responsibility (CSR) organizations. New insights from Big Data will be explored, as well as the use of machine learning/automated intelligence to continuously enhance and aggregate data and to improve the flow of information to all SVP parties. Vendor aggregation, negotiation tactics, savings, efficiency/compliance expansion of stakeholders, changes in procurement practices, and procurement key performance indicators (KPIs) will also be explored.",
WPM,202,Managing Relationships with a Fully Automated & Integrated System,1,,,"The goal of the course is exposure to a fully automated and integrated stakeholder, vendor management, and procurement (SVP) system. A large percentage of a project manager's job is spent communicating with both internal and external relationships, including all internal stakeholders, vendor management, and procurement. This course provides a student with practices in ethical decision making throughout the SVP process. Students will trace the changing nature of how these relationships have been influenced by the technology available and how decision-making has been impacted by increased speed and efficiency and the identification of risk in the supply chain. Students will investigate the ways social enterprises engage with larger corporations, including corporate social responsibility (CSR) organizations. New insights from Big Data will be explored, as well as the use of machine learning/automated intelligence to continuously enhance and aggregate data and to improve the flow of information to all SVP parties. Vendor aggregation, negotiation tactics, savings, efficiency/compliance expansion of stakeholders, changes in procurement practices, and procurement key performance indicators (KPIs) will also be explored.",
WPM,203,Earned Value/Budgeting,0,,,"The goal of this course is to help students learn the methods used to financially plan and account for a project, how to determine the value of the project at any point in time, and how to create a budget for any project. It is crucial for an organization to know the economic value of the projects it pursues and the effect that value has on the bottom line of the organization. Once underway, the value the project has created for the organization and the remaining financial obligation the organization has to the project are necessary elements for financial planning.",
WPM,204,Earned Value/Budgeting,1,,,"The goal of this course is to help students learn the methods used to financially plan and account for a project, how to determine the value of the project at any point in time, how to create a budget for any project, and understand ethics with regards to GAAP reporting and transparency within project financial statements. It is crucial for an organization to know the economic value of the projects it pursues and the effect that value has on the bottom line of the organization. Once underway, the value the project has created for the organization and the remaining financial obligation the organization has to the project are necessary elements for financial planning.",
WPM,205,The Project Management Office (PMO),0,,,"The purpose of this course is to give students an appreciation for functioning successfully within and under the auspices of a PMO. The PMO is an integral part of an organization's strategic management team. In this course, students will examine what it means to work under a PMO and how to manage a PMO, and will navigate through the activities under a PMO's purview. Specific focus will be on assigning projects; understanding expectations from project managers; analyzing performance metrics to apply effective decision making; recognizing risk to deduce the ratio of impacts; communicating with all levels of the organization for successful project interactions and change management; and extrapolating critical measures to gain project savings. The challenges of program and portfolio management will be explored as well.",
WPM,301,Assessing Risks in Project Management,1,,,"This course provides various ways to identify, analyze, and mitigate the full range of project risks. Topics include risk management planning, risk identification, qualitative risk analysis, quantitative risk analysis, risk response planning, as well as risk monitoring and control. Students will recognize that a project is socially and environmentally sustainable and understand the organization's culture and processes, both inside the firm and throughout the value chain. Upon completion, students should be able to demonstrate knowledge of risk management processes and application of risk management techniques to case study problems.",
WPM,401,The Project Management Office,1,,,"The purpose of this course is to give students an appreciation for functioning successfully within and under the auspices of a PMO. The PMO is an integral part of an organization's strategic management team. In this course, students will examine what it means to work under a PMO and how to manage a PMO, and will navigate through the activities under a PMO's purview. Specific focus will be on assigning projects; understanding expectations from project managers; analyzing performance metrics to apply effective decision making; recognizing risk to deduce the ratio of impacts; communicating with all levels of the organization for successful project interactions and change management; and extrapolating critical measures to gain project savings. The challenges of program and portfolio management will be explored as well.",
WSC,300,Overview of Supply Chain Management,1,,,Supply chain management is a process based approach of providing value to the customer at a competitive price. Its focus extends beyond the traditional boundaries of the organization and is dedicated to efficiency and quality in all operations. Issues of risk and sustainability will be explored. Rigorous cost control employing lean techniques is a common tool. Successful management of the supply chain requires a robust information system(s). This course provides an overview of all the activities that comprise the supply chain and why they need to be looked at as a series of linked activities in a process,
WSC,301,Global Supply Chain Strategies,1,,,"This course provides an overview of global supply chain management focusing on strategic approaches that enhance competitiveness and sustainability in a global environment. Students will explore key concepts, frameworks, and tools for optimizing supply chains including risk management, technology integration, and sustainability practices. Students will develop a strategic mindset essential for navigating global supply chains.",
WSC,302,Supplier Relationship Management,1,,,"This course provides an exploration of Supplier Relationship Management (SRM), focusing on the strategic importance of managing supplier relationships in the supply chain. Students will learn how to cultivate and maintain strong partnerships with suppliers, understand the dynamics of collaboration, and develop strategies for negotiation and conflict resolution. This course will equip students with the skills needed to optimize supplier performance, drive innovation, and enhance overall supply chain efficiency.",
WSC,333,Logistics & Distribution Management,1,,,"Logistics and distribution management is concerned with efficiently moving raw materials into the facility from suppliers, the movement of materials during the conversion cycle, and finally moving finished goods to customers. The importance of information systems will be emphasized and examples of current best practices will be explored. Topics such as the role of the U.S. Department of Transportation and import/export documentation and duty will be examined.",
WSH,950,Special Topics for the Washington Seminar,1,,,"The course will vary considerably from semester to semester and will utilize the variety of interests and specialties of the consortium faculties. The topic for the semester will be announced in advance. Visits to offices and agencies will be included as will meetings with officials and experts in Washington. Some examples of special topic courses are Public Relations Seminar, Violence and Values, Photojournalism, and Controversy & the Supreme Court.",
WSH,960,Washington Semester Internship,2,,,"Each student will serve 25 to 30 hours each week in an internship in an office or agency in Washington, usually in a field related to the student's major. A formal written report will be submitted to the Muhlenberg supervising faculty member at the conclusion of the internship. Pass/fail only, except for students enrolled in a practicum where letter grades A through F are assigned.",
WST,202,Topics in Women's and Gender Studies,1,One course included in the WST list of classes or permission of the instructor.,,"Engages the foundational and vigorously debated ideas within women's studies, gender studies, and feminist thought. The scope of the class encompasses women's studies, feminisms, sexuality studies, masculinity studies, and lesbian and queer studies within their historical contexts. The course explores what is at stake in the constructions of femaleness and maleness. The readings are interdisciplinary and cover gender and women's studies theories from the nineteenth century to the present. Special attention will be given to the connections among gender, race (including Black Feminism and whiteness), ethnicity, and socioeconomic class. We explore how gender functions as an organizing system of power, privilege, and oppression and intersects with other identity markers. Our readings will be grounded in objects of inquiry such as bodies, modes of artistic representation, the state, and health and science. Professors from such diverse disciplines as Africana Studies, Art, History, Philosophy, Political Science, Psychology, Sociology, and Theatre teach the class. Students considering the WST Minor should take soon after taking a first Women's and Gender Studies course. This is an introductory course, designed for first and second year students.",
WST,960,Women's and Gender Studies Internship,1,,,"Supervised work and/or community service, arranged in consultation with the Director of Women's and Gender Studies.",
WST,970,Women's and Gender Studies Independent Study/Research,,,,Each independent study/research course is to be designed in consultation with a faculty sponsor.,